[0m14:05:33.610075 [debug] [MainThread]: Sending event: {'category': 'dbt', 'action': 'invocation', 'label': 'start', 'context': [<snowplow_tracker.self_describing_json.SelfDescribingJson object at 0x102b14ec0>, <snowplow_tracker.self_describing_json.SelfDescribingJson object at 0x104987d90>, <snowplow_tracker.self_describing_json.SelfDescribingJson object at 0x104987ed0>]}


============================== 14:05:33.613382 | 813b463d-b6ac-4bfb-840b-67469daee951 ==============================
[0m14:05:33.613382 [info ] [MainThread]: Running with dbt=1.8.0
[0m14:05:33.613789 [debug] [MainThread]: running dbt with arguments {'printer_width': '80', 'indirect_selection': 'eager', 'log_cache_events': 'False', 'write_json': 'True', 'partial_parse': 'True', 'cache_selected_only': 'False', 'warn_error': 'None', 'version_check': 'True', 'profiles_dir': '/Users/thameralotaibi/.dbt', 'log_path': '/Users/thameralotaibi/Documents/de-sprint-2026/UrbanMove_dbt_project/logs', 'debug': 'False', 'fail_fast': 'False', 'use_colors': 'True', 'use_experimental_parser': 'False', 'no_print': 'None', 'quiet': 'False', 'log_format': 'default', 'invocation_command': 'dbt debug', 'warn_error_options': 'WarnErrorOptions(include=[], exclude=[])', 'introspect': 'True', 'target_path': 'None', 'static_parser': 'True', 'send_anonymous_usage_stats': 'True'}
[0m14:05:33.622646 [info ] [MainThread]: dbt version: 1.8.0
[0m14:05:33.622832 [info ] [MainThread]: python version: 3.13.7
[0m14:05:33.622924 [info ] [MainThread]: python path: /Users/thameralotaibi/Documents/de-sprint-2026/venv/bin/python3.13
[0m14:05:33.623004 [info ] [MainThread]: os info: macOS-15.3-arm64-arm-64bit-Mach-O
[0m14:05:33.660622 [info ] [MainThread]: Using profiles dir at /Users/thameralotaibi/.dbt
[0m14:05:33.660816 [info ] [MainThread]: Using profiles.yml file at /Users/thameralotaibi/.dbt/profiles.yml
[0m14:05:33.660910 [info ] [MainThread]: Using dbt_project.yml file at /Users/thameralotaibi/Documents/de-sprint-2026/UrbanMove_dbt_project/dbt_project.yml
[0m14:05:33.661172 [info ] [MainThread]: adapter type: postgres
[0m14:05:33.661355 [info ] [MainThread]: adapter version: 1.8.0
[0m14:05:33.723092 [info ] [MainThread]: Configuration:
[0m14:05:33.723312 [info ] [MainThread]:   profiles.yml file [[32mOK found and valid[0m]
[0m14:05:33.723411 [info ] [MainThread]:   dbt_project.yml file [[32mOK found and valid[0m]
[0m14:05:33.723492 [info ] [MainThread]: Required dependencies:
[0m14:05:33.723764 [debug] [MainThread]: Executing "git --help"
[0m14:05:33.749474 [debug] [MainThread]: STDOUT: "b"usage: git [-v | --version] [-h | --help] [-C <path>] [-c <name>=<value>]\n           [--exec-path[=<path>]] [--html-path] [--man-path] [--info-path]\n           [-p | --paginate | -P | --no-pager] [--no-replace-objects] [--bare]\n           [--git-dir=<path>] [--work-tree=<path>] [--namespace=<name>]\n           [--super-prefix=<path>] [--config-env=<name>=<envvar>]\n           <command> [<args>]\n\nThese are common Git commands used in various situations:\n\nstart a working area (see also: git help tutorial)\n   clone     Clone a repository into a new directory\n   init      Create an empty Git repository or reinitialize an existing one\n\nwork on the current change (see also: git help everyday)\n   add       Add file contents to the index\n   mv        Move or rename a file, a directory, or a symlink\n   restore   Restore working tree files\n   rm        Remove files from the working tree and from the index\n\nexamine the history and state (see also: git help revisions)\n   bisect    Use binary search to find the commit that introduced a bug\n   diff      Show changes between commits, commit and working tree, etc\n   grep      Print lines matching a pattern\n   log       Show commit logs\n   show      Show various types of objects\n   status    Show the working tree status\n\ngrow, mark and tweak your common history\n   branch    List, create, or delete branches\n   commit    Record changes to the repository\n   merge     Join two or more development histories together\n   rebase    Reapply commits on top of another base tip\n   reset     Reset current HEAD to the specified state\n   switch    Switch branches\n   tag       Create, list, delete or verify a tag object signed with GPG\n\ncollaborate (see also: git help workflows)\n   fetch     Download objects and refs from another repository\n   pull      Fetch from and integrate with another repository or a local branch\n   push      Update remote refs along with associated objects\n\n'git help -a' and 'git help -g' list available subcommands and some\nconcept guides. See 'git help <command>' or 'git help <concept>'\nto read about a specific subcommand or concept.\nSee 'git help git' for an overview of the system.\n""
[0m14:05:33.750096 [debug] [MainThread]: STDERR: "b''"
[0m14:05:33.750299 [info ] [MainThread]:  - git [[32mOK found[0m]

[0m14:05:33.750417 [info ] [MainThread]: Connection:
[0m14:05:33.750819 [info ] [MainThread]:   host: localhost
[0m14:05:33.751064 [info ] [MainThread]:   port: 5432
[0m14:05:33.751685 [info ] [MainThread]:   user: urbanmove
[0m14:05:33.751984 [info ] [MainThread]:   database: taxi_db
[0m14:05:33.752179 [info ] [MainThread]:   schema: dbt_dev
[0m14:05:33.752437 [info ] [MainThread]:   connect_timeout: 10
[0m14:05:33.752740 [info ] [MainThread]:   role: None
[0m14:05:33.753022 [info ] [MainThread]:   search_path: None
[0m14:05:33.753259 [info ] [MainThread]:   keepalives_idle: 0
[0m14:05:33.753443 [info ] [MainThread]:   sslmode: None
[0m14:05:33.753619 [info ] [MainThread]:   sslcert: None
[0m14:05:33.753735 [info ] [MainThread]:   sslkey: None
[0m14:05:33.753828 [info ] [MainThread]:   sslrootcert: None
[0m14:05:33.753899 [info ] [MainThread]:   application_name: dbt
[0m14:05:33.754009 [info ] [MainThread]:   retries: 1
[0m14:05:33.754308 [info ] [MainThread]: Registered adapter: postgres=1.8.0
[0m14:05:33.868852 [debug] [MainThread]: Acquiring new postgres connection 'debug'
[0m14:05:33.914029 [debug] [MainThread]: Using postgres connection "debug"
[0m14:05:33.914214 [debug] [MainThread]: On debug: select 1 as id
[0m14:05:33.914319 [debug] [MainThread]: Opening a new connection, currently in state init
[0m14:05:33.941586 [debug] [MainThread]: Postgres adapter: Got a retryable error when attempting to open a postgres connection.
1 attempts remaining. Retrying in 0 seconds.
Error:
connection to server at "localhost" (::1), port 5432 failed: FATAL:  password authentication failed for user "urbanmove"

[0m14:05:33.950596 [debug] [MainThread]: Postgres adapter: Error running SQL: select 1 as id
[0m14:05:33.951025 [debug] [MainThread]: Postgres adapter: Rolling back transaction.
[0m14:05:33.951322 [debug] [MainThread]: On debug: No close available on handle
[0m14:05:33.951747 [info ] [MainThread]:   Connection test: [[31mERROR[0m]

[0m14:05:33.952000 [info ] [MainThread]: [31m1 check failed:[0m
[0m14:05:33.952254 [info ] [MainThread]: dbt was unable to connect to the specified database.
The database returned the following error:

  >Database Error
  connection to server at "localhost" (::1), port 5432 failed: FATAL:  password authentication failed for user "urbanmove"
  

Check your database credentials and try again. For more information, visit:
https://docs.getdbt.com/docs/configure-your-profile


[0m14:05:33.968465 [debug] [MainThread]: Resource report: {"command_name": "debug", "command_wall_clock_time": 0.3967245, "process_user_time": 0.61128, "process_kernel_time": 0.285144, "process_mem_max_rss": "124420096", "command_success": false, "process_in_blocks": "0", "process_out_blocks": "0"}
[0m14:05:33.969800 [debug] [MainThread]: Command `dbt debug` failed at 14:05:33.968931 after 0.40 seconds
[0m14:05:33.970005 [debug] [MainThread]: Connection 'debug' was properly closed.
[0m14:05:33.970149 [debug] [MainThread]: Sending event: {'category': 'dbt', 'action': 'invocation', 'label': 'end', 'context': [<snowplow_tracker.self_describing_json.SelfDescribingJson object at 0x105be9220>, <snowplow_tracker.self_describing_json.SelfDescribingJson object at 0x10591a330>, <snowplow_tracker.self_describing_json.SelfDescribingJson object at 0x1051a6580>]}
[0m14:05:33.970319 [debug] [MainThread]: Flushing usage events
[0m14:06:39.841537 [debug] [MainThread]: Sending event: {'category': 'dbt', 'action': 'invocation', 'label': 'start', 'context': [<snowplow_tracker.self_describing_json.SelfDescribingJson object at 0x102aa4ec0>, <snowplow_tracker.self_describing_json.SelfDescribingJson object at 0x104913d90>, <snowplow_tracker.self_describing_json.SelfDescribingJson object at 0x104913ed0>]}


============================== 14:06:39.843871 | 8cf6a28a-7b7e-4246-b115-b2fc4a3f21e5 ==============================
[0m14:06:39.843871 [info ] [MainThread]: Running with dbt=1.8.0
[0m14:06:39.844132 [debug] [MainThread]: running dbt with arguments {'printer_width': '80', 'indirect_selection': 'eager', 'write_json': 'True', 'log_cache_events': 'False', 'partial_parse': 'True', 'cache_selected_only': 'False', 'profiles_dir': '/Users/thameralotaibi/.dbt', 'fail_fast': 'False', 'warn_error': 'None', 'log_path': '/Users/thameralotaibi/Documents/de-sprint-2026/UrbanMove_dbt_project/logs', 'debug': 'False', 'version_check': 'True', 'use_colors': 'True', 'use_experimental_parser': 'False', 'no_print': 'None', 'quiet': 'False', 'warn_error_options': 'WarnErrorOptions(include=[], exclude=[])', 'invocation_command': 'dbt debug', 'introspect': 'True', 'static_parser': 'True', 'target_path': 'None', 'log_format': 'default', 'send_anonymous_usage_stats': 'True'}
[0m14:06:39.850778 [info ] [MainThread]: dbt version: 1.8.0
[0m14:06:39.850939 [info ] [MainThread]: python version: 3.13.7
[0m14:06:39.851031 [info ] [MainThread]: python path: /Users/thameralotaibi/Documents/de-sprint-2026/venv/bin/python3.13
[0m14:06:39.851111 [info ] [MainThread]: os info: macOS-15.3-arm64-arm-64bit-Mach-O
[0m14:06:39.884495 [info ] [MainThread]: Using profiles dir at /Users/thameralotaibi/.dbt
[0m14:06:39.884678 [info ] [MainThread]: Using profiles.yml file at /Users/thameralotaibi/.dbt/profiles.yml
[0m14:06:39.884776 [info ] [MainThread]: Using dbt_project.yml file at /Users/thameralotaibi/Documents/de-sprint-2026/UrbanMove_dbt_project/dbt_project.yml
[0m14:06:39.884996 [info ] [MainThread]: adapter type: postgres
[0m14:06:39.885084 [info ] [MainThread]: adapter version: 1.8.0
[0m14:06:39.914094 [info ] [MainThread]: Configuration:
[0m14:06:39.914292 [info ] [MainThread]:   profiles.yml file [[32mOK found and valid[0m]
[0m14:06:39.914387 [info ] [MainThread]:   dbt_project.yml file [[32mOK found and valid[0m]
[0m14:06:39.914472 [info ] [MainThread]: Required dependencies:
[0m14:06:39.914599 [debug] [MainThread]: Executing "git --help"
[0m14:06:39.929580 [debug] [MainThread]: STDOUT: "b"usage: git [-v | --version] [-h | --help] [-C <path>] [-c <name>=<value>]\n           [--exec-path[=<path>]] [--html-path] [--man-path] [--info-path]\n           [-p | --paginate | -P | --no-pager] [--no-replace-objects] [--bare]\n           [--git-dir=<path>] [--work-tree=<path>] [--namespace=<name>]\n           [--super-prefix=<path>] [--config-env=<name>=<envvar>]\n           <command> [<args>]\n\nThese are common Git commands used in various situations:\n\nstart a working area (see also: git help tutorial)\n   clone     Clone a repository into a new directory\n   init      Create an empty Git repository or reinitialize an existing one\n\nwork on the current change (see also: git help everyday)\n   add       Add file contents to the index\n   mv        Move or rename a file, a directory, or a symlink\n   restore   Restore working tree files\n   rm        Remove files from the working tree and from the index\n\nexamine the history and state (see also: git help revisions)\n   bisect    Use binary search to find the commit that introduced a bug\n   diff      Show changes between commits, commit and working tree, etc\n   grep      Print lines matching a pattern\n   log       Show commit logs\n   show      Show various types of objects\n   status    Show the working tree status\n\ngrow, mark and tweak your common history\n   branch    List, create, or delete branches\n   commit    Record changes to the repository\n   merge     Join two or more development histories together\n   rebase    Reapply commits on top of another base tip\n   reset     Reset current HEAD to the specified state\n   switch    Switch branches\n   tag       Create, list, delete or verify a tag object signed with GPG\n\ncollaborate (see also: git help workflows)\n   fetch     Download objects and refs from another repository\n   pull      Fetch from and integrate with another repository or a local branch\n   push      Update remote refs along with associated objects\n\n'git help -a' and 'git help -g' list available subcommands and some\nconcept guides. See 'git help <command>' or 'git help <concept>'\nto read about a specific subcommand or concept.\nSee 'git help git' for an overview of the system.\n""
[0m14:06:39.929989 [debug] [MainThread]: STDERR: "b''"
[0m14:06:39.930123 [info ] [MainThread]:  - git [[32mOK found[0m]

[0m14:06:39.930228 [info ] [MainThread]: Connection:
[0m14:06:39.930349 [info ] [MainThread]:   host: localhost
[0m14:06:39.930436 [info ] [MainThread]:   port: 5432
[0m14:06:39.930512 [info ] [MainThread]:   user: urbanmove
[0m14:06:39.930586 [info ] [MainThread]:   database: taxi_db
[0m14:06:39.930662 [info ] [MainThread]:   schema: dbt_dev
[0m14:06:39.930738 [info ] [MainThread]:   connect_timeout: 10
[0m14:06:39.930815 [info ] [MainThread]:   role: None
[0m14:06:39.930887 [info ] [MainThread]:   search_path: None
[0m14:06:39.930960 [info ] [MainThread]:   keepalives_idle: 0
[0m14:06:39.931032 [info ] [MainThread]:   sslmode: None
[0m14:06:39.931103 [info ] [MainThread]:   sslcert: None
[0m14:06:39.931172 [info ] [MainThread]:   sslkey: None
[0m14:06:39.931243 [info ] [MainThread]:   sslrootcert: None
[0m14:06:39.931316 [info ] [MainThread]:   application_name: dbt
[0m14:06:39.931384 [info ] [MainThread]:   retries: 1
[0m14:06:39.931644 [info ] [MainThread]: Registered adapter: postgres=1.8.0
[0m14:06:39.970463 [debug] [MainThread]: Acquiring new postgres connection 'debug'
[0m14:06:39.992856 [debug] [MainThread]: Using postgres connection "debug"
[0m14:06:39.993048 [debug] [MainThread]: On debug: select 1 as id
[0m14:06:39.993150 [debug] [MainThread]: Opening a new connection, currently in state init
[0m14:06:40.020340 [debug] [MainThread]: SQL status: SELECT 1 in 0.027 seconds
[0m14:06:40.020773 [debug] [MainThread]: On debug: Close
[0m14:06:40.020895 [info ] [MainThread]:   Connection test: [[32mOK connection ok[0m]

[0m14:06:40.021003 [info ] [MainThread]: [32mAll checks passed![0m
[0m14:06:40.022479 [debug] [MainThread]: Resource report: {"command_name": "debug", "command_success": true, "command_wall_clock_time": 0.20738795, "process_user_time": 0.51495, "process_kernel_time": 0.134255, "process_mem_max_rss": "119275520", "process_in_blocks": "0", "process_out_blocks": "0"}
[0m14:06:40.022660 [debug] [MainThread]: Command `dbt debug` succeeded at 14:06:40.022613 after 0.21 seconds
[0m14:06:40.022771 [debug] [MainThread]: Connection 'debug' was properly closed.
[0m14:06:40.022892 [debug] [MainThread]: Sending event: {'category': 'dbt', 'action': 'invocation', 'label': 'end', 'context': [<snowplow_tracker.self_describing_json.SelfDescribingJson object at 0x105a05350>, <snowplow_tracker.self_describing_json.SelfDescribingJson object at 0x10573ab10>, <snowplow_tracker.self_describing_json.SelfDescribingJson object at 0x10512e7a0>]}
[0m14:06:40.023039 [debug] [MainThread]: Flushing usage events
[0m16:10:20.471792 [debug] [MainThread]: Sending event: {'category': 'dbt', 'action': 'invocation', 'label': 'start', 'context': [<snowplow_tracker.self_describing_json.SelfDescribingJson object at 0x1052bcec0>, <snowplow_tracker.self_describing_json.SelfDescribingJson object at 0x1070f3d90>, <snowplow_tracker.self_describing_json.SelfDescribingJson object at 0x1070f3ed0>]}


============================== 16:10:20.474082 | 556844ef-ff53-458b-92f7-53b8c88cabb0 ==============================
[0m16:10:20.474082 [info ] [MainThread]: Running with dbt=1.8.0
[0m16:10:20.474309 [debug] [MainThread]: running dbt with arguments {'printer_width': '80', 'indirect_selection': 'eager', 'write_json': 'True', 'log_cache_events': 'False', 'partial_parse': 'True', 'cache_selected_only': 'False', 'profiles_dir': '/Users/thameralotaibi/.dbt', 'debug': 'False', 'warn_error': 'None', 'log_path': '/Users/thameralotaibi/Documents/de-sprint-2026/UrbanMove_dbt_project/logs', 'fail_fast': 'False', 'version_check': 'True', 'use_colors': 'True', 'use_experimental_parser': 'False', 'no_print': 'None', 'quiet': 'False', 'log_format': 'default', 'static_parser': 'True', 'invocation_command': 'dbt deps', 'introspect': 'True', 'target_path': 'None', 'warn_error_options': 'WarnErrorOptions(include=[], exclude=[])', 'send_anonymous_usage_stats': 'True'}
[0m16:10:20.516245 [debug] [MainThread]: Sending event: {'category': 'dbt', 'action': 'project_id', 'label': '556844ef-ff53-458b-92f7-53b8c88cabb0', 'context': [<snowplow_tracker.self_describing_json.SelfDescribingJson object at 0x1060b8510>]}
[0m16:10:20.525326 [debug] [MainThread]: Set downloads directory='/var/folders/sp/582728zj6ls4m33gxkb1tkmr0000gn/T/dbt-downloads-vhgmvx33'
[0m16:10:20.525530 [debug] [MainThread]: Making package index registry request: GET https://hub.getdbt.com/api/v1/index.json
[0m16:10:22.664692 [debug] [MainThread]: Response from registry index: GET https://hub.getdbt.com/api/v1/index.json 200
[0m16:10:22.668602 [debug] [MainThread]: Making package registry request: GET https://hub.getdbt.com/api/v1/dbt-labs/dbt_utils.json
[0m16:10:22.918430 [debug] [MainThread]: Response from registry: GET https://hub.getdbt.com/api/v1/dbt-labs/dbt_utils.json 200
[0m16:10:22.934067 [info ] [MainThread]: Updating lock file in file path: /Users/thameralotaibi/Documents/de-sprint-2026/UrbanMove_dbt_project/package-lock.yml
[0m16:10:22.935852 [debug] [MainThread]: Set downloads directory='/var/folders/sp/582728zj6ls4m33gxkb1tkmr0000gn/T/dbt-downloads-if_j6t73'
[0m16:10:22.937351 [info ] [MainThread]: Installing dbt-labs/dbt_utils
[0m16:10:23.793980 [info ] [MainThread]: Installed from version 1.3.3
[0m16:10:23.794176 [info ] [MainThread]: Up to date!
[0m16:10:23.794312 [debug] [MainThread]: Sending event: {'category': 'dbt', 'action': 'package', 'label': '556844ef-ff53-458b-92f7-53b8c88cabb0', 'property_': 'install', 'context': [<snowplow_tracker.self_describing_json.SelfDescribingJson object at 0x1071b4af0>, <snowplow_tracker.self_describing_json.SelfDescribingJson object at 0x107260f30>]}
[0m16:10:23.796404 [debug] [MainThread]: Resource report: {"command_name": "deps", "command_success": true, "command_wall_clock_time": 3.3492477, "process_user_time": 0.567625, "process_kernel_time": 0.13225, "process_mem_max_rss": "112951296", "process_in_blocks": "0", "process_out_blocks": "0"}
[0m16:10:23.796674 [debug] [MainThread]: Command `dbt deps` succeeded at 16:10:23.796613 after 3.35 seconds
[0m16:10:23.796847 [debug] [MainThread]: Sending event: {'category': 'dbt', 'action': 'invocation', 'label': 'end', 'context': [<snowplow_tracker.self_describing_json.SelfDescribingJson object at 0x10721e150>, <snowplow_tracker.self_describing_json.SelfDescribingJson object at 0x106f3fa70>, <snowplow_tracker.self_describing_json.SelfDescribingJson object at 0x107230aa0>]}
[0m16:10:23.797004 [debug] [MainThread]: Flushing usage events
[0m16:27:19.358027 [debug] [MainThread]: Sending event: {'category': 'dbt', 'action': 'invocation', 'label': 'start', 'context': [<snowplow_tracker.self_describing_json.SelfDescribingJson object at 0x106fd8ec0>, <snowplow_tracker.self_describing_json.SelfDescribingJson object at 0x10c8e3d90>, <snowplow_tracker.self_describing_json.SelfDescribingJson object at 0x10c8e3ed0>]}


============================== 16:27:19.361176 | 13d94f95-faa4-4991-ac2c-e513a292801e ==============================
[0m16:27:19.361176 [info ] [MainThread]: Running with dbt=1.8.0
[0m16:27:19.361463 [debug] [MainThread]: running dbt with arguments {'printer_width': '80', 'indirect_selection': 'eager', 'log_cache_events': 'False', 'write_json': 'True', 'partial_parse': 'True', 'cache_selected_only': 'False', 'profiles_dir': '/Users/thameralotaibi/.dbt', 'fail_fast': 'False', 'warn_error': 'None', 'log_path': '/Users/thameralotaibi/Documents/de-sprint-2026/UrbanMove_dbt_project/logs', 'debug': 'False', 'version_check': 'True', 'use_colors': 'True', 'use_experimental_parser': 'False', 'no_print': 'None', 'quiet': 'False', 'warn_error_options': 'WarnErrorOptions(include=[], exclude=[])', 'static_parser': 'True', 'invocation_command': 'dbt run --select stg_yellow_trips', 'log_format': 'default', 'target_path': 'None', 'introspect': 'True', 'send_anonymous_usage_stats': 'True'}
[0m16:27:19.452989 [debug] [MainThread]: Sending event: {'category': 'dbt', 'action': 'project_id', 'label': '13d94f95-faa4-4991-ac2c-e513a292801e', 'context': [<snowplow_tracker.self_describing_json.SelfDescribingJson object at 0x107dd82b0>]}
[0m16:27:19.479056 [debug] [MainThread]: Sending event: {'category': 'dbt', 'action': 'adapter_info', 'label': '13d94f95-faa4-4991-ac2c-e513a292801e', 'context': [<snowplow_tracker.self_describing_json.SelfDescribingJson object at 0x10d74a9c0>]}
[0m16:27:19.479697 [info ] [MainThread]: Registered adapter: postgres=1.8.0
[0m16:27:19.521787 [debug] [MainThread]: checksum: dbb12d416fdb55e3665e4828703bbedf40c5c90ed7ca6ff39bbbfb29b12b0a92, vars: {}, profile: , target: , version: 1.8.0
[0m16:27:19.522181 [info ] [MainThread]: Unable to do partial parsing because saved manifest not found. Starting full parse.
[0m16:27:19.522318 [debug] [MainThread]: Sending event: {'category': 'dbt', 'action': 'partial_parser', 'label': '13d94f95-faa4-4991-ac2c-e513a292801e', 'context': [<snowplow_tracker.self_describing_json.SelfDescribingJson object at 0x10db08550>]}
[0m16:27:19.970447 [warn ] [MainThread]: [[33mWARNING[0m]: Deprecated functionality
The `tests` config has been renamed to `data_tests`. Please see
https://docs.getdbt.com/docs/build/data-tests#new-data_tests-syntax for more
information.
[0m16:27:19.970771 [debug] [MainThread]: Sending event: {'category': 'dbt', 'action': 'deprecation', 'label': '13d94f95-faa4-4991-ac2c-e513a292801e', 'property_': 'warn', 'context': [<snowplow_tracker.self_describing_json.SelfDescribingJson object at 0x10db58c80>]}
[0m16:27:20.131585 [warn ] [MainThread]: [[33mWARNING[0m]: Configuration paths exist in your dbt_project.yml file which do not apply to any resources.
There are 1 unused configuration paths:
- models.UrbanMove_dbt_project.example
[0m16:27:20.137133 [debug] [MainThread]: Sending event: {'category': 'dbt', 'action': 'load_project', 'label': '13d94f95-faa4-4991-ac2c-e513a292801e', 'context': [<snowplow_tracker.self_describing_json.SelfDescribingJson object at 0x10de3ac10>]}
[0m16:27:20.192149 [debug] [MainThread]: Sending event: {'category': 'dbt', 'action': 'resource_counts', 'label': '13d94f95-faa4-4991-ac2c-e513a292801e', 'context': [<snowplow_tracker.self_describing_json.SelfDescribingJson object at 0x10db04530>]}
[0m16:27:20.192439 [info ] [MainThread]: Found 1 model, 23 data tests, 1 source, 544 macros
[0m16:27:20.192600 [debug] [MainThread]: Sending event: {'category': 'dbt', 'action': 'runnable_timing', 'label': '13d94f95-faa4-4991-ac2c-e513a292801e', 'context': [<snowplow_tracker.self_describing_json.SelfDescribingJson object at 0x10dfb6b10>]}
[0m16:27:20.193700 [info ] [MainThread]: 
[0m16:27:20.194015 [debug] [MainThread]: Acquiring new postgres connection 'master'
[0m16:27:20.194435 [debug] [ThreadPool]: Acquiring new postgres connection 'list_taxi_db'
[0m16:27:20.221049 [debug] [ThreadPool]: Using postgres connection "list_taxi_db"
[0m16:27:20.221247 [debug] [ThreadPool]: On list_taxi_db: /* {"app": "dbt", "dbt_version": "1.8.0", "profile_name": "UrbanMove_dbt_project", "target_name": "dev", "connection_name": "list_taxi_db"} */

    select distinct nspname from pg_namespace
  
[0m16:27:20.221352 [debug] [ThreadPool]: Opening a new connection, currently in state init
[0m16:27:20.255769 [debug] [ThreadPool]: SQL status: SELECT 4 in 0.034 seconds
[0m16:27:20.256653 [debug] [ThreadPool]: On list_taxi_db: Close
[0m16:27:20.257056 [debug] [ThreadPool]: Re-using an available connection from the pool (formerly list_taxi_db, now create_taxi_db_dbt_dev)
[0m16:27:20.257238 [debug] [ThreadPool]: Creating schema "database: "taxi_db"
schema: "dbt_dev"
"
[0m16:27:20.259389 [debug] [ThreadPool]: Using postgres connection "create_taxi_db_dbt_dev"
[0m16:27:20.259539 [debug] [ThreadPool]: On create_taxi_db_dbt_dev: BEGIN
[0m16:27:20.259626 [debug] [ThreadPool]: Opening a new connection, currently in state closed
[0m16:27:20.267953 [debug] [ThreadPool]: SQL status: BEGIN in 0.008 seconds
[0m16:27:20.268107 [debug] [ThreadPool]: Using postgres connection "create_taxi_db_dbt_dev"
[0m16:27:20.268195 [debug] [ThreadPool]: On create_taxi_db_dbt_dev: /* {"app": "dbt", "dbt_version": "1.8.0", "profile_name": "UrbanMove_dbt_project", "target_name": "dev", "connection_name": "create_taxi_db_dbt_dev"} */
create schema if not exists "dbt_dev"
[0m16:27:20.269855 [debug] [ThreadPool]: SQL status: CREATE SCHEMA in 0.002 seconds
[0m16:27:20.270235 [debug] [ThreadPool]: On create_taxi_db_dbt_dev: COMMIT
[0m16:27:20.270330 [debug] [ThreadPool]: Using postgres connection "create_taxi_db_dbt_dev"
[0m16:27:20.270414 [debug] [ThreadPool]: On create_taxi_db_dbt_dev: COMMIT
[0m16:27:20.271843 [debug] [ThreadPool]: SQL status: COMMIT in 0.001 seconds
[0m16:27:20.271932 [debug] [ThreadPool]: On create_taxi_db_dbt_dev: Close
[0m16:27:20.272436 [debug] [ThreadPool]: Re-using an available connection from the pool (formerly create_taxi_db_dbt_dev, now list_taxi_db_dbt_dev)
[0m16:27:20.274752 [debug] [ThreadPool]: Using postgres connection "list_taxi_db_dbt_dev"
[0m16:27:20.274874 [debug] [ThreadPool]: On list_taxi_db_dbt_dev: BEGIN
[0m16:27:20.274964 [debug] [ThreadPool]: Opening a new connection, currently in state closed
[0m16:27:20.281982 [debug] [ThreadPool]: SQL status: BEGIN in 0.007 seconds
[0m16:27:20.282092 [debug] [ThreadPool]: Using postgres connection "list_taxi_db_dbt_dev"
[0m16:27:20.282182 [debug] [ThreadPool]: On list_taxi_db_dbt_dev: /* {"app": "dbt", "dbt_version": "1.8.0", "profile_name": "UrbanMove_dbt_project", "target_name": "dev", "connection_name": "list_taxi_db_dbt_dev"} */
select
      'taxi_db' as database,
      tablename as name,
      schemaname as schema,
      'table' as type
    from pg_tables
    where schemaname ilike 'dbt_dev'
    union all
    select
      'taxi_db' as database,
      viewname as name,
      schemaname as schema,
      'view' as type
    from pg_views
    where schemaname ilike 'dbt_dev'
    union all
    select
      'taxi_db' as database,
      matviewname as name,
      schemaname as schema,
      'materialized_view' as type
    from pg_matviews
    where schemaname ilike 'dbt_dev'
  
[0m16:27:20.287038 [debug] [ThreadPool]: SQL status: SELECT 0 in 0.005 seconds
[0m16:27:20.287820 [debug] [ThreadPool]: On list_taxi_db_dbt_dev: ROLLBACK
[0m16:27:20.288159 [debug] [ThreadPool]: On list_taxi_db_dbt_dev: Close
[0m16:27:20.289759 [debug] [MainThread]: Using postgres connection "master"
[0m16:27:20.289864 [debug] [MainThread]: On master: BEGIN
[0m16:27:20.289945 [debug] [MainThread]: Opening a new connection, currently in state init
[0m16:27:20.296040 [debug] [MainThread]: SQL status: BEGIN in 0.006 seconds
[0m16:27:20.296136 [debug] [MainThread]: Using postgres connection "master"
[0m16:27:20.296254 [debug] [MainThread]: On master: /* {"app": "dbt", "dbt_version": "1.8.0", "profile_name": "UrbanMove_dbt_project", "target_name": "dev", "connection_name": "master"} */
with relation as (
        select
            pg_rewrite.ev_class as class,
            pg_rewrite.oid as id
        from pg_rewrite
    ),
    class as (
        select
            oid as id,
            relname as name,
            relnamespace as schema,
            relkind as kind
        from pg_class
    ),
    dependency as (
        select distinct
            pg_depend.objid as id,
            pg_depend.refobjid as ref
        from pg_depend
    ),
    schema as (
        select
            pg_namespace.oid as id,
            pg_namespace.nspname as name
        from pg_namespace
        where nspname != 'information_schema' and nspname not like 'pg\_%'
    ),
    referenced as (
        select
            relation.id AS id,
            referenced_class.name ,
            referenced_class.schema ,
            referenced_class.kind
        from relation
        join class as referenced_class on relation.class=referenced_class.id
        where referenced_class.kind in ('r', 'v', 'm')
    ),
    relationships as (
        select
            referenced.name as referenced_name,
            referenced.schema as referenced_schema_id,
            dependent_class.name as dependent_name,
            dependent_class.schema as dependent_schema_id,
            referenced.kind as kind
        from referenced
        join dependency on referenced.id=dependency.id
        join class as dependent_class on dependency.ref=dependent_class.id
        where
            (referenced.name != dependent_class.name or
             referenced.schema != dependent_class.schema)
    )

    select
        referenced_schema.name as referenced_schema,
        relationships.referenced_name as referenced_name,
        dependent_schema.name as dependent_schema,
        relationships.dependent_name as dependent_name
    from relationships
    join schema as dependent_schema on relationships.dependent_schema_id=dependent_schema.id
    join schema as referenced_schema on relationships.referenced_schema_id=referenced_schema.id
    group by referenced_schema, referenced_name, dependent_schema, dependent_name
    order by referenced_schema, referenced_name, dependent_schema, dependent_name;
[0m16:27:20.299990 [debug] [MainThread]: SQL status: SELECT 0 in 0.004 seconds
[0m16:27:20.300474 [debug] [MainThread]: Sending event: {'category': 'dbt', 'action': 'runnable_timing', 'label': '13d94f95-faa4-4991-ac2c-e513a292801e', 'context': [<snowplow_tracker.self_describing_json.SelfDescribingJson object at 0x10df815a0>]}
[0m16:27:20.300656 [debug] [MainThread]: On master: ROLLBACK
[0m16:27:20.301033 [debug] [MainThread]: Using postgres connection "master"
[0m16:27:20.301133 [debug] [MainThread]: On master: BEGIN
[0m16:27:20.301621 [debug] [MainThread]: SQL status: BEGIN in 0.000 seconds
[0m16:27:20.301759 [debug] [MainThread]: On master: COMMIT
[0m16:27:20.301865 [debug] [MainThread]: Using postgres connection "master"
[0m16:27:20.301959 [debug] [MainThread]: On master: COMMIT
[0m16:27:20.302202 [debug] [MainThread]: SQL status: COMMIT in 0.000 seconds
[0m16:27:20.302297 [debug] [MainThread]: On master: Close
[0m16:27:20.302449 [info ] [MainThread]: Concurrency: 1 threads (target='dev')
[0m16:27:20.302557 [info ] [MainThread]: 
[0m16:27:20.303788 [debug] [Thread-1 (]: Began running node model.UrbanMove_dbt_project.stg_yellow_trips
[0m16:27:20.303981 [info ] [Thread-1 (]: 1 of 1 START sql view model dbt_dev.stg_yellow_trips ........................... [RUN]
[0m16:27:20.304136 [debug] [Thread-1 (]: Re-using an available connection from the pool (formerly list_taxi_db_dbt_dev, now model.UrbanMove_dbt_project.stg_yellow_trips)
[0m16:27:20.304245 [debug] [Thread-1 (]: Began compiling node model.UrbanMove_dbt_project.stg_yellow_trips
[0m16:27:20.307640 [debug] [Thread-1 (]: Writing injected SQL for node "model.UrbanMove_dbt_project.stg_yellow_trips"
[0m16:27:20.308096 [debug] [Thread-1 (]: Began executing node model.UrbanMove_dbt_project.stg_yellow_trips
[0m16:27:20.323121 [debug] [Thread-1 (]: Writing runtime sql for node "model.UrbanMove_dbt_project.stg_yellow_trips"
[0m16:27:20.323643 [debug] [Thread-1 (]: Using postgres connection "model.UrbanMove_dbt_project.stg_yellow_trips"
[0m16:27:20.323757 [debug] [Thread-1 (]: On model.UrbanMove_dbt_project.stg_yellow_trips: BEGIN
[0m16:27:20.323858 [debug] [Thread-1 (]: Opening a new connection, currently in state closed
[0m16:27:20.330690 [debug] [Thread-1 (]: SQL status: BEGIN in 0.007 seconds
[0m16:27:20.330836 [debug] [Thread-1 (]: Using postgres connection "model.UrbanMove_dbt_project.stg_yellow_trips"
[0m16:27:20.330979 [debug] [Thread-1 (]: On model.UrbanMove_dbt_project.stg_yellow_trips: /* {"app": "dbt", "dbt_version": "1.8.0", "profile_name": "UrbanMove_dbt_project", "target_name": "dev", "node_id": "model.UrbanMove_dbt_project.stg_yellow_trips"} */

  create view "taxi_db"."dbt_dev"."stg_yellow_trips__dbt_tmp"
    
    
  as (
    





SELECT
            -- Generate a completely unique ID for every single row
            cast(vendor_id as varchar) || '-' || cast(pickup_datetime as varchar) as trip_id,
            vendor_id AS vendor_id,
            pickup_datetime AS pickup_datetime,
            dropoff_datetime AS dropoff_datetime,
            passenger_count AS passenger_count,
            trip_distance AS trip_distance,
            cast(ratecode_id as INTEGER) AS ratecode_id,
            case
                when is_stored_locally = 'Y' then true
                when is_stored_locally = 'N' then false
                else null
            end as is_stored_locally,
            fare_amount AS fare_amount,
            tip_amount AS tip_amount,
            total_amount AS total_amount,
            payment_type AS payment_type,
            pu_location_id AS pickup_location_id,
            do_location_id AS dropoff_location_id,
            tolls_amount AS tolls_amount,
            improvement_surcharge AS improvement_surcharge,
            congestion_surcharge AS congestion_surcharge,
            airport_fee AS airport_fee,
            cbd_congestion_fee AS cbd_congestion_fee,
            extra AS extra_surcharge,
            mta_tax AS regional_tax
FROM "taxi_db"."taxi_data"."yellow_trips"
  );
[0m16:27:20.331592 [debug] [Thread-1 (]: Postgres adapter: Postgres error: relation "taxi_data.yellow_trips" does not exist
LINE 40: FROM "taxi_db"."taxi_data"."yellow_trips"
              ^

[0m16:27:20.331704 [debug] [Thread-1 (]: On model.UrbanMove_dbt_project.stg_yellow_trips: ROLLBACK
[0m16:27:20.332095 [debug] [Thread-1 (]: On model.UrbanMove_dbt_project.stg_yellow_trips: Close
[0m16:27:20.336246 [debug] [Thread-1 (]: Database Error in model stg_yellow_trips (models/staging/stg_yellow_trips.sql)
  relation "taxi_data.yellow_trips" does not exist
  LINE 40: FROM "taxi_db"."taxi_data"."yellow_trips"
                ^
  compiled code at target/run/UrbanMove_dbt_project/models/staging/stg_yellow_trips.sql
[0m16:27:20.336879 [debug] [Thread-1 (]: Sending event: {'category': 'dbt', 'action': 'run_model', 'label': '13d94f95-faa4-4991-ac2c-e513a292801e', 'context': [<snowplow_tracker.self_describing_json.SelfDescribingJson object at 0x1084e09b0>]}
[0m16:27:20.337132 [error] [Thread-1 (]: 1 of 1 ERROR creating sql view model dbt_dev.stg_yellow_trips .................. [[31mERROR[0m in 0.03s]
[0m16:27:20.337343 [debug] [Thread-1 (]: Finished running node model.UrbanMove_dbt_project.stg_yellow_trips
[0m16:27:20.338132 [debug] [MainThread]: Using postgres connection "master"
[0m16:27:20.338227 [debug] [MainThread]: On master: BEGIN
[0m16:27:20.338310 [debug] [MainThread]: Opening a new connection, currently in state closed
[0m16:27:20.345397 [debug] [MainThread]: SQL status: BEGIN in 0.007 seconds
[0m16:27:20.345523 [debug] [MainThread]: On master: COMMIT
[0m16:27:20.345611 [debug] [MainThread]: Using postgres connection "master"
[0m16:27:20.345692 [debug] [MainThread]: On master: COMMIT
[0m16:27:20.346034 [debug] [MainThread]: SQL status: COMMIT in 0.000 seconds
[0m16:27:20.346120 [debug] [MainThread]: On master: Close
[0m16:27:20.346247 [debug] [MainThread]: Connection 'master' was properly closed.
[0m16:27:20.346325 [debug] [MainThread]: Connection 'model.UrbanMove_dbt_project.stg_yellow_trips' was properly closed.
[0m16:27:20.346426 [info ] [MainThread]: 
[0m16:27:20.346526 [info ] [MainThread]: Finished running 1 view model in 0 hours 0 minutes and 0.15 seconds (0.15s).
[0m16:27:20.346762 [debug] [MainThread]: Command end result
[0m16:27:20.360986 [info ] [MainThread]: 
[0m16:27:20.361172 [info ] [MainThread]: [31mCompleted with 1 error and 0 warnings:[0m
[0m16:27:20.361267 [info ] [MainThread]: 
[0m16:27:20.361398 [error] [MainThread]:   Database Error in model stg_yellow_trips (models/staging/stg_yellow_trips.sql)
  relation "taxi_data.yellow_trips" does not exist
  LINE 40: FROM "taxi_db"."taxi_data"."yellow_trips"
                ^
  compiled code at target/run/UrbanMove_dbt_project/models/staging/stg_yellow_trips.sql
[0m16:27:20.361490 [info ] [MainThread]: 
[0m16:27:20.361588 [info ] [MainThread]: Done. PASS=0 WARN=0 ERROR=1 SKIP=0 TOTAL=1
[0m16:27:20.363227 [debug] [MainThread]: Resource report: {"command_name": "run", "command_wall_clock_time": 1.0514532, "process_user_time": 1.350521, "process_kernel_time": 0.175441, "process_mem_max_rss": "137035776", "command_success": false, "process_in_blocks": "0", "process_out_blocks": "0"}
[0m16:27:20.363388 [debug] [MainThread]: Command `dbt run` failed at 16:27:20.363355 after 1.05 seconds
[0m16:27:20.363515 [debug] [MainThread]: Sending event: {'category': 'dbt', 'action': 'invocation', 'label': 'end', 'context': [<snowplow_tracker.self_describing_json.SelfDescribingJson object at 0x10df2e3d0>, <snowplow_tracker.self_describing_json.SelfDescribingJson object at 0x10df9b1d0>, <snowplow_tracker.self_describing_json.SelfDescribingJson object at 0x10c91e0b0>]}
[0m16:27:20.363629 [debug] [MainThread]: Flushing usage events
[0m16:30:53.050924 [debug] [MainThread]: Sending event: {'category': 'dbt', 'action': 'invocation', 'label': 'start', 'context': [<snowplow_tracker.self_describing_json.SelfDescribingJson object at 0x10675cec0>, <snowplow_tracker.self_describing_json.SelfDescribingJson object at 0x10856bd90>, <snowplow_tracker.self_describing_json.SelfDescribingJson object at 0x10856bed0>]}


============================== 16:30:53.053300 | b379e1e7-f111-41e3-9c2e-21f7bfa9e58f ==============================
[0m16:30:53.053300 [info ] [MainThread]: Running with dbt=1.8.0
[0m16:30:53.053569 [debug] [MainThread]: running dbt with arguments {'printer_width': '80', 'indirect_selection': 'eager', 'log_cache_events': 'False', 'write_json': 'True', 'partial_parse': 'True', 'cache_selected_only': 'False', 'profiles_dir': '/Users/thameralotaibi/.dbt', 'fail_fast': 'False', 'warn_error': 'None', 'log_path': '/Users/thameralotaibi/Documents/de-sprint-2026/UrbanMove_dbt_project/logs', 'debug': 'False', 'version_check': 'True', 'use_colors': 'True', 'use_experimental_parser': 'False', 'no_print': 'None', 'quiet': 'False', 'warn_error_options': 'WarnErrorOptions(include=[], exclude=[])', 'static_parser': 'True', 'invocation_command': 'dbt run --select stg_yellow_trips', 'introspect': 'True', 'target_path': 'None', 'log_format': 'default', 'send_anonymous_usage_stats': 'True'}
[0m16:30:53.127958 [debug] [MainThread]: Sending event: {'category': 'dbt', 'action': 'project_id', 'label': 'b379e1e7-f111-41e3-9c2e-21f7bfa9e58f', 'context': [<snowplow_tracker.self_describing_json.SelfDescribingJson object at 0x1075082b0>]}
[0m16:30:53.147908 [debug] [MainThread]: Sending event: {'category': 'dbt', 'action': 'adapter_info', 'label': 'b379e1e7-f111-41e3-9c2e-21f7bfa9e58f', 'context': [<snowplow_tracker.self_describing_json.SelfDescribingJson object at 0x108cbe9c0>]}
[0m16:30:53.148582 [info ] [MainThread]: Registered adapter: postgres=1.8.0
[0m16:30:53.196054 [debug] [MainThread]: checksum: dbb12d416fdb55e3665e4828703bbedf40c5c90ed7ca6ff39bbbfb29b12b0a92, vars: {}, profile: , target: , version: 1.8.0
[0m16:30:53.257441 [debug] [MainThread]: Partial parsing enabled: 0 files deleted, 0 files added, 1 files changed.
[0m16:30:53.257946 [debug] [MainThread]: Partial parsing: updated file: UrbanMove_dbt_project://models/staging/schema.yml
[0m16:30:53.335191 [warn ] [MainThread]: [[33mWARNING[0m]: Deprecated functionality
The `tests` config has been renamed to `data_tests`. Please see
https://docs.getdbt.com/docs/build/data-tests#new-data_tests-syntax for more
information.
[0m16:30:53.335463 [debug] [MainThread]: Sending event: {'category': 'dbt', 'action': 'deprecation', 'label': 'b379e1e7-f111-41e3-9c2e-21f7bfa9e58f', 'property_': 'warn', 'context': [<snowplow_tracker.self_describing_json.SelfDescribingJson object at 0x10947f850>]}
[0m16:30:53.448363 [warn ] [MainThread]: [[33mWARNING[0m]: Configuration paths exist in your dbt_project.yml file which do not apply to any resources.
There are 1 unused configuration paths:
- models.UrbanMove_dbt_project.example
[0m16:30:53.452740 [debug] [MainThread]: Sending event: {'category': 'dbt', 'action': 'load_project', 'label': 'b379e1e7-f111-41e3-9c2e-21f7bfa9e58f', 'context': [<snowplow_tracker.self_describing_json.SelfDescribingJson object at 0x109582e40>]}
[0m16:30:53.530377 [debug] [MainThread]: Sending event: {'category': 'dbt', 'action': 'resource_counts', 'label': 'b379e1e7-f111-41e3-9c2e-21f7bfa9e58f', 'context': [<snowplow_tracker.self_describing_json.SelfDescribingJson object at 0x1096b6430>]}
[0m16:30:53.530596 [info ] [MainThread]: Found 1 model, 23 data tests, 1 source, 544 macros
[0m16:30:53.530713 [debug] [MainThread]: Sending event: {'category': 'dbt', 'action': 'runnable_timing', 'label': 'b379e1e7-f111-41e3-9c2e-21f7bfa9e58f', 'context': [<snowplow_tracker.self_describing_json.SelfDescribingJson object at 0x109a6bee0>]}
[0m16:30:53.531435 [info ] [MainThread]: 
[0m16:30:53.531650 [debug] [MainThread]: Acquiring new postgres connection 'master'
[0m16:30:53.531963 [debug] [ThreadPool]: Acquiring new postgres connection 'list_taxi_db'
[0m16:30:53.555320 [debug] [ThreadPool]: Using postgres connection "list_taxi_db"
[0m16:30:53.555494 [debug] [ThreadPool]: On list_taxi_db: /* {"app": "dbt", "dbt_version": "1.8.0", "profile_name": "UrbanMove_dbt_project", "target_name": "dev", "connection_name": "list_taxi_db"} */

    select distinct nspname from pg_namespace
  
[0m16:30:53.555590 [debug] [ThreadPool]: Opening a new connection, currently in state init
[0m16:30:53.583128 [debug] [ThreadPool]: SQL status: SELECT 5 in 0.027 seconds
[0m16:30:53.583775 [debug] [ThreadPool]: On list_taxi_db: Close
[0m16:30:53.584318 [debug] [ThreadPool]: Re-using an available connection from the pool (formerly list_taxi_db, now list_taxi_db_dbt_dev)
[0m16:30:53.586626 [debug] [ThreadPool]: Using postgres connection "list_taxi_db_dbt_dev"
[0m16:30:53.586745 [debug] [ThreadPool]: On list_taxi_db_dbt_dev: BEGIN
[0m16:30:53.586831 [debug] [ThreadPool]: Opening a new connection, currently in state closed
[0m16:30:53.594657 [debug] [ThreadPool]: SQL status: BEGIN in 0.008 seconds
[0m16:30:53.594816 [debug] [ThreadPool]: Using postgres connection "list_taxi_db_dbt_dev"
[0m16:30:53.594914 [debug] [ThreadPool]: On list_taxi_db_dbt_dev: /* {"app": "dbt", "dbt_version": "1.8.0", "profile_name": "UrbanMove_dbt_project", "target_name": "dev", "connection_name": "list_taxi_db_dbt_dev"} */
select
      'taxi_db' as database,
      tablename as name,
      schemaname as schema,
      'table' as type
    from pg_tables
    where schemaname ilike 'dbt_dev'
    union all
    select
      'taxi_db' as database,
      viewname as name,
      schemaname as schema,
      'view' as type
    from pg_views
    where schemaname ilike 'dbt_dev'
    union all
    select
      'taxi_db' as database,
      matviewname as name,
      schemaname as schema,
      'materialized_view' as type
    from pg_matviews
    where schemaname ilike 'dbt_dev'
  
[0m16:30:53.598507 [debug] [ThreadPool]: SQL status: SELECT 0 in 0.003 seconds
[0m16:30:53.598986 [debug] [ThreadPool]: On list_taxi_db_dbt_dev: ROLLBACK
[0m16:30:53.599398 [debug] [ThreadPool]: On list_taxi_db_dbt_dev: Close
[0m16:30:53.601101 [debug] [MainThread]: Using postgres connection "master"
[0m16:30:53.601201 [debug] [MainThread]: On master: BEGIN
[0m16:30:53.601274 [debug] [MainThread]: Opening a new connection, currently in state init
[0m16:30:53.608177 [debug] [MainThread]: SQL status: BEGIN in 0.007 seconds
[0m16:30:53.608311 [debug] [MainThread]: Using postgres connection "master"
[0m16:30:53.608426 [debug] [MainThread]: On master: /* {"app": "dbt", "dbt_version": "1.8.0", "profile_name": "UrbanMove_dbt_project", "target_name": "dev", "connection_name": "master"} */
with relation as (
        select
            pg_rewrite.ev_class as class,
            pg_rewrite.oid as id
        from pg_rewrite
    ),
    class as (
        select
            oid as id,
            relname as name,
            relnamespace as schema,
            relkind as kind
        from pg_class
    ),
    dependency as (
        select distinct
            pg_depend.objid as id,
            pg_depend.refobjid as ref
        from pg_depend
    ),
    schema as (
        select
            pg_namespace.oid as id,
            pg_namespace.nspname as name
        from pg_namespace
        where nspname != 'information_schema' and nspname not like 'pg\_%'
    ),
    referenced as (
        select
            relation.id AS id,
            referenced_class.name ,
            referenced_class.schema ,
            referenced_class.kind
        from relation
        join class as referenced_class on relation.class=referenced_class.id
        where referenced_class.kind in ('r', 'v', 'm')
    ),
    relationships as (
        select
            referenced.name as referenced_name,
            referenced.schema as referenced_schema_id,
            dependent_class.name as dependent_name,
            dependent_class.schema as dependent_schema_id,
            referenced.kind as kind
        from referenced
        join dependency on referenced.id=dependency.id
        join class as dependent_class on dependency.ref=dependent_class.id
        where
            (referenced.name != dependent_class.name or
             referenced.schema != dependent_class.schema)
    )

    select
        referenced_schema.name as referenced_schema,
        relationships.referenced_name as referenced_name,
        dependent_schema.name as dependent_schema,
        relationships.dependent_name as dependent_name
    from relationships
    join schema as dependent_schema on relationships.dependent_schema_id=dependent_schema.id
    join schema as referenced_schema on relationships.referenced_schema_id=referenced_schema.id
    group by referenced_schema, referenced_name, dependent_schema, dependent_name
    order by referenced_schema, referenced_name, dependent_schema, dependent_name;
[0m16:30:53.612065 [debug] [MainThread]: SQL status: SELECT 0 in 0.004 seconds
[0m16:30:53.612500 [debug] [MainThread]: Sending event: {'category': 'dbt', 'action': 'runnable_timing', 'label': 'b379e1e7-f111-41e3-9c2e-21f7bfa9e58f', 'context': [<snowplow_tracker.self_describing_json.SelfDescribingJson object at 0x1099cf950>]}
[0m16:30:53.612662 [debug] [MainThread]: On master: ROLLBACK
[0m16:30:53.613059 [debug] [MainThread]: Using postgres connection "master"
[0m16:30:53.613138 [debug] [MainThread]: On master: BEGIN
[0m16:30:53.613792 [debug] [MainThread]: SQL status: BEGIN in 0.001 seconds
[0m16:30:53.613873 [debug] [MainThread]: On master: COMMIT
[0m16:30:53.613946 [debug] [MainThread]: Using postgres connection "master"
[0m16:30:53.614015 [debug] [MainThread]: On master: COMMIT
[0m16:30:53.614347 [debug] [MainThread]: SQL status: COMMIT in 0.000 seconds
[0m16:30:53.614430 [debug] [MainThread]: On master: Close
[0m16:30:53.614569 [info ] [MainThread]: Concurrency: 1 threads (target='dev')
[0m16:30:53.614669 [info ] [MainThread]: 
[0m16:30:53.616215 [debug] [Thread-1 (]: Began running node model.UrbanMove_dbt_project.stg_yellow_trips
[0m16:30:53.616433 [info ] [Thread-1 (]: 1 of 1 START sql view model dbt_dev.stg_yellow_trips ........................... [RUN]
[0m16:30:53.616601 [debug] [Thread-1 (]: Re-using an available connection from the pool (formerly list_taxi_db_dbt_dev, now model.UrbanMove_dbt_project.stg_yellow_trips)
[0m16:30:53.616716 [debug] [Thread-1 (]: Began compiling node model.UrbanMove_dbt_project.stg_yellow_trips
[0m16:30:53.619715 [debug] [Thread-1 (]: Writing injected SQL for node "model.UrbanMove_dbt_project.stg_yellow_trips"
[0m16:30:53.619997 [debug] [Thread-1 (]: Began executing node model.UrbanMove_dbt_project.stg_yellow_trips
[0m16:30:53.634151 [debug] [Thread-1 (]: Writing runtime sql for node "model.UrbanMove_dbt_project.stg_yellow_trips"
[0m16:30:53.634508 [debug] [Thread-1 (]: Using postgres connection "model.UrbanMove_dbt_project.stg_yellow_trips"
[0m16:30:53.634623 [debug] [Thread-1 (]: On model.UrbanMove_dbt_project.stg_yellow_trips: BEGIN
[0m16:30:53.634722 [debug] [Thread-1 (]: Opening a new connection, currently in state closed
[0m16:30:53.643360 [debug] [Thread-1 (]: SQL status: BEGIN in 0.009 seconds
[0m16:30:53.643518 [debug] [Thread-1 (]: Using postgres connection "model.UrbanMove_dbt_project.stg_yellow_trips"
[0m16:30:53.643643 [debug] [Thread-1 (]: On model.UrbanMove_dbt_project.stg_yellow_trips: /* {"app": "dbt", "dbt_version": "1.8.0", "profile_name": "UrbanMove_dbt_project", "target_name": "dev", "node_id": "model.UrbanMove_dbt_project.stg_yellow_trips"} */

  create view "taxi_db"."dbt_dev"."stg_yellow_trips__dbt_tmp"
    
    
  as (
    





SELECT
            -- Generate a completely unique ID for every single row
            cast(vendor_id as varchar) || '-' || cast(pickup_datetime as varchar) as trip_id,
            vendor_id AS vendor_id,
            pickup_datetime AS pickup_datetime,
            dropoff_datetime AS dropoff_datetime,
            passenger_count AS passenger_count,
            trip_distance AS trip_distance,
            cast(ratecode_id as INTEGER) AS ratecode_id,
            case
                when is_stored_locally = 'Y' then true
                when is_stored_locally = 'N' then false
                else null
            end as is_stored_locally,
            fare_amount AS fare_amount,
            tip_amount AS tip_amount,
            total_amount AS total_amount,
            payment_type AS payment_type,
            pu_location_id AS pickup_location_id,
            do_location_id AS dropoff_location_id,
            tolls_amount AS tolls_amount,
            improvement_surcharge AS improvement_surcharge,
            congestion_surcharge AS congestion_surcharge,
            airport_fee AS airport_fee,
            cbd_congestion_fee AS cbd_congestion_fee,
            extra AS extra_surcharge,
            mta_tax AS regional_tax
FROM "taxi_db"."public"."yellow_trips"
  );
[0m16:30:53.648106 [debug] [Thread-1 (]: SQL status: CREATE VIEW in 0.004 seconds
[0m16:30:53.650866 [debug] [Thread-1 (]: Using postgres connection "model.UrbanMove_dbt_project.stg_yellow_trips"
[0m16:30:53.651024 [debug] [Thread-1 (]: On model.UrbanMove_dbt_project.stg_yellow_trips: /* {"app": "dbt", "dbt_version": "1.8.0", "profile_name": "UrbanMove_dbt_project", "target_name": "dev", "node_id": "model.UrbanMove_dbt_project.stg_yellow_trips"} */
alter table "taxi_db"."dbt_dev"."stg_yellow_trips__dbt_tmp" rename to "stg_yellow_trips"
[0m16:30:53.652349 [debug] [Thread-1 (]: SQL status: ALTER TABLE in 0.001 seconds
[0m16:30:53.657705 [debug] [Thread-1 (]: On model.UrbanMove_dbt_project.stg_yellow_trips: COMMIT
[0m16:30:53.657858 [debug] [Thread-1 (]: Using postgres connection "model.UrbanMove_dbt_project.stg_yellow_trips"
[0m16:30:53.657962 [debug] [Thread-1 (]: On model.UrbanMove_dbt_project.stg_yellow_trips: COMMIT
[0m16:30:53.660124 [debug] [Thread-1 (]: SQL status: COMMIT in 0.002 seconds
[0m16:30:53.662257 [debug] [Thread-1 (]: Applying DROP to: "taxi_db"."dbt_dev"."stg_yellow_trips__dbt_backup"
[0m16:30:53.664638 [debug] [Thread-1 (]: Using postgres connection "model.UrbanMove_dbt_project.stg_yellow_trips"
[0m16:30:53.664765 [debug] [Thread-1 (]: On model.UrbanMove_dbt_project.stg_yellow_trips: /* {"app": "dbt", "dbt_version": "1.8.0", "profile_name": "UrbanMove_dbt_project", "target_name": "dev", "node_id": "model.UrbanMove_dbt_project.stg_yellow_trips"} */
drop view if exists "taxi_db"."dbt_dev"."stg_yellow_trips__dbt_backup" cascade
[0m16:30:53.666054 [debug] [Thread-1 (]: SQL status: DROP VIEW in 0.001 seconds
[0m16:30:53.667006 [debug] [Thread-1 (]: On model.UrbanMove_dbt_project.stg_yellow_trips: Close
[0m16:30:53.667531 [debug] [Thread-1 (]: Sending event: {'category': 'dbt', 'action': 'run_model', 'label': 'b379e1e7-f111-41e3-9c2e-21f7bfa9e58f', 'context': [<snowplow_tracker.self_describing_json.SelfDescribingJson object at 0x1099671d0>]}
[0m16:30:53.667759 [info ] [Thread-1 (]: 1 of 1 OK created sql view model dbt_dev.stg_yellow_trips ...................... [[32mCREATE VIEW[0m in 0.05s]
[0m16:30:53.667957 [debug] [Thread-1 (]: Finished running node model.UrbanMove_dbt_project.stg_yellow_trips
[0m16:30:53.668523 [debug] [MainThread]: Using postgres connection "master"
[0m16:30:53.668622 [debug] [MainThread]: On master: BEGIN
[0m16:30:53.668705 [debug] [MainThread]: Opening a new connection, currently in state closed
[0m16:30:53.677217 [debug] [MainThread]: SQL status: BEGIN in 0.008 seconds
[0m16:30:53.677360 [debug] [MainThread]: On master: COMMIT
[0m16:30:53.677445 [debug] [MainThread]: Using postgres connection "master"
[0m16:30:53.677521 [debug] [MainThread]: On master: COMMIT
[0m16:30:53.678008 [debug] [MainThread]: SQL status: COMMIT in 0.000 seconds
[0m16:30:53.678093 [debug] [MainThread]: On master: Close
[0m16:30:53.678226 [debug] [MainThread]: Connection 'master' was properly closed.
[0m16:30:53.678303 [debug] [MainThread]: Connection 'model.UrbanMove_dbt_project.stg_yellow_trips' was properly closed.
[0m16:30:53.678405 [info ] [MainThread]: 
[0m16:30:53.678504 [info ] [MainThread]: Finished running 1 view model in 0 hours 0 minutes and 0.15 seconds (0.15s).
[0m16:30:53.678736 [debug] [MainThread]: Command end result
[0m16:30:53.693552 [info ] [MainThread]: 
[0m16:30:53.693737 [info ] [MainThread]: [32mCompleted successfully[0m
[0m16:30:53.693831 [info ] [MainThread]: 
[0m16:30:53.693928 [info ] [MainThread]: Done. PASS=1 WARN=0 ERROR=0 SKIP=0 TOTAL=1
[0m16:30:53.694866 [debug] [MainThread]: Resource report: {"command_name": "run", "command_success": true, "command_wall_clock_time": 0.6716723, "process_user_time": 0.919376, "process_kernel_time": 0.154449, "process_mem_max_rss": "134823936", "process_in_blocks": "0", "process_out_blocks": "0"}
[0m16:30:53.695017 [debug] [MainThread]: Command `dbt run` succeeded at 16:30:53.694984 after 0.67 seconds
[0m16:30:53.695136 [debug] [MainThread]: Sending event: {'category': 'dbt', 'action': 'invocation', 'label': 'end', 'context': [<snowplow_tracker.self_describing_json.SelfDescribingJson object at 0x1098ccc30>, <snowplow_tracker.self_describing_json.SelfDescribingJson object at 0x1097b75c0>, <snowplow_tracker.self_describing_json.SelfDescribingJson object at 0x109a548d0>]}
[0m16:30:53.695245 [debug] [MainThread]: Flushing usage events
[0m16:34:09.750243 [debug] [MainThread]: Sending event: {'category': 'dbt', 'action': 'invocation', 'label': 'start', 'context': [<snowplow_tracker.self_describing_json.SelfDescribingJson object at 0x106d30ec0>, <snowplow_tracker.self_describing_json.SelfDescribingJson object at 0x109be3d90>, <snowplow_tracker.self_describing_json.SelfDescribingJson object at 0x109be3ed0>]}


============================== 16:34:09.752635 | bd3d886b-2f28-4d38-8e4a-e0edf09b51f7 ==============================
[0m16:34:09.752635 [info ] [MainThread]: Running with dbt=1.8.0
[0m16:34:09.752874 [debug] [MainThread]: running dbt with arguments {'printer_width': '80', 'indirect_selection': 'eager', 'log_cache_events': 'False', 'write_json': 'True', 'partial_parse': 'True', 'cache_selected_only': 'False', 'profiles_dir': '/Users/thameralotaibi/.dbt', 'version_check': 'True', 'warn_error': 'None', 'log_path': '/Users/thameralotaibi/Documents/de-sprint-2026/UrbanMove_dbt_project/logs', 'debug': 'False', 'fail_fast': 'False', 'use_colors': 'True', 'use_experimental_parser': 'False', 'no_print': 'None', 'quiet': 'False', 'log_format': 'default', 'static_parser': 'True', 'invocation_command': 'dbt test --select stg_yellow_trips', 'warn_error_options': 'WarnErrorOptions(include=[], exclude=[])', 'target_path': 'None', 'introspect': 'True', 'send_anonymous_usage_stats': 'True'}
[0m16:34:09.828278 [debug] [MainThread]: Sending event: {'category': 'dbt', 'action': 'project_id', 'label': 'bd3d886b-2f28-4d38-8e4a-e0edf09b51f7', 'context': [<snowplow_tracker.self_describing_json.SelfDescribingJson object at 0x107b2c2b0>]}
[0m16:34:09.850449 [debug] [MainThread]: Sending event: {'category': 'dbt', 'action': 'adapter_info', 'label': 'bd3d886b-2f28-4d38-8e4a-e0edf09b51f7', 'context': [<snowplow_tracker.self_describing_json.SelfDescribingJson object at 0x10a9ee9c0>]}
[0m16:34:09.851062 [info ] [MainThread]: Registered adapter: postgres=1.8.0
[0m16:34:09.891423 [debug] [MainThread]: checksum: dbb12d416fdb55e3665e4828703bbedf40c5c90ed7ca6ff39bbbfb29b12b0a92, vars: {}, profile: , target: , version: 1.8.0
[0m16:34:09.929482 [info ] [MainThread]: Unable to do partial parsing because a project config has changed
[0m16:34:09.929696 [debug] [MainThread]: Sending event: {'category': 'dbt', 'action': 'partial_parser', 'label': 'bd3d886b-2f28-4d38-8e4a-e0edf09b51f7', 'context': [<snowplow_tracker.self_describing_json.SelfDescribingJson object at 0x10b338650>]}
[0m16:34:10.417301 [debug] [MainThread]: Sending event: {'category': 'dbt', 'action': 'load_project', 'label': 'bd3d886b-2f28-4d38-8e4a-e0edf09b51f7', 'context': [<snowplow_tracker.self_describing_json.SelfDescribingJson object at 0x109ccf890>]}
[0m16:34:10.462163 [debug] [MainThread]: Sending event: {'category': 'dbt', 'action': 'resource_counts', 'label': 'bd3d886b-2f28-4d38-8e4a-e0edf09b51f7', 'context': [<snowplow_tracker.self_describing_json.SelfDescribingJson object at 0x10c177070>]}
[0m16:34:10.462335 [info ] [MainThread]: Found 1 model, 23 data tests, 1 source, 544 macros
[0m16:34:10.462441 [debug] [MainThread]: Sending event: {'category': 'dbt', 'action': 'runnable_timing', 'label': 'bd3d886b-2f28-4d38-8e4a-e0edf09b51f7', 'context': [<snowplow_tracker.self_describing_json.SelfDescribingJson object at 0x10c06bc70>]}
[0m16:34:10.463277 [info ] [MainThread]: 
[0m16:34:10.463465 [debug] [MainThread]: Acquiring new postgres connection 'master'
[0m16:34:10.463790 [debug] [ThreadPool]: Acquiring new postgres connection 'list_taxi_db_dbt_dev'
[0m16:34:10.485598 [debug] [ThreadPool]: Using postgres connection "list_taxi_db_dbt_dev"
[0m16:34:10.485725 [debug] [ThreadPool]: On list_taxi_db_dbt_dev: BEGIN
[0m16:34:10.485810 [debug] [ThreadPool]: Opening a new connection, currently in state init
[0m16:34:10.514163 [debug] [ThreadPool]: SQL status: BEGIN in 0.028 seconds
[0m16:34:10.514329 [debug] [ThreadPool]: Using postgres connection "list_taxi_db_dbt_dev"
[0m16:34:10.514423 [debug] [ThreadPool]: On list_taxi_db_dbt_dev: /* {"app": "dbt", "dbt_version": "1.8.0", "profile_name": "UrbanMove_dbt_project", "target_name": "dev", "connection_name": "list_taxi_db_dbt_dev"} */
select
      'taxi_db' as database,
      tablename as name,
      schemaname as schema,
      'table' as type
    from pg_tables
    where schemaname ilike 'dbt_dev'
    union all
    select
      'taxi_db' as database,
      viewname as name,
      schemaname as schema,
      'view' as type
    from pg_views
    where schemaname ilike 'dbt_dev'
    union all
    select
      'taxi_db' as database,
      matviewname as name,
      schemaname as schema,
      'materialized_view' as type
    from pg_matviews
    where schemaname ilike 'dbt_dev'
  
[0m16:34:10.518439 [debug] [ThreadPool]: SQL status: SELECT 1 in 0.004 seconds
[0m16:34:10.518915 [debug] [ThreadPool]: On list_taxi_db_dbt_dev: ROLLBACK
[0m16:34:10.519298 [debug] [ThreadPool]: On list_taxi_db_dbt_dev: Close
[0m16:34:10.520932 [debug] [MainThread]: Using postgres connection "master"
[0m16:34:10.521048 [debug] [MainThread]: On master: BEGIN
[0m16:34:10.521128 [debug] [MainThread]: Opening a new connection, currently in state init
[0m16:34:10.529047 [debug] [MainThread]: SQL status: BEGIN in 0.008 seconds
[0m16:34:10.529136 [debug] [MainThread]: Using postgres connection "master"
[0m16:34:10.529235 [debug] [MainThread]: On master: /* {"app": "dbt", "dbt_version": "1.8.0", "profile_name": "UrbanMove_dbt_project", "target_name": "dev", "connection_name": "master"} */
with relation as (
        select
            pg_rewrite.ev_class as class,
            pg_rewrite.oid as id
        from pg_rewrite
    ),
    class as (
        select
            oid as id,
            relname as name,
            relnamespace as schema,
            relkind as kind
        from pg_class
    ),
    dependency as (
        select distinct
            pg_depend.objid as id,
            pg_depend.refobjid as ref
        from pg_depend
    ),
    schema as (
        select
            pg_namespace.oid as id,
            pg_namespace.nspname as name
        from pg_namespace
        where nspname != 'information_schema' and nspname not like 'pg\_%'
    ),
    referenced as (
        select
            relation.id AS id,
            referenced_class.name ,
            referenced_class.schema ,
            referenced_class.kind
        from relation
        join class as referenced_class on relation.class=referenced_class.id
        where referenced_class.kind in ('r', 'v', 'm')
    ),
    relationships as (
        select
            referenced.name as referenced_name,
            referenced.schema as referenced_schema_id,
            dependent_class.name as dependent_name,
            dependent_class.schema as dependent_schema_id,
            referenced.kind as kind
        from referenced
        join dependency on referenced.id=dependency.id
        join class as dependent_class on dependency.ref=dependent_class.id
        where
            (referenced.name != dependent_class.name or
             referenced.schema != dependent_class.schema)
    )

    select
        referenced_schema.name as referenced_schema,
        relationships.referenced_name as referenced_name,
        dependent_schema.name as dependent_schema,
        relationships.dependent_name as dependent_name
    from relationships
    join schema as dependent_schema on relationships.dependent_schema_id=dependent_schema.id
    join schema as referenced_schema on relationships.referenced_schema_id=referenced_schema.id
    group by referenced_schema, referenced_name, dependent_schema, dependent_name
    order by referenced_schema, referenced_name, dependent_schema, dependent_name;
[0m16:34:10.534144 [debug] [MainThread]: SQL status: SELECT 1 in 0.005 seconds
[0m16:34:10.534545 [debug] [MainThread]: Sending event: {'category': 'dbt', 'action': 'runnable_timing', 'label': 'bd3d886b-2f28-4d38-8e4a-e0edf09b51f7', 'context': [<snowplow_tracker.self_describing_json.SelfDescribingJson object at 0x10c191f10>]}
[0m16:34:10.534686 [debug] [MainThread]: On master: ROLLBACK
[0m16:34:10.535083 [debug] [MainThread]: Using postgres connection "master"
[0m16:34:10.535161 [debug] [MainThread]: On master: BEGIN
[0m16:34:10.535787 [debug] [MainThread]: SQL status: BEGIN in 0.001 seconds
[0m16:34:10.535861 [debug] [MainThread]: On master: COMMIT
[0m16:34:10.535927 [debug] [MainThread]: Using postgres connection "master"
[0m16:34:10.535991 [debug] [MainThread]: On master: COMMIT
[0m16:34:10.536305 [debug] [MainThread]: SQL status: COMMIT in 0.000 seconds
[0m16:34:10.536385 [debug] [MainThread]: On master: Close
[0m16:34:10.536516 [info ] [MainThread]: Concurrency: 1 threads (target='dev')
[0m16:34:10.536611 [info ] [MainThread]: 
[0m16:34:10.537646 [debug] [Thread-1 (]: Began running node test.UrbanMove_dbt_project.accepted_values_stg_yellow_trips_payment_type__1__2__3__4__5__6.daba08154c
[0m16:34:10.537764 [info ] [Thread-1 (]: 1 of 20 START test accepted_values_stg_yellow_trips_payment_type__1__2__3__4__5__6  [RUN]
[0m16:34:10.537897 [debug] [Thread-1 (]: Re-using an available connection from the pool (formerly list_taxi_db_dbt_dev, now test.UrbanMove_dbt_project.accepted_values_stg_yellow_trips_payment_type__1__2__3__4__5__6.daba08154c)
[0m16:34:10.537999 [debug] [Thread-1 (]: Began compiling node test.UrbanMove_dbt_project.accepted_values_stg_yellow_trips_payment_type__1__2__3__4__5__6.daba08154c
[0m16:34:10.542245 [debug] [Thread-1 (]: Writing injected SQL for node "test.UrbanMove_dbt_project.accepted_values_stg_yellow_trips_payment_type__1__2__3__4__5__6.daba08154c"
[0m16:34:10.542542 [debug] [Thread-1 (]: Began executing node test.UrbanMove_dbt_project.accepted_values_stg_yellow_trips_payment_type__1__2__3__4__5__6.daba08154c
[0m16:34:10.547507 [debug] [Thread-1 (]: Writing runtime sql for node "test.UrbanMove_dbt_project.accepted_values_stg_yellow_trips_payment_type__1__2__3__4__5__6.daba08154c"
[0m16:34:10.547779 [debug] [Thread-1 (]: Using postgres connection "test.UrbanMove_dbt_project.accepted_values_stg_yellow_trips_payment_type__1__2__3__4__5__6.daba08154c"
[0m16:34:10.547883 [debug] [Thread-1 (]: On test.UrbanMove_dbt_project.accepted_values_stg_yellow_trips_payment_type__1__2__3__4__5__6.daba08154c: BEGIN
[0m16:34:10.547973 [debug] [Thread-1 (]: Opening a new connection, currently in state closed
[0m16:34:10.556631 [debug] [Thread-1 (]: SQL status: BEGIN in 0.009 seconds
[0m16:34:10.556734 [debug] [Thread-1 (]: Using postgres connection "test.UrbanMove_dbt_project.accepted_values_stg_yellow_trips_payment_type__1__2__3__4__5__6.daba08154c"
[0m16:34:10.556830 [debug] [Thread-1 (]: On test.UrbanMove_dbt_project.accepted_values_stg_yellow_trips_payment_type__1__2__3__4__5__6.daba08154c: /* {"app": "dbt", "dbt_version": "1.8.0", "profile_name": "UrbanMove_dbt_project", "target_name": "dev", "node_id": "test.UrbanMove_dbt_project.accepted_values_stg_yellow_trips_payment_type__1__2__3__4__5__6.daba08154c"} */
select
      count(*) as failures,
      count(*) != 0 as should_warn,
      count(*) != 0 as should_error
    from (
      
    
    

with all_values as (

    select
        payment_type as value_field,
        count(*) as n_records

    from "taxi_db"."dbt_dev"."stg_yellow_trips"
    group by payment_type

)

select *
from all_values
where value_field not in (
    '1','2','3','4','5','6'
)



      
    ) dbt_internal_test
[0m16:34:10.693978 [debug] [Thread-1 (]: SQL status: SELECT 1 in 0.137 seconds
[0m16:34:10.696136 [debug] [Thread-1 (]: On test.UrbanMove_dbt_project.accepted_values_stg_yellow_trips_payment_type__1__2__3__4__5__6.daba08154c: ROLLBACK
[0m16:34:10.696535 [debug] [Thread-1 (]: On test.UrbanMove_dbt_project.accepted_values_stg_yellow_trips_payment_type__1__2__3__4__5__6.daba08154c: Close
[0m16:34:10.696764 [error] [Thread-1 (]: 1 of 20 FAIL 1 accepted_values_stg_yellow_trips_payment_type__1__2__3__4__5__6 . [[31mFAIL 1[0m in 0.16s]
[0m16:34:10.696974 [debug] [Thread-1 (]: Finished running node test.UrbanMove_dbt_project.accepted_values_stg_yellow_trips_payment_type__1__2__3__4__5__6.daba08154c
[0m16:34:10.697115 [debug] [Thread-1 (]: Began running node test.UrbanMove_dbt_project.dbt_utils_expression_is_true_stg_yellow_trips_airport_fee___0.86520a37d2
[0m16:34:10.697284 [info ] [Thread-1 (]: 2 of 20 START test dbt_utils_expression_is_true_stg_yellow_trips_airport_fee___0  [RUN]
[0m16:34:10.697483 [debug] [Thread-1 (]: Re-using an available connection from the pool (formerly test.UrbanMove_dbt_project.accepted_values_stg_yellow_trips_payment_type__1__2__3__4__5__6.daba08154c, now test.UrbanMove_dbt_project.dbt_utils_expression_is_true_stg_yellow_trips_airport_fee___0.86520a37d2)
[0m16:34:10.697625 [debug] [Thread-1 (]: Began compiling node test.UrbanMove_dbt_project.dbt_utils_expression_is_true_stg_yellow_trips_airport_fee___0.86520a37d2
[0m16:34:10.699678 [debug] [Thread-1 (]: Writing injected SQL for node "test.UrbanMove_dbt_project.dbt_utils_expression_is_true_stg_yellow_trips_airport_fee___0.86520a37d2"
[0m16:34:10.700055 [debug] [Thread-1 (]: Began executing node test.UrbanMove_dbt_project.dbt_utils_expression_is_true_stg_yellow_trips_airport_fee___0.86520a37d2
[0m16:34:10.700765 [debug] [Thread-1 (]: Writing runtime sql for node "test.UrbanMove_dbt_project.dbt_utils_expression_is_true_stg_yellow_trips_airport_fee___0.86520a37d2"
[0m16:34:10.700999 [debug] [Thread-1 (]: Using postgres connection "test.UrbanMove_dbt_project.dbt_utils_expression_is_true_stg_yellow_trips_airport_fee___0.86520a37d2"
[0m16:34:10.701103 [debug] [Thread-1 (]: On test.UrbanMove_dbt_project.dbt_utils_expression_is_true_stg_yellow_trips_airport_fee___0.86520a37d2: BEGIN
[0m16:34:10.701199 [debug] [Thread-1 (]: Opening a new connection, currently in state closed
[0m16:34:10.705921 [debug] [Thread-1 (]: SQL status: BEGIN in 0.005 seconds
[0m16:34:10.706038 [debug] [Thread-1 (]: Using postgres connection "test.UrbanMove_dbt_project.dbt_utils_expression_is_true_stg_yellow_trips_airport_fee___0.86520a37d2"
[0m16:34:10.706142 [debug] [Thread-1 (]: On test.UrbanMove_dbt_project.dbt_utils_expression_is_true_stg_yellow_trips_airport_fee___0.86520a37d2: /* {"app": "dbt", "dbt_version": "1.8.0", "profile_name": "UrbanMove_dbt_project", "target_name": "dev", "node_id": "test.UrbanMove_dbt_project.dbt_utils_expression_is_true_stg_yellow_trips_airport_fee___0.86520a37d2"} */
select
      count(*) as failures,
      count(*) != 0 as should_warn,
      count(*) != 0 as should_error
    from (
      



select
    1
from "taxi_db"."dbt_dev"."stg_yellow_trips"

where not(airport_fee >= 0)


      
    ) dbt_internal_test
[0m16:34:10.751837 [debug] [Thread-1 (]: SQL status: SELECT 1 in 0.045 seconds
[0m16:34:10.754000 [debug] [Thread-1 (]: On test.UrbanMove_dbt_project.dbt_utils_expression_is_true_stg_yellow_trips_airport_fee___0.86520a37d2: ROLLBACK
[0m16:34:10.754570 [debug] [Thread-1 (]: On test.UrbanMove_dbt_project.dbt_utils_expression_is_true_stg_yellow_trips_airport_fee___0.86520a37d2: Close
[0m16:34:10.755071 [info ] [Thread-1 (]: 2 of 20 PASS dbt_utils_expression_is_true_stg_yellow_trips_airport_fee___0 ..... [[32mPASS[0m in 0.06s]
[0m16:34:10.755488 [debug] [Thread-1 (]: Finished running node test.UrbanMove_dbt_project.dbt_utils_expression_is_true_stg_yellow_trips_airport_fee___0.86520a37d2
[0m16:34:10.755798 [debug] [Thread-1 (]: Began running node test.UrbanMove_dbt_project.dbt_utils_expression_is_true_stg_yellow_trips_cbd_congestion_fee___0.70c6d19852
[0m16:34:10.756142 [info ] [Thread-1 (]: 3 of 20 START test dbt_utils_expression_is_true_stg_yellow_trips_cbd_congestion_fee___0  [RUN]
[0m16:34:10.756665 [debug] [Thread-1 (]: Re-using an available connection from the pool (formerly test.UrbanMove_dbt_project.dbt_utils_expression_is_true_stg_yellow_trips_airport_fee___0.86520a37d2, now test.UrbanMove_dbt_project.dbt_utils_expression_is_true_stg_yellow_trips_cbd_congestion_fee___0.70c6d19852)
[0m16:34:10.756987 [debug] [Thread-1 (]: Began compiling node test.UrbanMove_dbt_project.dbt_utils_expression_is_true_stg_yellow_trips_cbd_congestion_fee___0.70c6d19852
[0m16:34:10.761451 [debug] [Thread-1 (]: Writing injected SQL for node "test.UrbanMove_dbt_project.dbt_utils_expression_is_true_stg_yellow_trips_cbd_congestion_fee___0.70c6d19852"
[0m16:34:10.761970 [debug] [Thread-1 (]: Began executing node test.UrbanMove_dbt_project.dbt_utils_expression_is_true_stg_yellow_trips_cbd_congestion_fee___0.70c6d19852
[0m16:34:10.762756 [debug] [Thread-1 (]: Writing runtime sql for node "test.UrbanMove_dbt_project.dbt_utils_expression_is_true_stg_yellow_trips_cbd_congestion_fee___0.70c6d19852"
[0m16:34:10.763219 [debug] [Thread-1 (]: Using postgres connection "test.UrbanMove_dbt_project.dbt_utils_expression_is_true_stg_yellow_trips_cbd_congestion_fee___0.70c6d19852"
[0m16:34:10.763445 [debug] [Thread-1 (]: On test.UrbanMove_dbt_project.dbt_utils_expression_is_true_stg_yellow_trips_cbd_congestion_fee___0.70c6d19852: BEGIN
[0m16:34:10.763651 [debug] [Thread-1 (]: Opening a new connection, currently in state closed
[0m16:34:10.768996 [debug] [Thread-1 (]: SQL status: BEGIN in 0.005 seconds
[0m16:34:10.769157 [debug] [Thread-1 (]: Using postgres connection "test.UrbanMove_dbt_project.dbt_utils_expression_is_true_stg_yellow_trips_cbd_congestion_fee___0.70c6d19852"
[0m16:34:10.769288 [debug] [Thread-1 (]: On test.UrbanMove_dbt_project.dbt_utils_expression_is_true_stg_yellow_trips_cbd_congestion_fee___0.70c6d19852: /* {"app": "dbt", "dbt_version": "1.8.0", "profile_name": "UrbanMove_dbt_project", "target_name": "dev", "node_id": "test.UrbanMove_dbt_project.dbt_utils_expression_is_true_stg_yellow_trips_cbd_congestion_fee___0.70c6d19852"} */
select
      count(*) as failures,
      count(*) != 0 as should_warn,
      count(*) != 0 as should_error
    from (
      



select
    1
from "taxi_db"."dbt_dev"."stg_yellow_trips"

where not(cbd_congestion_fee >= 0)


      
    ) dbt_internal_test
[0m16:34:10.814789 [debug] [Thread-1 (]: SQL status: SELECT 1 in 0.045 seconds
[0m16:34:10.816954 [debug] [Thread-1 (]: On test.UrbanMove_dbt_project.dbt_utils_expression_is_true_stg_yellow_trips_cbd_congestion_fee___0.70c6d19852: ROLLBACK
[0m16:34:10.817668 [debug] [Thread-1 (]: On test.UrbanMove_dbt_project.dbt_utils_expression_is_true_stg_yellow_trips_cbd_congestion_fee___0.70c6d19852: Close
[0m16:34:10.818210 [info ] [Thread-1 (]: 3 of 20 PASS dbt_utils_expression_is_true_stg_yellow_trips_cbd_congestion_fee___0  [[32mPASS[0m in 0.06s]
[0m16:34:10.818676 [debug] [Thread-1 (]: Finished running node test.UrbanMove_dbt_project.dbt_utils_expression_is_true_stg_yellow_trips_cbd_congestion_fee___0.70c6d19852
[0m16:34:10.818978 [debug] [Thread-1 (]: Began running node test.UrbanMove_dbt_project.dbt_utils_expression_is_true_stg_yellow_trips_congestion_surcharge___0.f4af6fa624
[0m16:34:10.819302 [info ] [Thread-1 (]: 4 of 20 START test dbt_utils_expression_is_true_stg_yellow_trips_congestion_surcharge___0  [RUN]
[0m16:34:10.819713 [debug] [Thread-1 (]: Re-using an available connection from the pool (formerly test.UrbanMove_dbt_project.dbt_utils_expression_is_true_stg_yellow_trips_cbd_congestion_fee___0.70c6d19852, now test.UrbanMove_dbt_project.dbt_utils_expression_is_true_stg_yellow_trips_congestion_surcharge___0.f4af6fa624)
[0m16:34:10.820055 [debug] [Thread-1 (]: Began compiling node test.UrbanMove_dbt_project.dbt_utils_expression_is_true_stg_yellow_trips_congestion_surcharge___0.f4af6fa624
[0m16:34:10.826543 [debug] [Thread-1 (]: Writing injected SQL for node "test.UrbanMove_dbt_project.dbt_utils_expression_is_true_stg_yellow_trips_congestion_surcharge___0.f4af6fa624"
[0m16:34:10.827075 [debug] [Thread-1 (]: Began executing node test.UrbanMove_dbt_project.dbt_utils_expression_is_true_stg_yellow_trips_congestion_surcharge___0.f4af6fa624
[0m16:34:10.828613 [debug] [Thread-1 (]: Writing runtime sql for node "test.UrbanMove_dbt_project.dbt_utils_expression_is_true_stg_yellow_trips_congestion_surcharge___0.f4af6fa624"
[0m16:34:10.829092 [debug] [Thread-1 (]: Using postgres connection "test.UrbanMove_dbt_project.dbt_utils_expression_is_true_stg_yellow_trips_congestion_surcharge___0.f4af6fa624"
[0m16:34:10.829319 [debug] [Thread-1 (]: On test.UrbanMove_dbt_project.dbt_utils_expression_is_true_stg_yellow_trips_congestion_surcharge___0.f4af6fa624: BEGIN
[0m16:34:10.829522 [debug] [Thread-1 (]: Opening a new connection, currently in state closed
[0m16:34:10.835230 [debug] [Thread-1 (]: SQL status: BEGIN in 0.006 seconds
[0m16:34:10.835377 [debug] [Thread-1 (]: Using postgres connection "test.UrbanMove_dbt_project.dbt_utils_expression_is_true_stg_yellow_trips_congestion_surcharge___0.f4af6fa624"
[0m16:34:10.835494 [debug] [Thread-1 (]: On test.UrbanMove_dbt_project.dbt_utils_expression_is_true_stg_yellow_trips_congestion_surcharge___0.f4af6fa624: /* {"app": "dbt", "dbt_version": "1.8.0", "profile_name": "UrbanMove_dbt_project", "target_name": "dev", "node_id": "test.UrbanMove_dbt_project.dbt_utils_expression_is_true_stg_yellow_trips_congestion_surcharge___0.f4af6fa624"} */
select
      count(*) as failures,
      count(*) != 0 as should_warn,
      count(*) != 0 as should_error
    from (
      



select
    1
from "taxi_db"."dbt_dev"."stg_yellow_trips"

where not(congestion_surcharge >= 0)


      
    ) dbt_internal_test
[0m16:34:10.879729 [debug] [Thread-1 (]: SQL status: SELECT 1 in 0.044 seconds
[0m16:34:10.881924 [debug] [Thread-1 (]: On test.UrbanMove_dbt_project.dbt_utils_expression_is_true_stg_yellow_trips_congestion_surcharge___0.f4af6fa624: ROLLBACK
[0m16:34:10.882669 [debug] [Thread-1 (]: On test.UrbanMove_dbt_project.dbt_utils_expression_is_true_stg_yellow_trips_congestion_surcharge___0.f4af6fa624: Close
[0m16:34:10.883369 [info ] [Thread-1 (]: 4 of 20 PASS dbt_utils_expression_is_true_stg_yellow_trips_congestion_surcharge___0  [[32mPASS[0m in 0.06s]
[0m16:34:10.883890 [debug] [Thread-1 (]: Finished running node test.UrbanMove_dbt_project.dbt_utils_expression_is_true_stg_yellow_trips_congestion_surcharge___0.f4af6fa624
[0m16:34:10.884289 [debug] [Thread-1 (]: Began running node test.UrbanMove_dbt_project.dbt_utils_expression_is_true_stg_yellow_trips_extra_surcharge___0.184b23d1c3
[0m16:34:10.884718 [info ] [Thread-1 (]: 5 of 20 START test dbt_utils_expression_is_true_stg_yellow_trips_extra_surcharge___0  [RUN]
[0m16:34:10.885172 [debug] [Thread-1 (]: Re-using an available connection from the pool (formerly test.UrbanMove_dbt_project.dbt_utils_expression_is_true_stg_yellow_trips_congestion_surcharge___0.f4af6fa624, now test.UrbanMove_dbt_project.dbt_utils_expression_is_true_stg_yellow_trips_extra_surcharge___0.184b23d1c3)
[0m16:34:10.885507 [debug] [Thread-1 (]: Began compiling node test.UrbanMove_dbt_project.dbt_utils_expression_is_true_stg_yellow_trips_extra_surcharge___0.184b23d1c3
[0m16:34:10.890645 [debug] [Thread-1 (]: Writing injected SQL for node "test.UrbanMove_dbt_project.dbt_utils_expression_is_true_stg_yellow_trips_extra_surcharge___0.184b23d1c3"
[0m16:34:10.891610 [debug] [Thread-1 (]: Began executing node test.UrbanMove_dbt_project.dbt_utils_expression_is_true_stg_yellow_trips_extra_surcharge___0.184b23d1c3
[0m16:34:10.893995 [debug] [Thread-1 (]: Writing runtime sql for node "test.UrbanMove_dbt_project.dbt_utils_expression_is_true_stg_yellow_trips_extra_surcharge___0.184b23d1c3"
[0m16:34:10.894517 [debug] [Thread-1 (]: Using postgres connection "test.UrbanMove_dbt_project.dbt_utils_expression_is_true_stg_yellow_trips_extra_surcharge___0.184b23d1c3"
[0m16:34:10.894671 [debug] [Thread-1 (]: On test.UrbanMove_dbt_project.dbt_utils_expression_is_true_stg_yellow_trips_extra_surcharge___0.184b23d1c3: BEGIN
[0m16:34:10.894761 [debug] [Thread-1 (]: Opening a new connection, currently in state closed
[0m16:34:10.899614 [debug] [Thread-1 (]: SQL status: BEGIN in 0.005 seconds
[0m16:34:10.899768 [debug] [Thread-1 (]: Using postgres connection "test.UrbanMove_dbt_project.dbt_utils_expression_is_true_stg_yellow_trips_extra_surcharge___0.184b23d1c3"
[0m16:34:10.899893 [debug] [Thread-1 (]: On test.UrbanMove_dbt_project.dbt_utils_expression_is_true_stg_yellow_trips_extra_surcharge___0.184b23d1c3: /* {"app": "dbt", "dbt_version": "1.8.0", "profile_name": "UrbanMove_dbt_project", "target_name": "dev", "node_id": "test.UrbanMove_dbt_project.dbt_utils_expression_is_true_stg_yellow_trips_extra_surcharge___0.184b23d1c3"} */
select
      count(*) as failures,
      count(*) != 0 as should_warn,
      count(*) != 0 as should_error
    from (
      



select
    1
from "taxi_db"."dbt_dev"."stg_yellow_trips"

where not(extra_surcharge >= 0)


      
    ) dbt_internal_test
[0m16:34:10.946611 [debug] [Thread-1 (]: SQL status: SELECT 1 in 0.046 seconds
[0m16:34:10.948691 [debug] [Thread-1 (]: On test.UrbanMove_dbt_project.dbt_utils_expression_is_true_stg_yellow_trips_extra_surcharge___0.184b23d1c3: ROLLBACK
[0m16:34:10.949344 [debug] [Thread-1 (]: On test.UrbanMove_dbt_project.dbt_utils_expression_is_true_stg_yellow_trips_extra_surcharge___0.184b23d1c3: Close
[0m16:34:10.949892 [error] [Thread-1 (]: 5 of 20 FAIL 37 dbt_utils_expression_is_true_stg_yellow_trips_extra_surcharge___0  [[31mFAIL 37[0m in 0.06s]
[0m16:34:10.950363 [debug] [Thread-1 (]: Finished running node test.UrbanMove_dbt_project.dbt_utils_expression_is_true_stg_yellow_trips_extra_surcharge___0.184b23d1c3
[0m16:34:10.950696 [debug] [Thread-1 (]: Began running node test.UrbanMove_dbt_project.dbt_utils_expression_is_true_stg_yellow_trips_fare_amount___0.3ce5f87ef5
[0m16:34:10.951179 [info ] [Thread-1 (]: 6 of 20 START test dbt_utils_expression_is_true_stg_yellow_trips_fare_amount___0  [RUN]
[0m16:34:10.951683 [debug] [Thread-1 (]: Re-using an available connection from the pool (formerly test.UrbanMove_dbt_project.dbt_utils_expression_is_true_stg_yellow_trips_extra_surcharge___0.184b23d1c3, now test.UrbanMove_dbt_project.dbt_utils_expression_is_true_stg_yellow_trips_fare_amount___0.3ce5f87ef5)
[0m16:34:10.952019 [debug] [Thread-1 (]: Began compiling node test.UrbanMove_dbt_project.dbt_utils_expression_is_true_stg_yellow_trips_fare_amount___0.3ce5f87ef5
[0m16:34:10.957494 [debug] [Thread-1 (]: Writing injected SQL for node "test.UrbanMove_dbt_project.dbt_utils_expression_is_true_stg_yellow_trips_fare_amount___0.3ce5f87ef5"
[0m16:34:10.958664 [debug] [Thread-1 (]: Began executing node test.UrbanMove_dbt_project.dbt_utils_expression_is_true_stg_yellow_trips_fare_amount___0.3ce5f87ef5
[0m16:34:10.961548 [debug] [Thread-1 (]: Writing runtime sql for node "test.UrbanMove_dbt_project.dbt_utils_expression_is_true_stg_yellow_trips_fare_amount___0.3ce5f87ef5"
[0m16:34:10.962309 [debug] [Thread-1 (]: Using postgres connection "test.UrbanMove_dbt_project.dbt_utils_expression_is_true_stg_yellow_trips_fare_amount___0.3ce5f87ef5"
[0m16:34:10.962556 [debug] [Thread-1 (]: On test.UrbanMove_dbt_project.dbt_utils_expression_is_true_stg_yellow_trips_fare_amount___0.3ce5f87ef5: BEGIN
[0m16:34:10.962875 [debug] [Thread-1 (]: Opening a new connection, currently in state closed
[0m16:34:10.968720 [debug] [Thread-1 (]: SQL status: BEGIN in 0.006 seconds
[0m16:34:10.968881 [debug] [Thread-1 (]: Using postgres connection "test.UrbanMove_dbt_project.dbt_utils_expression_is_true_stg_yellow_trips_fare_amount___0.3ce5f87ef5"
[0m16:34:10.968993 [debug] [Thread-1 (]: On test.UrbanMove_dbt_project.dbt_utils_expression_is_true_stg_yellow_trips_fare_amount___0.3ce5f87ef5: /* {"app": "dbt", "dbt_version": "1.8.0", "profile_name": "UrbanMove_dbt_project", "target_name": "dev", "node_id": "test.UrbanMove_dbt_project.dbt_utils_expression_is_true_stg_yellow_trips_fare_amount___0.3ce5f87ef5"} */
select
      count(*) as failures,
      count(*) != 0 as should_warn,
      count(*) != 0 as should_error
    from (
      



select
    1
from "taxi_db"."dbt_dev"."stg_yellow_trips"

where not(fare_amount >= 0)


      
    ) dbt_internal_test
[0m16:34:11.003931 [debug] [Thread-1 (]: SQL status: SELECT 1 in 0.035 seconds
[0m16:34:11.005830 [debug] [Thread-1 (]: On test.UrbanMove_dbt_project.dbt_utils_expression_is_true_stg_yellow_trips_fare_amount___0.3ce5f87ef5: ROLLBACK
[0m16:34:11.006472 [debug] [Thread-1 (]: On test.UrbanMove_dbt_project.dbt_utils_expression_is_true_stg_yellow_trips_fare_amount___0.3ce5f87ef5: Close
[0m16:34:11.007207 [info ] [Thread-1 (]: 6 of 20 PASS dbt_utils_expression_is_true_stg_yellow_trips_fare_amount___0 ..... [[32mPASS[0m in 0.06s]
[0m16:34:11.007649 [debug] [Thread-1 (]: Finished running node test.UrbanMove_dbt_project.dbt_utils_expression_is_true_stg_yellow_trips_fare_amount___0.3ce5f87ef5
[0m16:34:11.007969 [debug] [Thread-1 (]: Began running node test.UrbanMove_dbt_project.dbt_utils_expression_is_true_stg_yellow_trips_improvement_surcharge___0.c82316f4d6
[0m16:34:11.008288 [info ] [Thread-1 (]: 7 of 20 START test dbt_utils_expression_is_true_stg_yellow_trips_improvement_surcharge___0  [RUN]
[0m16:34:11.008681 [debug] [Thread-1 (]: Re-using an available connection from the pool (formerly test.UrbanMove_dbt_project.dbt_utils_expression_is_true_stg_yellow_trips_fare_amount___0.3ce5f87ef5, now test.UrbanMove_dbt_project.dbt_utils_expression_is_true_stg_yellow_trips_improvement_surcharge___0.c82316f4d6)
[0m16:34:11.008951 [debug] [Thread-1 (]: Began compiling node test.UrbanMove_dbt_project.dbt_utils_expression_is_true_stg_yellow_trips_improvement_surcharge___0.c82316f4d6
[0m16:34:11.011527 [debug] [Thread-1 (]: Writing injected SQL for node "test.UrbanMove_dbt_project.dbt_utils_expression_is_true_stg_yellow_trips_improvement_surcharge___0.c82316f4d6"
[0m16:34:11.011861 [debug] [Thread-1 (]: Began executing node test.UrbanMove_dbt_project.dbt_utils_expression_is_true_stg_yellow_trips_improvement_surcharge___0.c82316f4d6
[0m16:34:11.012657 [debug] [Thread-1 (]: Writing runtime sql for node "test.UrbanMove_dbt_project.dbt_utils_expression_is_true_stg_yellow_trips_improvement_surcharge___0.c82316f4d6"
[0m16:34:11.012875 [debug] [Thread-1 (]: Using postgres connection "test.UrbanMove_dbt_project.dbt_utils_expression_is_true_stg_yellow_trips_improvement_surcharge___0.c82316f4d6"
[0m16:34:11.012978 [debug] [Thread-1 (]: On test.UrbanMove_dbt_project.dbt_utils_expression_is_true_stg_yellow_trips_improvement_surcharge___0.c82316f4d6: BEGIN
[0m16:34:11.013066 [debug] [Thread-1 (]: Opening a new connection, currently in state closed
[0m16:34:11.017612 [debug] [Thread-1 (]: SQL status: BEGIN in 0.005 seconds
[0m16:34:11.017724 [debug] [Thread-1 (]: Using postgres connection "test.UrbanMove_dbt_project.dbt_utils_expression_is_true_stg_yellow_trips_improvement_surcharge___0.c82316f4d6"
[0m16:34:11.017826 [debug] [Thread-1 (]: On test.UrbanMove_dbt_project.dbt_utils_expression_is_true_stg_yellow_trips_improvement_surcharge___0.c82316f4d6: /* {"app": "dbt", "dbt_version": "1.8.0", "profile_name": "UrbanMove_dbt_project", "target_name": "dev", "node_id": "test.UrbanMove_dbt_project.dbt_utils_expression_is_true_stg_yellow_trips_improvement_surcharge___0.c82316f4d6"} */
select
      count(*) as failures,
      count(*) != 0 as should_warn,
      count(*) != 0 as should_error
    from (
      



select
    1
from "taxi_db"."dbt_dev"."stg_yellow_trips"

where not(improvement_surcharge >= 0)


      
    ) dbt_internal_test
[0m16:34:11.061075 [debug] [Thread-1 (]: SQL status: SELECT 1 in 0.043 seconds
[0m16:34:11.063037 [debug] [Thread-1 (]: On test.UrbanMove_dbt_project.dbt_utils_expression_is_true_stg_yellow_trips_improvement_surcharge___0.c82316f4d6: ROLLBACK
[0m16:34:11.063758 [debug] [Thread-1 (]: On test.UrbanMove_dbt_project.dbt_utils_expression_is_true_stg_yellow_trips_improvement_surcharge___0.c82316f4d6: Close
[0m16:34:11.064244 [info ] [Thread-1 (]: 7 of 20 PASS dbt_utils_expression_is_true_stg_yellow_trips_improvement_surcharge___0  [[32mPASS[0m in 0.06s]
[0m16:34:11.064628 [debug] [Thread-1 (]: Finished running node test.UrbanMove_dbt_project.dbt_utils_expression_is_true_stg_yellow_trips_improvement_surcharge___0.c82316f4d6
[0m16:34:11.064900 [debug] [Thread-1 (]: Began running node test.UrbanMove_dbt_project.dbt_utils_expression_is_true_stg_yellow_trips_regional_tax___0.c28f95cb33
[0m16:34:11.065246 [info ] [Thread-1 (]: 8 of 20 START test dbt_utils_expression_is_true_stg_yellow_trips_regional_tax___0  [RUN]
[0m16:34:11.065668 [debug] [Thread-1 (]: Re-using an available connection from the pool (formerly test.UrbanMove_dbt_project.dbt_utils_expression_is_true_stg_yellow_trips_improvement_surcharge___0.c82316f4d6, now test.UrbanMove_dbt_project.dbt_utils_expression_is_true_stg_yellow_trips_regional_tax___0.c28f95cb33)
[0m16:34:11.065928 [debug] [Thread-1 (]: Began compiling node test.UrbanMove_dbt_project.dbt_utils_expression_is_true_stg_yellow_trips_regional_tax___0.c28f95cb33
[0m16:34:11.071217 [debug] [Thread-1 (]: Writing injected SQL for node "test.UrbanMove_dbt_project.dbt_utils_expression_is_true_stg_yellow_trips_regional_tax___0.c28f95cb33"
[0m16:34:11.072338 [debug] [Thread-1 (]: Began executing node test.UrbanMove_dbt_project.dbt_utils_expression_is_true_stg_yellow_trips_regional_tax___0.c28f95cb33
[0m16:34:11.074813 [debug] [Thread-1 (]: Writing runtime sql for node "test.UrbanMove_dbt_project.dbt_utils_expression_is_true_stg_yellow_trips_regional_tax___0.c28f95cb33"
[0m16:34:11.075717 [debug] [Thread-1 (]: Using postgres connection "test.UrbanMove_dbt_project.dbt_utils_expression_is_true_stg_yellow_trips_regional_tax___0.c28f95cb33"
[0m16:34:11.075899 [debug] [Thread-1 (]: On test.UrbanMove_dbt_project.dbt_utils_expression_is_true_stg_yellow_trips_regional_tax___0.c28f95cb33: BEGIN
[0m16:34:11.075987 [debug] [Thread-1 (]: Opening a new connection, currently in state closed
[0m16:34:11.080424 [debug] [Thread-1 (]: SQL status: BEGIN in 0.004 seconds
[0m16:34:11.080559 [debug] [Thread-1 (]: Using postgres connection "test.UrbanMove_dbt_project.dbt_utils_expression_is_true_stg_yellow_trips_regional_tax___0.c28f95cb33"
[0m16:34:11.080668 [debug] [Thread-1 (]: On test.UrbanMove_dbt_project.dbt_utils_expression_is_true_stg_yellow_trips_regional_tax___0.c28f95cb33: /* {"app": "dbt", "dbt_version": "1.8.0", "profile_name": "UrbanMove_dbt_project", "target_name": "dev", "node_id": "test.UrbanMove_dbt_project.dbt_utils_expression_is_true_stg_yellow_trips_regional_tax___0.c28f95cb33"} */
select
      count(*) as failures,
      count(*) != 0 as should_warn,
      count(*) != 0 as should_error
    from (
      



select
    1
from "taxi_db"."dbt_dev"."stg_yellow_trips"

where not(regional_tax >= 0)


      
    ) dbt_internal_test
[0m16:34:11.128311 [debug] [Thread-1 (]: SQL status: SELECT 1 in 0.047 seconds
[0m16:34:11.130612 [debug] [Thread-1 (]: On test.UrbanMove_dbt_project.dbt_utils_expression_is_true_stg_yellow_trips_regional_tax___0.c28f95cb33: ROLLBACK
[0m16:34:11.131364 [debug] [Thread-1 (]: On test.UrbanMove_dbt_project.dbt_utils_expression_is_true_stg_yellow_trips_regional_tax___0.c28f95cb33: Close
[0m16:34:11.131993 [info ] [Thread-1 (]: 8 of 20 PASS dbt_utils_expression_is_true_stg_yellow_trips_regional_tax___0 .... [[32mPASS[0m in 0.07s]
[0m16:34:11.132367 [debug] [Thread-1 (]: Finished running node test.UrbanMove_dbt_project.dbt_utils_expression_is_true_stg_yellow_trips_regional_tax___0.c28f95cb33
[0m16:34:11.132644 [debug] [Thread-1 (]: Began running node test.UrbanMove_dbt_project.dbt_utils_expression_is_true_stg_yellow_trips_tip_amount___0.4de0cbbbf3
[0m16:34:11.132912 [info ] [Thread-1 (]: 9 of 20 START test dbt_utils_expression_is_true_stg_yellow_trips_tip_amount___0  [RUN]
[0m16:34:11.133217 [debug] [Thread-1 (]: Re-using an available connection from the pool (formerly test.UrbanMove_dbt_project.dbt_utils_expression_is_true_stg_yellow_trips_regional_tax___0.c28f95cb33, now test.UrbanMove_dbt_project.dbt_utils_expression_is_true_stg_yellow_trips_tip_amount___0.4de0cbbbf3)
[0m16:34:11.133470 [debug] [Thread-1 (]: Began compiling node test.UrbanMove_dbt_project.dbt_utils_expression_is_true_stg_yellow_trips_tip_amount___0.4de0cbbbf3
[0m16:34:11.139693 [debug] [Thread-1 (]: Writing injected SQL for node "test.UrbanMove_dbt_project.dbt_utils_expression_is_true_stg_yellow_trips_tip_amount___0.4de0cbbbf3"
[0m16:34:11.140834 [debug] [Thread-1 (]: Began executing node test.UrbanMove_dbt_project.dbt_utils_expression_is_true_stg_yellow_trips_tip_amount___0.4de0cbbbf3
[0m16:34:11.143472 [debug] [Thread-1 (]: Writing runtime sql for node "test.UrbanMove_dbt_project.dbt_utils_expression_is_true_stg_yellow_trips_tip_amount___0.4de0cbbbf3"
[0m16:34:11.144181 [debug] [Thread-1 (]: Using postgres connection "test.UrbanMove_dbt_project.dbt_utils_expression_is_true_stg_yellow_trips_tip_amount___0.4de0cbbbf3"
[0m16:34:11.144434 [debug] [Thread-1 (]: On test.UrbanMove_dbt_project.dbt_utils_expression_is_true_stg_yellow_trips_tip_amount___0.4de0cbbbf3: BEGIN
[0m16:34:11.144650 [debug] [Thread-1 (]: Opening a new connection, currently in state closed
[0m16:34:11.150141 [debug] [Thread-1 (]: SQL status: BEGIN in 0.006 seconds
[0m16:34:11.150276 [debug] [Thread-1 (]: Using postgres connection "test.UrbanMove_dbt_project.dbt_utils_expression_is_true_stg_yellow_trips_tip_amount___0.4de0cbbbf3"
[0m16:34:11.150377 [debug] [Thread-1 (]: On test.UrbanMove_dbt_project.dbt_utils_expression_is_true_stg_yellow_trips_tip_amount___0.4de0cbbbf3: /* {"app": "dbt", "dbt_version": "1.8.0", "profile_name": "UrbanMove_dbt_project", "target_name": "dev", "node_id": "test.UrbanMove_dbt_project.dbt_utils_expression_is_true_stg_yellow_trips_tip_amount___0.4de0cbbbf3"} */
select
      count(*) as failures,
      count(*) != 0 as should_warn,
      count(*) != 0 as should_error
    from (
      



select
    1
from "taxi_db"."dbt_dev"."stg_yellow_trips"

where not(tip_amount >= 0)


      
    ) dbt_internal_test
[0m16:34:11.184392 [debug] [Thread-1 (]: SQL status: SELECT 1 in 0.034 seconds
[0m16:34:11.186534 [debug] [Thread-1 (]: On test.UrbanMove_dbt_project.dbt_utils_expression_is_true_stg_yellow_trips_tip_amount___0.4de0cbbbf3: ROLLBACK
[0m16:34:11.187302 [debug] [Thread-1 (]: On test.UrbanMove_dbt_project.dbt_utils_expression_is_true_stg_yellow_trips_tip_amount___0.4de0cbbbf3: Close
[0m16:34:11.187853 [info ] [Thread-1 (]: 9 of 20 PASS dbt_utils_expression_is_true_stg_yellow_trips_tip_amount___0 ...... [[32mPASS[0m in 0.05s]
[0m16:34:11.188319 [debug] [Thread-1 (]: Finished running node test.UrbanMove_dbt_project.dbt_utils_expression_is_true_stg_yellow_trips_tip_amount___0.4de0cbbbf3
[0m16:34:11.188663 [debug] [Thread-1 (]: Began running node test.UrbanMove_dbt_project.dbt_utils_expression_is_true_stg_yellow_trips_tolls_amount___0.e7110734c8
[0m16:34:11.189084 [info ] [Thread-1 (]: 10 of 20 START test dbt_utils_expression_is_true_stg_yellow_trips_tolls_amount___0  [RUN]
[0m16:34:11.189503 [debug] [Thread-1 (]: Re-using an available connection from the pool (formerly test.UrbanMove_dbt_project.dbt_utils_expression_is_true_stg_yellow_trips_tip_amount___0.4de0cbbbf3, now test.UrbanMove_dbt_project.dbt_utils_expression_is_true_stg_yellow_trips_tolls_amount___0.e7110734c8)
[0m16:34:11.189820 [debug] [Thread-1 (]: Began compiling node test.UrbanMove_dbt_project.dbt_utils_expression_is_true_stg_yellow_trips_tolls_amount___0.e7110734c8
[0m16:34:11.194510 [debug] [Thread-1 (]: Writing injected SQL for node "test.UrbanMove_dbt_project.dbt_utils_expression_is_true_stg_yellow_trips_tolls_amount___0.e7110734c8"
[0m16:34:11.195448 [debug] [Thread-1 (]: Began executing node test.UrbanMove_dbt_project.dbt_utils_expression_is_true_stg_yellow_trips_tolls_amount___0.e7110734c8
[0m16:34:11.197555 [debug] [Thread-1 (]: Writing runtime sql for node "test.UrbanMove_dbt_project.dbt_utils_expression_is_true_stg_yellow_trips_tolls_amount___0.e7110734c8"
[0m16:34:11.197900 [debug] [Thread-1 (]: Using postgres connection "test.UrbanMove_dbt_project.dbt_utils_expression_is_true_stg_yellow_trips_tolls_amount___0.e7110734c8"
[0m16:34:11.198078 [debug] [Thread-1 (]: On test.UrbanMove_dbt_project.dbt_utils_expression_is_true_stg_yellow_trips_tolls_amount___0.e7110734c8: BEGIN
[0m16:34:11.198162 [debug] [Thread-1 (]: Opening a new connection, currently in state closed
[0m16:34:11.202597 [debug] [Thread-1 (]: SQL status: BEGIN in 0.004 seconds
[0m16:34:11.202742 [debug] [Thread-1 (]: Using postgres connection "test.UrbanMove_dbt_project.dbt_utils_expression_is_true_stg_yellow_trips_tolls_amount___0.e7110734c8"
[0m16:34:11.202863 [debug] [Thread-1 (]: On test.UrbanMove_dbt_project.dbt_utils_expression_is_true_stg_yellow_trips_tolls_amount___0.e7110734c8: /* {"app": "dbt", "dbt_version": "1.8.0", "profile_name": "UrbanMove_dbt_project", "target_name": "dev", "node_id": "test.UrbanMove_dbt_project.dbt_utils_expression_is_true_stg_yellow_trips_tolls_amount___0.e7110734c8"} */
select
      count(*) as failures,
      count(*) != 0 as should_warn,
      count(*) != 0 as should_error
    from (
      



select
    1
from "taxi_db"."dbt_dev"."stg_yellow_trips"

where not(tolls_amount >= 0)


      
    ) dbt_internal_test
[0m16:34:11.243480 [debug] [Thread-1 (]: SQL status: SELECT 1 in 0.040 seconds
[0m16:34:11.245826 [debug] [Thread-1 (]: On test.UrbanMove_dbt_project.dbt_utils_expression_is_true_stg_yellow_trips_tolls_amount___0.e7110734c8: ROLLBACK
[0m16:34:11.246581 [debug] [Thread-1 (]: On test.UrbanMove_dbt_project.dbt_utils_expression_is_true_stg_yellow_trips_tolls_amount___0.e7110734c8: Close
[0m16:34:11.247225 [info ] [Thread-1 (]: 10 of 20 PASS dbt_utils_expression_is_true_stg_yellow_trips_tolls_amount___0 ... [[32mPASS[0m in 0.06s]
[0m16:34:11.247610 [debug] [Thread-1 (]: Finished running node test.UrbanMove_dbt_project.dbt_utils_expression_is_true_stg_yellow_trips_tolls_amount___0.e7110734c8
[0m16:34:11.247894 [debug] [Thread-1 (]: Began running node test.UrbanMove_dbt_project.dbt_utils_expression_is_true_stg_yellow_trips_total_amount___0.fb74c88371
[0m16:34:11.248199 [info ] [Thread-1 (]: 11 of 20 START test dbt_utils_expression_is_true_stg_yellow_trips_total_amount___0  [RUN]
[0m16:34:11.248650 [debug] [Thread-1 (]: Re-using an available connection from the pool (formerly test.UrbanMove_dbt_project.dbt_utils_expression_is_true_stg_yellow_trips_tolls_amount___0.e7110734c8, now test.UrbanMove_dbt_project.dbt_utils_expression_is_true_stg_yellow_trips_total_amount___0.fb74c88371)
[0m16:34:11.248990 [debug] [Thread-1 (]: Began compiling node test.UrbanMove_dbt_project.dbt_utils_expression_is_true_stg_yellow_trips_total_amount___0.fb74c88371
[0m16:34:11.253802 [debug] [Thread-1 (]: Writing injected SQL for node "test.UrbanMove_dbt_project.dbt_utils_expression_is_true_stg_yellow_trips_total_amount___0.fb74c88371"
[0m16:34:11.254778 [debug] [Thread-1 (]: Began executing node test.UrbanMove_dbt_project.dbt_utils_expression_is_true_stg_yellow_trips_total_amount___0.fb74c88371
[0m16:34:11.256943 [debug] [Thread-1 (]: Writing runtime sql for node "test.UrbanMove_dbt_project.dbt_utils_expression_is_true_stg_yellow_trips_total_amount___0.fb74c88371"
[0m16:34:11.257320 [debug] [Thread-1 (]: Using postgres connection "test.UrbanMove_dbt_project.dbt_utils_expression_is_true_stg_yellow_trips_total_amount___0.fb74c88371"
[0m16:34:11.257582 [debug] [Thread-1 (]: On test.UrbanMove_dbt_project.dbt_utils_expression_is_true_stg_yellow_trips_total_amount___0.fb74c88371: BEGIN
[0m16:34:11.257829 [debug] [Thread-1 (]: Opening a new connection, currently in state closed
[0m16:34:11.262582 [debug] [Thread-1 (]: SQL status: BEGIN in 0.005 seconds
[0m16:34:11.262713 [debug] [Thread-1 (]: Using postgres connection "test.UrbanMove_dbt_project.dbt_utils_expression_is_true_stg_yellow_trips_total_amount___0.fb74c88371"
[0m16:34:11.262825 [debug] [Thread-1 (]: On test.UrbanMove_dbt_project.dbt_utils_expression_is_true_stg_yellow_trips_total_amount___0.fb74c88371: /* {"app": "dbt", "dbt_version": "1.8.0", "profile_name": "UrbanMove_dbt_project", "target_name": "dev", "node_id": "test.UrbanMove_dbt_project.dbt_utils_expression_is_true_stg_yellow_trips_total_amount___0.fb74c88371"} */
select
      count(*) as failures,
      count(*) != 0 as should_warn,
      count(*) != 0 as should_error
    from (
      



select
    1
from "taxi_db"."dbt_dev"."stg_yellow_trips"

where not(total_amount >= 0)


      
    ) dbt_internal_test
[0m16:34:11.297255 [debug] [Thread-1 (]: SQL status: SELECT 1 in 0.034 seconds
[0m16:34:11.299535 [debug] [Thread-1 (]: On test.UrbanMove_dbt_project.dbt_utils_expression_is_true_stg_yellow_trips_total_amount___0.fb74c88371: ROLLBACK
[0m16:34:11.300334 [debug] [Thread-1 (]: On test.UrbanMove_dbt_project.dbt_utils_expression_is_true_stg_yellow_trips_total_amount___0.fb74c88371: Close
[0m16:34:11.300939 [info ] [Thread-1 (]: 11 of 20 PASS dbt_utils_expression_is_true_stg_yellow_trips_total_amount___0 ... [[32mPASS[0m in 0.05s]
[0m16:34:11.301318 [debug] [Thread-1 (]: Finished running node test.UrbanMove_dbt_project.dbt_utils_expression_is_true_stg_yellow_trips_total_amount___0.fb74c88371
[0m16:34:11.301587 [debug] [Thread-1 (]: Began running node test.UrbanMove_dbt_project.dbt_utils_expression_is_true_stg_yellow_trips_trip_distance___0.589781b2f5
[0m16:34:11.301841 [info ] [Thread-1 (]: 12 of 20 START test dbt_utils_expression_is_true_stg_yellow_trips_trip_distance___0  [RUN]
[0m16:34:11.302127 [debug] [Thread-1 (]: Re-using an available connection from the pool (formerly test.UrbanMove_dbt_project.dbt_utils_expression_is_true_stg_yellow_trips_total_amount___0.fb74c88371, now test.UrbanMove_dbt_project.dbt_utils_expression_is_true_stg_yellow_trips_trip_distance___0.589781b2f5)
[0m16:34:11.302358 [debug] [Thread-1 (]: Began compiling node test.UrbanMove_dbt_project.dbt_utils_expression_is_true_stg_yellow_trips_trip_distance___0.589781b2f5
[0m16:34:11.307345 [debug] [Thread-1 (]: Writing injected SQL for node "test.UrbanMove_dbt_project.dbt_utils_expression_is_true_stg_yellow_trips_trip_distance___0.589781b2f5"
[0m16:34:11.308172 [debug] [Thread-1 (]: Began executing node test.UrbanMove_dbt_project.dbt_utils_expression_is_true_stg_yellow_trips_trip_distance___0.589781b2f5
[0m16:34:11.309194 [debug] [Thread-1 (]: Writing runtime sql for node "test.UrbanMove_dbt_project.dbt_utils_expression_is_true_stg_yellow_trips_trip_distance___0.589781b2f5"
[0m16:34:11.309424 [debug] [Thread-1 (]: Using postgres connection "test.UrbanMove_dbt_project.dbt_utils_expression_is_true_stg_yellow_trips_trip_distance___0.589781b2f5"
[0m16:34:11.309595 [debug] [Thread-1 (]: On test.UrbanMove_dbt_project.dbt_utils_expression_is_true_stg_yellow_trips_trip_distance___0.589781b2f5: BEGIN
[0m16:34:11.309786 [debug] [Thread-1 (]: Opening a new connection, currently in state closed
[0m16:34:11.314782 [debug] [Thread-1 (]: SQL status: BEGIN in 0.005 seconds
[0m16:34:11.314899 [debug] [Thread-1 (]: Using postgres connection "test.UrbanMove_dbt_project.dbt_utils_expression_is_true_stg_yellow_trips_trip_distance___0.589781b2f5"
[0m16:34:11.315004 [debug] [Thread-1 (]: On test.UrbanMove_dbt_project.dbt_utils_expression_is_true_stg_yellow_trips_trip_distance___0.589781b2f5: /* {"app": "dbt", "dbt_version": "1.8.0", "profile_name": "UrbanMove_dbt_project", "target_name": "dev", "node_id": "test.UrbanMove_dbt_project.dbt_utils_expression_is_true_stg_yellow_trips_trip_distance___0.589781b2f5"} */
select
      count(*) as failures,
      count(*) != 0 as should_warn,
      count(*) != 0 as should_error
    from (
      



select
    1
from "taxi_db"."dbt_dev"."stg_yellow_trips"

where not(trip_distance >= 0)


      
    ) dbt_internal_test
[0m16:34:11.348796 [debug] [Thread-1 (]: SQL status: SELECT 1 in 0.033 seconds
[0m16:34:11.350435 [debug] [Thread-1 (]: On test.UrbanMove_dbt_project.dbt_utils_expression_is_true_stg_yellow_trips_trip_distance___0.589781b2f5: ROLLBACK
[0m16:34:11.351165 [debug] [Thread-1 (]: On test.UrbanMove_dbt_project.dbt_utils_expression_is_true_stg_yellow_trips_trip_distance___0.589781b2f5: Close
[0m16:34:11.351638 [info ] [Thread-1 (]: 12 of 20 PASS dbt_utils_expression_is_true_stg_yellow_trips_trip_distance___0 .. [[32mPASS[0m in 0.05s]
[0m16:34:11.352005 [debug] [Thread-1 (]: Finished running node test.UrbanMove_dbt_project.dbt_utils_expression_is_true_stg_yellow_trips_trip_distance___0.589781b2f5
[0m16:34:11.352267 [debug] [Thread-1 (]: Began running node test.UrbanMove_dbt_project.not_null_stg_yellow_trips_dropoff_datetime.369e989052
[0m16:34:11.352537 [info ] [Thread-1 (]: 13 of 20 START test not_null_stg_yellow_trips_dropoff_datetime ................. [RUN]
[0m16:34:11.352874 [debug] [Thread-1 (]: Re-using an available connection from the pool (formerly test.UrbanMove_dbt_project.dbt_utils_expression_is_true_stg_yellow_trips_trip_distance___0.589781b2f5, now test.UrbanMove_dbt_project.not_null_stg_yellow_trips_dropoff_datetime.369e989052)
[0m16:34:11.353140 [debug] [Thread-1 (]: Began compiling node test.UrbanMove_dbt_project.not_null_stg_yellow_trips_dropoff_datetime.369e989052
[0m16:34:11.358317 [debug] [Thread-1 (]: Writing injected SQL for node "test.UrbanMove_dbt_project.not_null_stg_yellow_trips_dropoff_datetime.369e989052"
[0m16:34:11.358662 [debug] [Thread-1 (]: Began executing node test.UrbanMove_dbt_project.not_null_stg_yellow_trips_dropoff_datetime.369e989052
[0m16:34:11.359594 [debug] [Thread-1 (]: Writing runtime sql for node "test.UrbanMove_dbt_project.not_null_stg_yellow_trips_dropoff_datetime.369e989052"
[0m16:34:11.359837 [debug] [Thread-1 (]: Using postgres connection "test.UrbanMove_dbt_project.not_null_stg_yellow_trips_dropoff_datetime.369e989052"
[0m16:34:11.360020 [debug] [Thread-1 (]: On test.UrbanMove_dbt_project.not_null_stg_yellow_trips_dropoff_datetime.369e989052: BEGIN
[0m16:34:11.360105 [debug] [Thread-1 (]: Opening a new connection, currently in state closed
[0m16:34:11.364581 [debug] [Thread-1 (]: SQL status: BEGIN in 0.004 seconds
[0m16:34:11.364688 [debug] [Thread-1 (]: Using postgres connection "test.UrbanMove_dbt_project.not_null_stg_yellow_trips_dropoff_datetime.369e989052"
[0m16:34:11.364788 [debug] [Thread-1 (]: On test.UrbanMove_dbt_project.not_null_stg_yellow_trips_dropoff_datetime.369e989052: /* {"app": "dbt", "dbt_version": "1.8.0", "profile_name": "UrbanMove_dbt_project", "target_name": "dev", "node_id": "test.UrbanMove_dbt_project.not_null_stg_yellow_trips_dropoff_datetime.369e989052"} */
select
      count(*) as failures,
      count(*) != 0 as should_warn,
      count(*) != 0 as should_error
    from (
      
    
    



select dropoff_datetime
from "taxi_db"."dbt_dev"."stg_yellow_trips"
where dropoff_datetime is null



      
    ) dbt_internal_test
[0m16:34:11.395193 [debug] [Thread-1 (]: SQL status: SELECT 1 in 0.030 seconds
[0m16:34:11.397004 [debug] [Thread-1 (]: On test.UrbanMove_dbt_project.not_null_stg_yellow_trips_dropoff_datetime.369e989052: ROLLBACK
[0m16:34:11.397577 [debug] [Thread-1 (]: On test.UrbanMove_dbt_project.not_null_stg_yellow_trips_dropoff_datetime.369e989052: Close
[0m16:34:11.398155 [info ] [Thread-1 (]: 13 of 20 PASS not_null_stg_yellow_trips_dropoff_datetime ....................... [[32mPASS[0m in 0.05s]
[0m16:34:11.398581 [debug] [Thread-1 (]: Finished running node test.UrbanMove_dbt_project.not_null_stg_yellow_trips_dropoff_datetime.369e989052
[0m16:34:11.398871 [debug] [Thread-1 (]: Began running node test.UrbanMove_dbt_project.not_null_stg_yellow_trips_dropoff_location_id.19a28c5048
[0m16:34:11.399192 [info ] [Thread-1 (]: 14 of 20 START test not_null_stg_yellow_trips_dropoff_location_id .............. [RUN]
[0m16:34:11.399652 [debug] [Thread-1 (]: Re-using an available connection from the pool (formerly test.UrbanMove_dbt_project.not_null_stg_yellow_trips_dropoff_datetime.369e989052, now test.UrbanMove_dbt_project.not_null_stg_yellow_trips_dropoff_location_id.19a28c5048)
[0m16:34:11.399928 [debug] [Thread-1 (]: Began compiling node test.UrbanMove_dbt_project.not_null_stg_yellow_trips_dropoff_location_id.19a28c5048
[0m16:34:11.401732 [debug] [Thread-1 (]: Writing injected SQL for node "test.UrbanMove_dbt_project.not_null_stg_yellow_trips_dropoff_location_id.19a28c5048"
[0m16:34:11.402060 [debug] [Thread-1 (]: Began executing node test.UrbanMove_dbt_project.not_null_stg_yellow_trips_dropoff_location_id.19a28c5048
[0m16:34:11.402720 [debug] [Thread-1 (]: Writing runtime sql for node "test.UrbanMove_dbt_project.not_null_stg_yellow_trips_dropoff_location_id.19a28c5048"
[0m16:34:11.402989 [debug] [Thread-1 (]: Using postgres connection "test.UrbanMove_dbt_project.not_null_stg_yellow_trips_dropoff_location_id.19a28c5048"
[0m16:34:11.403114 [debug] [Thread-1 (]: On test.UrbanMove_dbt_project.not_null_stg_yellow_trips_dropoff_location_id.19a28c5048: BEGIN
[0m16:34:11.403203 [debug] [Thread-1 (]: Opening a new connection, currently in state closed
[0m16:34:11.407520 [debug] [Thread-1 (]: SQL status: BEGIN in 0.004 seconds
[0m16:34:11.407644 [debug] [Thread-1 (]: Using postgres connection "test.UrbanMove_dbt_project.not_null_stg_yellow_trips_dropoff_location_id.19a28c5048"
[0m16:34:11.407748 [debug] [Thread-1 (]: On test.UrbanMove_dbt_project.not_null_stg_yellow_trips_dropoff_location_id.19a28c5048: /* {"app": "dbt", "dbt_version": "1.8.0", "profile_name": "UrbanMove_dbt_project", "target_name": "dev", "node_id": "test.UrbanMove_dbt_project.not_null_stg_yellow_trips_dropoff_location_id.19a28c5048"} */
select
      count(*) as failures,
      count(*) != 0 as should_warn,
      count(*) != 0 as should_error
    from (
      
    
    



select dropoff_location_id
from "taxi_db"."dbt_dev"."stg_yellow_trips"
where dropoff_location_id is null



      
    ) dbt_internal_test
[0m16:34:11.446198 [debug] [Thread-1 (]: SQL status: SELECT 1 in 0.038 seconds
[0m16:34:11.448269 [debug] [Thread-1 (]: On test.UrbanMove_dbt_project.not_null_stg_yellow_trips_dropoff_location_id.19a28c5048: ROLLBACK
[0m16:34:11.449189 [debug] [Thread-1 (]: On test.UrbanMove_dbt_project.not_null_stg_yellow_trips_dropoff_location_id.19a28c5048: Close
[0m16:34:11.449763 [info ] [Thread-1 (]: 14 of 20 PASS not_null_stg_yellow_trips_dropoff_location_id .................... [[32mPASS[0m in 0.05s]
[0m16:34:11.450181 [debug] [Thread-1 (]: Finished running node test.UrbanMove_dbt_project.not_null_stg_yellow_trips_dropoff_location_id.19a28c5048
[0m16:34:11.450463 [debug] [Thread-1 (]: Began running node test.UrbanMove_dbt_project.not_null_stg_yellow_trips_passenger_count.4ff8bf000d
[0m16:34:11.450796 [info ] [Thread-1 (]: 15 of 20 START test not_null_stg_yellow_trips_passenger_count .................. [RUN]
[0m16:34:11.451159 [debug] [Thread-1 (]: Re-using an available connection from the pool (formerly test.UrbanMove_dbt_project.not_null_stg_yellow_trips_dropoff_location_id.19a28c5048, now test.UrbanMove_dbt_project.not_null_stg_yellow_trips_passenger_count.4ff8bf000d)
[0m16:34:11.451442 [debug] [Thread-1 (]: Began compiling node test.UrbanMove_dbt_project.not_null_stg_yellow_trips_passenger_count.4ff8bf000d
[0m16:34:11.459095 [debug] [Thread-1 (]: Writing injected SQL for node "test.UrbanMove_dbt_project.not_null_stg_yellow_trips_passenger_count.4ff8bf000d"
[0m16:34:11.459418 [debug] [Thread-1 (]: Began executing node test.UrbanMove_dbt_project.not_null_stg_yellow_trips_passenger_count.4ff8bf000d
[0m16:34:11.460307 [debug] [Thread-1 (]: Writing runtime sql for node "test.UrbanMove_dbt_project.not_null_stg_yellow_trips_passenger_count.4ff8bf000d"
[0m16:34:11.460571 [debug] [Thread-1 (]: Using postgres connection "test.UrbanMove_dbt_project.not_null_stg_yellow_trips_passenger_count.4ff8bf000d"
[0m16:34:11.460789 [debug] [Thread-1 (]: On test.UrbanMove_dbt_project.not_null_stg_yellow_trips_passenger_count.4ff8bf000d: BEGIN
[0m16:34:11.460991 [debug] [Thread-1 (]: Opening a new connection, currently in state closed
[0m16:34:11.465595 [debug] [Thread-1 (]: SQL status: BEGIN in 0.005 seconds
[0m16:34:11.465712 [debug] [Thread-1 (]: Using postgres connection "test.UrbanMove_dbt_project.not_null_stg_yellow_trips_passenger_count.4ff8bf000d"
[0m16:34:11.465819 [debug] [Thread-1 (]: On test.UrbanMove_dbt_project.not_null_stg_yellow_trips_passenger_count.4ff8bf000d: /* {"app": "dbt", "dbt_version": "1.8.0", "profile_name": "UrbanMove_dbt_project", "target_name": "dev", "node_id": "test.UrbanMove_dbt_project.not_null_stg_yellow_trips_passenger_count.4ff8bf000d"} */
select
      count(*) as failures,
      count(*) != 0 as should_warn,
      count(*) != 0 as should_error
    from (
      
    
    



select passenger_count
from "taxi_db"."dbt_dev"."stg_yellow_trips"
where passenger_count is null



      
    ) dbt_internal_test
[0m16:34:11.497321 [debug] [Thread-1 (]: SQL status: SELECT 1 in 0.031 seconds
[0m16:34:11.499408 [debug] [Thread-1 (]: On test.UrbanMove_dbt_project.not_null_stg_yellow_trips_passenger_count.4ff8bf000d: ROLLBACK
[0m16:34:11.500314 [debug] [Thread-1 (]: On test.UrbanMove_dbt_project.not_null_stg_yellow_trips_passenger_count.4ff8bf000d: Close
[0m16:34:11.500836 [info ] [Thread-1 (]: 15 of 20 PASS not_null_stg_yellow_trips_passenger_count ........................ [[32mPASS[0m in 0.05s]
[0m16:34:11.501253 [debug] [Thread-1 (]: Finished running node test.UrbanMove_dbt_project.not_null_stg_yellow_trips_passenger_count.4ff8bf000d
[0m16:34:11.501543 [debug] [Thread-1 (]: Began running node test.UrbanMove_dbt_project.not_null_stg_yellow_trips_pickup_datetime.069acef7ed
[0m16:34:11.501819 [info ] [Thread-1 (]: 16 of 20 START test not_null_stg_yellow_trips_pickup_datetime .................. [RUN]
[0m16:34:11.502146 [debug] [Thread-1 (]: Re-using an available connection from the pool (formerly test.UrbanMove_dbt_project.not_null_stg_yellow_trips_passenger_count.4ff8bf000d, now test.UrbanMove_dbt_project.not_null_stg_yellow_trips_pickup_datetime.069acef7ed)
[0m16:34:11.502393 [debug] [Thread-1 (]: Began compiling node test.UrbanMove_dbt_project.not_null_stg_yellow_trips_pickup_datetime.069acef7ed
[0m16:34:11.506875 [debug] [Thread-1 (]: Writing injected SQL for node "test.UrbanMove_dbt_project.not_null_stg_yellow_trips_pickup_datetime.069acef7ed"
[0m16:34:11.507192 [debug] [Thread-1 (]: Began executing node test.UrbanMove_dbt_project.not_null_stg_yellow_trips_pickup_datetime.069acef7ed
[0m16:34:11.508177 [debug] [Thread-1 (]: Writing runtime sql for node "test.UrbanMove_dbt_project.not_null_stg_yellow_trips_pickup_datetime.069acef7ed"
[0m16:34:11.508467 [debug] [Thread-1 (]: Using postgres connection "test.UrbanMove_dbt_project.not_null_stg_yellow_trips_pickup_datetime.069acef7ed"
[0m16:34:11.508720 [debug] [Thread-1 (]: On test.UrbanMove_dbt_project.not_null_stg_yellow_trips_pickup_datetime.069acef7ed: BEGIN
[0m16:34:11.508926 [debug] [Thread-1 (]: Opening a new connection, currently in state closed
[0m16:34:11.514192 [debug] [Thread-1 (]: SQL status: BEGIN in 0.005 seconds
[0m16:34:11.514307 [debug] [Thread-1 (]: Using postgres connection "test.UrbanMove_dbt_project.not_null_stg_yellow_trips_pickup_datetime.069acef7ed"
[0m16:34:11.514408 [debug] [Thread-1 (]: On test.UrbanMove_dbt_project.not_null_stg_yellow_trips_pickup_datetime.069acef7ed: /* {"app": "dbt", "dbt_version": "1.8.0", "profile_name": "UrbanMove_dbt_project", "target_name": "dev", "node_id": "test.UrbanMove_dbt_project.not_null_stg_yellow_trips_pickup_datetime.069acef7ed"} */
select
      count(*) as failures,
      count(*) != 0 as should_warn,
      count(*) != 0 as should_error
    from (
      
    
    



select pickup_datetime
from "taxi_db"."dbt_dev"."stg_yellow_trips"
where pickup_datetime is null



      
    ) dbt_internal_test
[0m16:34:11.545505 [debug] [Thread-1 (]: SQL status: SELECT 1 in 0.031 seconds
[0m16:34:11.547427 [debug] [Thread-1 (]: On test.UrbanMove_dbt_project.not_null_stg_yellow_trips_pickup_datetime.069acef7ed: ROLLBACK
[0m16:34:11.548258 [debug] [Thread-1 (]: On test.UrbanMove_dbt_project.not_null_stg_yellow_trips_pickup_datetime.069acef7ed: Close
[0m16:34:11.548978 [info ] [Thread-1 (]: 16 of 20 PASS not_null_stg_yellow_trips_pickup_datetime ........................ [[32mPASS[0m in 0.05s]
[0m16:34:11.549452 [debug] [Thread-1 (]: Finished running node test.UrbanMove_dbt_project.not_null_stg_yellow_trips_pickup_datetime.069acef7ed
[0m16:34:11.549748 [debug] [Thread-1 (]: Began running node test.UrbanMove_dbt_project.not_null_stg_yellow_trips_pickup_location_id.cf34a865b1
[0m16:34:11.550046 [info ] [Thread-1 (]: 17 of 20 START test not_null_stg_yellow_trips_pickup_location_id ............... [RUN]
[0m16:34:11.550435 [debug] [Thread-1 (]: Re-using an available connection from the pool (formerly test.UrbanMove_dbt_project.not_null_stg_yellow_trips_pickup_datetime.069acef7ed, now test.UrbanMove_dbt_project.not_null_stg_yellow_trips_pickup_location_id.cf34a865b1)
[0m16:34:11.550699 [debug] [Thread-1 (]: Began compiling node test.UrbanMove_dbt_project.not_null_stg_yellow_trips_pickup_location_id.cf34a865b1
[0m16:34:11.554729 [debug] [Thread-1 (]: Writing injected SQL for node "test.UrbanMove_dbt_project.not_null_stg_yellow_trips_pickup_location_id.cf34a865b1"
[0m16:34:11.555181 [debug] [Thread-1 (]: Began executing node test.UrbanMove_dbt_project.not_null_stg_yellow_trips_pickup_location_id.cf34a865b1
[0m16:34:11.556223 [debug] [Thread-1 (]: Writing runtime sql for node "test.UrbanMove_dbt_project.not_null_stg_yellow_trips_pickup_location_id.cf34a865b1"
[0m16:34:11.556666 [debug] [Thread-1 (]: Using postgres connection "test.UrbanMove_dbt_project.not_null_stg_yellow_trips_pickup_location_id.cf34a865b1"
[0m16:34:11.556892 [debug] [Thread-1 (]: On test.UrbanMove_dbt_project.not_null_stg_yellow_trips_pickup_location_id.cf34a865b1: BEGIN
[0m16:34:11.557084 [debug] [Thread-1 (]: Opening a new connection, currently in state closed
[0m16:34:11.561750 [debug] [Thread-1 (]: SQL status: BEGIN in 0.005 seconds
[0m16:34:11.561859 [debug] [Thread-1 (]: Using postgres connection "test.UrbanMove_dbt_project.not_null_stg_yellow_trips_pickup_location_id.cf34a865b1"
[0m16:34:11.561959 [debug] [Thread-1 (]: On test.UrbanMove_dbt_project.not_null_stg_yellow_trips_pickup_location_id.cf34a865b1: /* {"app": "dbt", "dbt_version": "1.8.0", "profile_name": "UrbanMove_dbt_project", "target_name": "dev", "node_id": "test.UrbanMove_dbt_project.not_null_stg_yellow_trips_pickup_location_id.cf34a865b1"} */
select
      count(*) as failures,
      count(*) != 0 as should_warn,
      count(*) != 0 as should_error
    from (
      
    
    



select pickup_location_id
from "taxi_db"."dbt_dev"."stg_yellow_trips"
where pickup_location_id is null



      
    ) dbt_internal_test
[0m16:34:11.599828 [debug] [Thread-1 (]: SQL status: SELECT 1 in 0.038 seconds
[0m16:34:11.601827 [debug] [Thread-1 (]: On test.UrbanMove_dbt_project.not_null_stg_yellow_trips_pickup_location_id.cf34a865b1: ROLLBACK
[0m16:34:11.602415 [debug] [Thread-1 (]: On test.UrbanMove_dbt_project.not_null_stg_yellow_trips_pickup_location_id.cf34a865b1: Close
[0m16:34:11.602918 [info ] [Thread-1 (]: 17 of 20 PASS not_null_stg_yellow_trips_pickup_location_id ..................... [[32mPASS[0m in 0.05s]
[0m16:34:11.603288 [debug] [Thread-1 (]: Finished running node test.UrbanMove_dbt_project.not_null_stg_yellow_trips_pickup_location_id.cf34a865b1
[0m16:34:11.603544 [debug] [Thread-1 (]: Began running node test.UrbanMove_dbt_project.not_null_stg_yellow_trips_trip_id.cf5e2695a1
[0m16:34:11.603826 [info ] [Thread-1 (]: 18 of 20 START test not_null_stg_yellow_trips_trip_id .......................... [RUN]
[0m16:34:11.604181 [debug] [Thread-1 (]: Re-using an available connection from the pool (formerly test.UrbanMove_dbt_project.not_null_stg_yellow_trips_pickup_location_id.cf34a865b1, now test.UrbanMove_dbt_project.not_null_stg_yellow_trips_trip_id.cf5e2695a1)
[0m16:34:11.604436 [debug] [Thread-1 (]: Began compiling node test.UrbanMove_dbt_project.not_null_stg_yellow_trips_trip_id.cf5e2695a1
[0m16:34:11.607068 [debug] [Thread-1 (]: Writing injected SQL for node "test.UrbanMove_dbt_project.not_null_stg_yellow_trips_trip_id.cf5e2695a1"
[0m16:34:11.607385 [debug] [Thread-1 (]: Began executing node test.UrbanMove_dbt_project.not_null_stg_yellow_trips_trip_id.cf5e2695a1
[0m16:34:11.608347 [debug] [Thread-1 (]: Writing runtime sql for node "test.UrbanMove_dbt_project.not_null_stg_yellow_trips_trip_id.cf5e2695a1"
[0m16:34:11.608614 [debug] [Thread-1 (]: Using postgres connection "test.UrbanMove_dbt_project.not_null_stg_yellow_trips_trip_id.cf5e2695a1"
[0m16:34:11.608822 [debug] [Thread-1 (]: On test.UrbanMove_dbt_project.not_null_stg_yellow_trips_trip_id.cf5e2695a1: BEGIN
[0m16:34:11.609021 [debug] [Thread-1 (]: Opening a new connection, currently in state closed
[0m16:34:11.613463 [debug] [Thread-1 (]: SQL status: BEGIN in 0.004 seconds
[0m16:34:11.613833 [debug] [Thread-1 (]: Using postgres connection "test.UrbanMove_dbt_project.not_null_stg_yellow_trips_trip_id.cf5e2695a1"
[0m16:34:11.613952 [debug] [Thread-1 (]: On test.UrbanMove_dbt_project.not_null_stg_yellow_trips_trip_id.cf5e2695a1: /* {"app": "dbt", "dbt_version": "1.8.0", "profile_name": "UrbanMove_dbt_project", "target_name": "dev", "node_id": "test.UrbanMove_dbt_project.not_null_stg_yellow_trips_trip_id.cf5e2695a1"} */
select
      count(*) as failures,
      count(*) != 0 as should_warn,
      count(*) != 0 as should_error
    from (
      
    
    



select trip_id
from "taxi_db"."dbt_dev"."stg_yellow_trips"
where trip_id is null



      
    ) dbt_internal_test
[0m16:34:11.691030 [debug] [Thread-1 (]: SQL status: SELECT 1 in 0.077 seconds
[0m16:34:11.694577 [debug] [Thread-1 (]: On test.UrbanMove_dbt_project.not_null_stg_yellow_trips_trip_id.cf5e2695a1: ROLLBACK
[0m16:34:11.695359 [debug] [Thread-1 (]: On test.UrbanMove_dbt_project.not_null_stg_yellow_trips_trip_id.cf5e2695a1: Close
[0m16:34:11.695954 [info ] [Thread-1 (]: 18 of 20 PASS not_null_stg_yellow_trips_trip_id ................................ [[32mPASS[0m in 0.09s]
[0m16:34:11.696489 [debug] [Thread-1 (]: Finished running node test.UrbanMove_dbt_project.not_null_stg_yellow_trips_trip_id.cf5e2695a1
[0m16:34:11.696881 [debug] [Thread-1 (]: Began running node test.UrbanMove_dbt_project.not_null_stg_yellow_trips_vendor_id.5bb8ca4a57
[0m16:34:11.697328 [info ] [Thread-1 (]: 19 of 20 START test not_null_stg_yellow_trips_vendor_id ........................ [RUN]
[0m16:34:11.697861 [debug] [Thread-1 (]: Re-using an available connection from the pool (formerly test.UrbanMove_dbt_project.not_null_stg_yellow_trips_trip_id.cf5e2695a1, now test.UrbanMove_dbt_project.not_null_stg_yellow_trips_vendor_id.5bb8ca4a57)
[0m16:34:11.698230 [debug] [Thread-1 (]: Began compiling node test.UrbanMove_dbt_project.not_null_stg_yellow_trips_vendor_id.5bb8ca4a57
[0m16:34:11.703689 [debug] [Thread-1 (]: Writing injected SQL for node "test.UrbanMove_dbt_project.not_null_stg_yellow_trips_vendor_id.5bb8ca4a57"
[0m16:34:11.704793 [debug] [Thread-1 (]: Began executing node test.UrbanMove_dbt_project.not_null_stg_yellow_trips_vendor_id.5bb8ca4a57
[0m16:34:11.707014 [debug] [Thread-1 (]: Writing runtime sql for node "test.UrbanMove_dbt_project.not_null_stg_yellow_trips_vendor_id.5bb8ca4a57"
[0m16:34:11.708018 [debug] [Thread-1 (]: Using postgres connection "test.UrbanMove_dbt_project.not_null_stg_yellow_trips_vendor_id.5bb8ca4a57"
[0m16:34:11.708295 [debug] [Thread-1 (]: On test.UrbanMove_dbt_project.not_null_stg_yellow_trips_vendor_id.5bb8ca4a57: BEGIN
[0m16:34:11.708538 [debug] [Thread-1 (]: Opening a new connection, currently in state closed
[0m16:34:11.715978 [debug] [Thread-1 (]: SQL status: BEGIN in 0.007 seconds
[0m16:34:11.716141 [debug] [Thread-1 (]: Using postgres connection "test.UrbanMove_dbt_project.not_null_stg_yellow_trips_vendor_id.5bb8ca4a57"
[0m16:34:11.716250 [debug] [Thread-1 (]: On test.UrbanMove_dbt_project.not_null_stg_yellow_trips_vendor_id.5bb8ca4a57: /* {"app": "dbt", "dbt_version": "1.8.0", "profile_name": "UrbanMove_dbt_project", "target_name": "dev", "node_id": "test.UrbanMove_dbt_project.not_null_stg_yellow_trips_vendor_id.5bb8ca4a57"} */
select
      count(*) as failures,
      count(*) != 0 as should_warn,
      count(*) != 0 as should_error
    from (
      
    
    



select vendor_id
from "taxi_db"."dbt_dev"."stg_yellow_trips"
where vendor_id is null



      
    ) dbt_internal_test
[0m16:34:11.748428 [debug] [Thread-1 (]: SQL status: SELECT 1 in 0.032 seconds
[0m16:34:11.750524 [debug] [Thread-1 (]: On test.UrbanMove_dbt_project.not_null_stg_yellow_trips_vendor_id.5bb8ca4a57: ROLLBACK
[0m16:34:11.751277 [debug] [Thread-1 (]: On test.UrbanMove_dbt_project.not_null_stg_yellow_trips_vendor_id.5bb8ca4a57: Close
[0m16:34:11.751814 [info ] [Thread-1 (]: 19 of 20 PASS not_null_stg_yellow_trips_vendor_id .............................. [[32mPASS[0m in 0.05s]
[0m16:34:11.752276 [debug] [Thread-1 (]: Finished running node test.UrbanMove_dbt_project.not_null_stg_yellow_trips_vendor_id.5bb8ca4a57
[0m16:34:11.752611 [debug] [Thread-1 (]: Began running node test.UrbanMove_dbt_project.unique_stg_yellow_trips_trip_id.a67db06965
[0m16:34:11.753025 [info ] [Thread-1 (]: 20 of 20 START test unique_stg_yellow_trips_trip_id ............................ [RUN]
[0m16:34:11.753490 [debug] [Thread-1 (]: Re-using an available connection from the pool (formerly test.UrbanMove_dbt_project.not_null_stg_yellow_trips_vendor_id.5bb8ca4a57, now test.UrbanMove_dbt_project.unique_stg_yellow_trips_trip_id.a67db06965)
[0m16:34:11.753828 [debug] [Thread-1 (]: Began compiling node test.UrbanMove_dbt_project.unique_stg_yellow_trips_trip_id.a67db06965
[0m16:34:11.761746 [debug] [Thread-1 (]: Writing injected SQL for node "test.UrbanMove_dbt_project.unique_stg_yellow_trips_trip_id.a67db06965"
[0m16:34:11.762849 [debug] [Thread-1 (]: Began executing node test.UrbanMove_dbt_project.unique_stg_yellow_trips_trip_id.a67db06965
[0m16:34:11.763775 [debug] [Thread-1 (]: Writing runtime sql for node "test.UrbanMove_dbt_project.unique_stg_yellow_trips_trip_id.a67db06965"
[0m16:34:11.764115 [debug] [Thread-1 (]: Using postgres connection "test.UrbanMove_dbt_project.unique_stg_yellow_trips_trip_id.a67db06965"
[0m16:34:11.764214 [debug] [Thread-1 (]: On test.UrbanMove_dbt_project.unique_stg_yellow_trips_trip_id.a67db06965: BEGIN
[0m16:34:11.764303 [debug] [Thread-1 (]: Opening a new connection, currently in state closed
[0m16:34:11.769298 [debug] [Thread-1 (]: SQL status: BEGIN in 0.005 seconds
[0m16:34:11.769419 [debug] [Thread-1 (]: Using postgres connection "test.UrbanMove_dbt_project.unique_stg_yellow_trips_trip_id.a67db06965"
[0m16:34:11.769518 [debug] [Thread-1 (]: On test.UrbanMove_dbt_project.unique_stg_yellow_trips_trip_id.a67db06965: /* {"app": "dbt", "dbt_version": "1.8.0", "profile_name": "UrbanMove_dbt_project", "target_name": "dev", "node_id": "test.UrbanMove_dbt_project.unique_stg_yellow_trips_trip_id.a67db06965"} */
select
      count(*) as failures,
      count(*) != 0 as should_warn,
      count(*) != 0 as should_error
    from (
      
    
    

select
    trip_id as unique_field,
    count(*) as n_records

from "taxi_db"."dbt_dev"."stg_yellow_trips"
where trip_id is not null
group by trip_id
having count(*) > 1



      
    ) dbt_internal_test
[0m16:34:12.839650 [debug] [Thread-1 (]: SQL status: SELECT 1 in 1.070 seconds
[0m16:34:12.843261 [debug] [Thread-1 (]: On test.UrbanMove_dbt_project.unique_stg_yellow_trips_trip_id.a67db06965: ROLLBACK
[0m16:34:12.844135 [debug] [Thread-1 (]: On test.UrbanMove_dbt_project.unique_stg_yellow_trips_trip_id.a67db06965: Close
[0m16:34:12.844880 [info ] [Thread-1 (]: 20 of 20 PASS unique_stg_yellow_trips_trip_id .................................. [[32mPASS[0m in 1.09s]
[0m16:34:12.845537 [debug] [Thread-1 (]: Finished running node test.UrbanMove_dbt_project.unique_stg_yellow_trips_trip_id.a67db06965
[0m16:34:12.846734 [debug] [MainThread]: Using postgres connection "master"
[0m16:34:12.847055 [debug] [MainThread]: On master: BEGIN
[0m16:34:12.847279 [debug] [MainThread]: Opening a new connection, currently in state closed
[0m16:34:12.854642 [debug] [MainThread]: SQL status: BEGIN in 0.007 seconds
[0m16:34:12.854996 [debug] [MainThread]: On master: COMMIT
[0m16:34:12.855233 [debug] [MainThread]: Using postgres connection "master"
[0m16:34:12.855441 [debug] [MainThread]: On master: COMMIT
[0m16:34:12.855867 [debug] [MainThread]: SQL status: COMMIT in 0.000 seconds
[0m16:34:12.856130 [debug] [MainThread]: On master: Close
[0m16:34:12.856607 [debug] [MainThread]: Connection 'master' was properly closed.
[0m16:34:12.856825 [debug] [MainThread]: Connection 'test.UrbanMove_dbt_project.unique_stg_yellow_trips_trip_id.a67db06965' was properly closed.
[0m16:34:12.857093 [info ] [MainThread]: 
[0m16:34:12.857296 [info ] [MainThread]: Finished running 20 data tests in 0 hours 0 minutes and 2.39 seconds (2.39s).
[0m16:34:12.860243 [debug] [MainThread]: Command end result
[0m16:34:12.883681 [info ] [MainThread]: 
[0m16:34:12.883877 [info ] [MainThread]: [31mCompleted with 2 errors and 0 warnings:[0m
[0m16:34:12.883968 [info ] [MainThread]: 
[0m16:34:12.884095 [error] [MainThread]: [31mFailure in test accepted_values_stg_yellow_trips_payment_type__1__2__3__4__5__6 (models/staging/schema.yml)[0m
[0m16:34:12.884230 [error] [MainThread]:   Got 1 result, configured to fail if != 0
[0m16:34:12.884361 [info ] [MainThread]: 
[0m16:34:12.884522 [info ] [MainThread]:   compiled code at target/compiled/UrbanMove_dbt_project/models/staging/schema.yml/accepted_values_stg_yellow_trips_payment_type__1__2__3__4__5__6.sql
[0m16:34:12.884655 [info ] [MainThread]: 
[0m16:34:12.884825 [error] [MainThread]: [31mFailure in test dbt_utils_expression_is_true_stg_yellow_trips_extra_surcharge___0 (models/staging/schema.yml)[0m
[0m16:34:12.884983 [error] [MainThread]:   Got 37 results, configured to fail if != 0
[0m16:34:12.885107 [info ] [MainThread]: 
[0m16:34:12.885266 [info ] [MainThread]:   compiled code at target/compiled/UrbanMove_dbt_project/models/staging/schema.yml/dbt_utils_expression_is_true_s_d4469e1defb6bd219170926d6478ee5b.sql
[0m16:34:12.885402 [info ] [MainThread]: 
[0m16:34:12.885555 [info ] [MainThread]: Done. PASS=18 WARN=0 ERROR=2 SKIP=0 TOTAL=20
[0m16:34:12.886893 [debug] [MainThread]: Resource report: {"command_name": "test", "command_wall_clock_time": 3.1644287, "process_user_time": 1.434378, "process_kernel_time": 0.186238, "process_mem_max_rss": "137510912", "command_success": false, "process_in_blocks": "0", "process_out_blocks": "0"}
[0m16:34:12.887096 [debug] [MainThread]: Command `dbt test` failed at 16:34:12.887052 after 3.16 seconds
[0m16:34:12.887280 [debug] [MainThread]: Sending event: {'category': 'dbt', 'action': 'invocation', 'label': 'end', 'context': [<snowplow_tracker.self_describing_json.SelfDescribingJson object at 0x10c1f1de0>, <snowplow_tracker.self_describing_json.SelfDescribingJson object at 0x10c600370>, <snowplow_tracker.self_describing_json.SelfDescribingJson object at 0x10c602e90>]}
[0m16:34:12.887439 [debug] [MainThread]: Flushing usage events
[0m16:48:19.765968 [debug] [MainThread]: Sending event: {'category': 'dbt', 'action': 'invocation', 'label': 'start', 'context': [<snowplow_tracker.self_describing_json.SelfDescribingJson object at 0x1033e8ec0>, <snowplow_tracker.self_describing_json.SelfDescribingJson object at 0x1051fbd90>, <snowplow_tracker.self_describing_json.SelfDescribingJson object at 0x1051fbed0>]}


============================== 16:48:19.768261 | f3fb1a98-8fd6-4656-8565-ad5ceeab153a ==============================
[0m16:48:19.768261 [info ] [MainThread]: Running with dbt=1.8.0
[0m16:48:19.768512 [debug] [MainThread]: running dbt with arguments {'printer_width': '80', 'indirect_selection': 'eager', 'log_cache_events': 'False', 'write_json': 'True', 'partial_parse': 'True', 'cache_selected_only': 'False', 'profiles_dir': '/Users/thameralotaibi/.dbt', 'version_check': 'True', 'warn_error': 'None', 'log_path': '/Users/thameralotaibi/Documents/de-sprint-2026/UrbanMove_dbt_project/logs', 'debug': 'False', 'fail_fast': 'False', 'use_colors': 'True', 'use_experimental_parser': 'False', 'no_print': 'None', 'quiet': 'False', 'warn_error_options': 'WarnErrorOptions(include=[], exclude=[])', 'introspect': 'True', 'static_parser': 'True', 'invocation_command': 'dbt test --select stg_yellow_trips', 'target_path': 'None', 'log_format': 'default', 'send_anonymous_usage_stats': 'True'}
[0m16:48:19.843770 [debug] [MainThread]: Sending event: {'category': 'dbt', 'action': 'project_id', 'label': 'f3fb1a98-8fd6-4656-8565-ad5ceeab153a', 'context': [<snowplow_tracker.self_describing_json.SelfDescribingJson object at 0x1041982b0>]}
[0m16:48:19.862857 [debug] [MainThread]: Sending event: {'category': 'dbt', 'action': 'adapter_info', 'label': 'f3fb1a98-8fd6-4656-8565-ad5ceeab153a', 'context': [<snowplow_tracker.self_describing_json.SelfDescribingJson object at 0x10600a9c0>]}
[0m16:48:19.863398 [info ] [MainThread]: Registered adapter: postgres=1.8.0
[0m16:48:19.905875 [debug] [MainThread]: checksum: dbb12d416fdb55e3665e4828703bbedf40c5c90ed7ca6ff39bbbfb29b12b0a92, vars: {}, profile: , target: , version: 1.8.0
[0m16:48:19.962506 [debug] [MainThread]: Partial parsing enabled: 0 files deleted, 0 files added, 1 files changed.
[0m16:48:19.962872 [debug] [MainThread]: Partial parsing: updated file: UrbanMove_dbt_project://models/staging/schema.yml
[0m16:48:20.033586 [warn ] [MainThread]: [[33mWARNING[0m]: Deprecated functionality
The `tests` config has been renamed to `data_tests`. Please see
https://docs.getdbt.com/docs/build/data-tests#new-data_tests-syntax for more
information.
[0m16:48:20.033800 [debug] [MainThread]: Sending event: {'category': 'dbt', 'action': 'deprecation', 'label': 'f3fb1a98-8fd6-4656-8565-ad5ceeab153a', 'property_': 'warn', 'context': [<snowplow_tracker.self_describing_json.SelfDescribingJson object at 0x10620ea50>]}
[0m16:48:20.110453 [debug] [MainThread]: Sending event: {'category': 'dbt', 'action': 'load_project', 'label': 'f3fb1a98-8fd6-4656-8565-ad5ceeab153a', 'context': [<snowplow_tracker.self_describing_json.SelfDescribingJson object at 0x1063119a0>]}
[0m16:48:20.180520 [debug] [MainThread]: Sending event: {'category': 'dbt', 'action': 'resource_counts', 'label': 'f3fb1a98-8fd6-4656-8565-ad5ceeab153a', 'context': [<snowplow_tracker.self_describing_json.SelfDescribingJson object at 0x106018ad0>]}
[0m16:48:20.180720 [info ] [MainThread]: Found 23 data tests, 1 model, 1 source, 544 macros
[0m16:48:20.180829 [debug] [MainThread]: Sending event: {'category': 'dbt', 'action': 'runnable_timing', 'label': 'f3fb1a98-8fd6-4656-8565-ad5ceeab153a', 'context': [<snowplow_tracker.self_describing_json.SelfDescribingJson object at 0x107947c70>]}
[0m16:48:20.181670 [info ] [MainThread]: 
[0m16:48:20.181872 [debug] [MainThread]: Acquiring new postgres connection 'master'
[0m16:48:20.182213 [debug] [ThreadPool]: Acquiring new postgres connection 'list_taxi_db_dbt_dev'
[0m16:48:20.203802 [debug] [ThreadPool]: Using postgres connection "list_taxi_db_dbt_dev"
[0m16:48:20.203927 [debug] [ThreadPool]: On list_taxi_db_dbt_dev: BEGIN
[0m16:48:20.204010 [debug] [ThreadPool]: Opening a new connection, currently in state init
[0m16:48:20.230643 [debug] [ThreadPool]: SQL status: BEGIN in 0.027 seconds
[0m16:48:20.230791 [debug] [ThreadPool]: Using postgres connection "list_taxi_db_dbt_dev"
[0m16:48:20.230878 [debug] [ThreadPool]: On list_taxi_db_dbt_dev: /* {"app": "dbt", "dbt_version": "1.8.0", "profile_name": "UrbanMove_dbt_project", "target_name": "dev", "connection_name": "list_taxi_db_dbt_dev"} */
select
      'taxi_db' as database,
      tablename as name,
      schemaname as schema,
      'table' as type
    from pg_tables
    where schemaname ilike 'dbt_dev'
    union all
    select
      'taxi_db' as database,
      viewname as name,
      schemaname as schema,
      'view' as type
    from pg_views
    where schemaname ilike 'dbt_dev'
    union all
    select
      'taxi_db' as database,
      matviewname as name,
      schemaname as schema,
      'materialized_view' as type
    from pg_matviews
    where schemaname ilike 'dbt_dev'
  
[0m16:48:20.241332 [debug] [ThreadPool]: SQL status: SELECT 1 in 0.010 seconds
[0m16:48:20.241839 [debug] [ThreadPool]: On list_taxi_db_dbt_dev: ROLLBACK
[0m16:48:20.242630 [debug] [ThreadPool]: On list_taxi_db_dbt_dev: Close
[0m16:48:20.244295 [debug] [MainThread]: Using postgres connection "master"
[0m16:48:20.244393 [debug] [MainThread]: On master: BEGIN
[0m16:48:20.244467 [debug] [MainThread]: Opening a new connection, currently in state init
[0m16:48:20.252779 [debug] [MainThread]: SQL status: BEGIN in 0.008 seconds
[0m16:48:20.252894 [debug] [MainThread]: Using postgres connection "master"
[0m16:48:20.252997 [debug] [MainThread]: On master: /* {"app": "dbt", "dbt_version": "1.8.0", "profile_name": "UrbanMove_dbt_project", "target_name": "dev", "connection_name": "master"} */
with relation as (
        select
            pg_rewrite.ev_class as class,
            pg_rewrite.oid as id
        from pg_rewrite
    ),
    class as (
        select
            oid as id,
            relname as name,
            relnamespace as schema,
            relkind as kind
        from pg_class
    ),
    dependency as (
        select distinct
            pg_depend.objid as id,
            pg_depend.refobjid as ref
        from pg_depend
    ),
    schema as (
        select
            pg_namespace.oid as id,
            pg_namespace.nspname as name
        from pg_namespace
        where nspname != 'information_schema' and nspname not like 'pg\_%'
    ),
    referenced as (
        select
            relation.id AS id,
            referenced_class.name ,
            referenced_class.schema ,
            referenced_class.kind
        from relation
        join class as referenced_class on relation.class=referenced_class.id
        where referenced_class.kind in ('r', 'v', 'm')
    ),
    relationships as (
        select
            referenced.name as referenced_name,
            referenced.schema as referenced_schema_id,
            dependent_class.name as dependent_name,
            dependent_class.schema as dependent_schema_id,
            referenced.kind as kind
        from referenced
        join dependency on referenced.id=dependency.id
        join class as dependent_class on dependency.ref=dependent_class.id
        where
            (referenced.name != dependent_class.name or
             referenced.schema != dependent_class.schema)
    )

    select
        referenced_schema.name as referenced_schema,
        relationships.referenced_name as referenced_name,
        dependent_schema.name as dependent_schema,
        relationships.dependent_name as dependent_name
    from relationships
    join schema as dependent_schema on relationships.dependent_schema_id=dependent_schema.id
    join schema as referenced_schema on relationships.referenced_schema_id=referenced_schema.id
    group by referenced_schema, referenced_name, dependent_schema, dependent_name
    order by referenced_schema, referenced_name, dependent_schema, dependent_name;
[0m16:48:20.258281 [debug] [MainThread]: SQL status: SELECT 1 in 0.005 seconds
[0m16:48:20.258723 [debug] [MainThread]: Sending event: {'category': 'dbt', 'action': 'runnable_timing', 'label': 'f3fb1a98-8fd6-4656-8565-ad5ceeab153a', 'context': [<snowplow_tracker.self_describing_json.SelfDescribingJson object at 0x1067713d0>]}
[0m16:48:20.258879 [debug] [MainThread]: On master: ROLLBACK
[0m16:48:20.259196 [debug] [MainThread]: Using postgres connection "master"
[0m16:48:20.259272 [debug] [MainThread]: On master: BEGIN
[0m16:48:20.259751 [debug] [MainThread]: SQL status: BEGIN in 0.000 seconds
[0m16:48:20.259880 [debug] [MainThread]: On master: COMMIT
[0m16:48:20.259974 [debug] [MainThread]: Using postgres connection "master"
[0m16:48:20.260058 [debug] [MainThread]: On master: COMMIT
[0m16:48:20.260302 [debug] [MainThread]: SQL status: COMMIT in 0.000 seconds
[0m16:48:20.260384 [debug] [MainThread]: On master: Close
[0m16:48:20.260521 [info ] [MainThread]: Concurrency: 1 threads (target='dev')
[0m16:48:20.260624 [info ] [MainThread]: 
[0m16:48:20.261729 [debug] [Thread-1 (]: Began running node test.UrbanMove_dbt_project.accepted_values_stg_yellow_trips_payment_type__0__1__2__3__4__5__6.6b891f7d03
[0m16:48:20.261852 [info ] [Thread-1 (]: 1 of 20 START test accepted_values_stg_yellow_trips_payment_type__0__1__2__3__4__5__6  [RUN]
[0m16:48:20.261986 [debug] [Thread-1 (]: Re-using an available connection from the pool (formerly list_taxi_db_dbt_dev, now test.UrbanMove_dbt_project.accepted_values_stg_yellow_trips_payment_type__0__1__2__3__4__5__6.6b891f7d03)
[0m16:48:20.262091 [debug] [Thread-1 (]: Began compiling node test.UrbanMove_dbt_project.accepted_values_stg_yellow_trips_payment_type__0__1__2__3__4__5__6.6b891f7d03
[0m16:48:20.265603 [debug] [Thread-1 (]: Writing injected SQL for node "test.UrbanMove_dbt_project.accepted_values_stg_yellow_trips_payment_type__0__1__2__3__4__5__6.6b891f7d03"
[0m16:48:20.266021 [debug] [Thread-1 (]: Began executing node test.UrbanMove_dbt_project.accepted_values_stg_yellow_trips_payment_type__0__1__2__3__4__5__6.6b891f7d03
[0m16:48:20.271114 [debug] [Thread-1 (]: Writing runtime sql for node "test.UrbanMove_dbt_project.accepted_values_stg_yellow_trips_payment_type__0__1__2__3__4__5__6.6b891f7d03"
[0m16:48:20.271496 [debug] [Thread-1 (]: Using postgres connection "test.UrbanMove_dbt_project.accepted_values_stg_yellow_trips_payment_type__0__1__2__3__4__5__6.6b891f7d03"
[0m16:48:20.271608 [debug] [Thread-1 (]: On test.UrbanMove_dbt_project.accepted_values_stg_yellow_trips_payment_type__0__1__2__3__4__5__6.6b891f7d03: BEGIN
[0m16:48:20.271705 [debug] [Thread-1 (]: Opening a new connection, currently in state closed
[0m16:48:20.278387 [debug] [Thread-1 (]: SQL status: BEGIN in 0.007 seconds
[0m16:48:20.278516 [debug] [Thread-1 (]: Using postgres connection "test.UrbanMove_dbt_project.accepted_values_stg_yellow_trips_payment_type__0__1__2__3__4__5__6.6b891f7d03"
[0m16:48:20.278630 [debug] [Thread-1 (]: On test.UrbanMove_dbt_project.accepted_values_stg_yellow_trips_payment_type__0__1__2__3__4__5__6.6b891f7d03: /* {"app": "dbt", "dbt_version": "1.8.0", "profile_name": "UrbanMove_dbt_project", "target_name": "dev", "node_id": "test.UrbanMove_dbt_project.accepted_values_stg_yellow_trips_payment_type__0__1__2__3__4__5__6.6b891f7d03"} */
select
      count(*) as failures,
      count(*) != 0 as should_warn,
      count(*) != 0 as should_error
    from (
      
    
    

with all_values as (

    select
        payment_type as value_field,
        count(*) as n_records

    from "taxi_db"."dbt_dev"."stg_yellow_trips"
    group by payment_type

)

select *
from all_values
where value_field not in (
    '0','1','2','3','4','5','6'
)



      
    ) dbt_internal_test
[0m16:48:20.395971 [debug] [Thread-1 (]: SQL status: SELECT 1 in 0.117 seconds
[0m16:48:20.398129 [debug] [Thread-1 (]: On test.UrbanMove_dbt_project.accepted_values_stg_yellow_trips_payment_type__0__1__2__3__4__5__6.6b891f7d03: ROLLBACK
[0m16:48:20.398521 [debug] [Thread-1 (]: On test.UrbanMove_dbt_project.accepted_values_stg_yellow_trips_payment_type__0__1__2__3__4__5__6.6b891f7d03: Close
[0m16:48:20.398779 [info ] [Thread-1 (]: 1 of 20 PASS accepted_values_stg_yellow_trips_payment_type__0__1__2__3__4__5__6  [[32mPASS[0m in 0.14s]
[0m16:48:20.399043 [debug] [Thread-1 (]: Finished running node test.UrbanMove_dbt_project.accepted_values_stg_yellow_trips_payment_type__0__1__2__3__4__5__6.6b891f7d03
[0m16:48:20.399224 [debug] [Thread-1 (]: Began running node test.UrbanMove_dbt_project.dbt_utils_expression_is_true_stg_yellow_trips_airport_fee___0.86520a37d2
[0m16:48:20.399396 [info ] [Thread-1 (]: 2 of 20 START test dbt_utils_expression_is_true_stg_yellow_trips_airport_fee___0  [RUN]
[0m16:48:20.399565 [debug] [Thread-1 (]: Re-using an available connection from the pool (formerly test.UrbanMove_dbt_project.accepted_values_stg_yellow_trips_payment_type__0__1__2__3__4__5__6.6b891f7d03, now test.UrbanMove_dbt_project.dbt_utils_expression_is_true_stg_yellow_trips_airport_fee___0.86520a37d2)
[0m16:48:20.399682 [debug] [Thread-1 (]: Began compiling node test.UrbanMove_dbt_project.dbt_utils_expression_is_true_stg_yellow_trips_airport_fee___0.86520a37d2
[0m16:48:20.401545 [debug] [Thread-1 (]: Writing injected SQL for node "test.UrbanMove_dbt_project.dbt_utils_expression_is_true_stg_yellow_trips_airport_fee___0.86520a37d2"
[0m16:48:20.401838 [debug] [Thread-1 (]: Began executing node test.UrbanMove_dbt_project.dbt_utils_expression_is_true_stg_yellow_trips_airport_fee___0.86520a37d2
[0m16:48:20.402546 [debug] [Thread-1 (]: Writing runtime sql for node "test.UrbanMove_dbt_project.dbt_utils_expression_is_true_stg_yellow_trips_airport_fee___0.86520a37d2"
[0m16:48:20.402751 [debug] [Thread-1 (]: Using postgres connection "test.UrbanMove_dbt_project.dbt_utils_expression_is_true_stg_yellow_trips_airport_fee___0.86520a37d2"
[0m16:48:20.402849 [debug] [Thread-1 (]: On test.UrbanMove_dbt_project.dbt_utils_expression_is_true_stg_yellow_trips_airport_fee___0.86520a37d2: BEGIN
[0m16:48:20.402939 [debug] [Thread-1 (]: Opening a new connection, currently in state closed
[0m16:48:20.407593 [debug] [Thread-1 (]: SQL status: BEGIN in 0.005 seconds
[0m16:48:20.407706 [debug] [Thread-1 (]: Using postgres connection "test.UrbanMove_dbt_project.dbt_utils_expression_is_true_stg_yellow_trips_airport_fee___0.86520a37d2"
[0m16:48:20.407808 [debug] [Thread-1 (]: On test.UrbanMove_dbt_project.dbt_utils_expression_is_true_stg_yellow_trips_airport_fee___0.86520a37d2: /* {"app": "dbt", "dbt_version": "1.8.0", "profile_name": "UrbanMove_dbt_project", "target_name": "dev", "node_id": "test.UrbanMove_dbt_project.dbt_utils_expression_is_true_stg_yellow_trips_airport_fee___0.86520a37d2"} */
select
      count(*) as failures,
      count(*) != 0 as should_warn,
      count(*) != 0 as should_error
    from (
      



select
    1
from "taxi_db"."dbt_dev"."stg_yellow_trips"

where not(airport_fee >= 0)


      
    ) dbt_internal_test
[0m16:48:20.453672 [debug] [Thread-1 (]: SQL status: SELECT 1 in 0.046 seconds
[0m16:48:20.455727 [debug] [Thread-1 (]: On test.UrbanMove_dbt_project.dbt_utils_expression_is_true_stg_yellow_trips_airport_fee___0.86520a37d2: ROLLBACK
[0m16:48:20.456478 [debug] [Thread-1 (]: On test.UrbanMove_dbt_project.dbt_utils_expression_is_true_stg_yellow_trips_airport_fee___0.86520a37d2: Close
[0m16:48:20.457016 [info ] [Thread-1 (]: 2 of 20 PASS dbt_utils_expression_is_true_stg_yellow_trips_airport_fee___0 ..... [[32mPASS[0m in 0.06s]
[0m16:48:20.457475 [debug] [Thread-1 (]: Finished running node test.UrbanMove_dbt_project.dbt_utils_expression_is_true_stg_yellow_trips_airport_fee___0.86520a37d2
[0m16:48:20.457785 [debug] [Thread-1 (]: Began running node test.UrbanMove_dbt_project.dbt_utils_expression_is_true_stg_yellow_trips_cbd_congestion_fee___0.70c6d19852
[0m16:48:20.458146 [info ] [Thread-1 (]: 3 of 20 START test dbt_utils_expression_is_true_stg_yellow_trips_cbd_congestion_fee___0  [RUN]
[0m16:48:20.458549 [debug] [Thread-1 (]: Re-using an available connection from the pool (formerly test.UrbanMove_dbt_project.dbt_utils_expression_is_true_stg_yellow_trips_airport_fee___0.86520a37d2, now test.UrbanMove_dbt_project.dbt_utils_expression_is_true_stg_yellow_trips_cbd_congestion_fee___0.70c6d19852)
[0m16:48:20.458818 [debug] [Thread-1 (]: Began compiling node test.UrbanMove_dbt_project.dbt_utils_expression_is_true_stg_yellow_trips_cbd_congestion_fee___0.70c6d19852
[0m16:48:20.463054 [debug] [Thread-1 (]: Writing injected SQL for node "test.UrbanMove_dbt_project.dbt_utils_expression_is_true_stg_yellow_trips_cbd_congestion_fee___0.70c6d19852"
[0m16:48:20.463453 [debug] [Thread-1 (]: Began executing node test.UrbanMove_dbt_project.dbt_utils_expression_is_true_stg_yellow_trips_cbd_congestion_fee___0.70c6d19852
[0m16:48:20.464409 [debug] [Thread-1 (]: Writing runtime sql for node "test.UrbanMove_dbt_project.dbt_utils_expression_is_true_stg_yellow_trips_cbd_congestion_fee___0.70c6d19852"
[0m16:48:20.464800 [debug] [Thread-1 (]: Using postgres connection "test.UrbanMove_dbt_project.dbt_utils_expression_is_true_stg_yellow_trips_cbd_congestion_fee___0.70c6d19852"
[0m16:48:20.464895 [debug] [Thread-1 (]: On test.UrbanMove_dbt_project.dbt_utils_expression_is_true_stg_yellow_trips_cbd_congestion_fee___0.70c6d19852: BEGIN
[0m16:48:20.464985 [debug] [Thread-1 (]: Opening a new connection, currently in state closed
[0m16:48:20.469673 [debug] [Thread-1 (]: SQL status: BEGIN in 0.005 seconds
[0m16:48:20.469786 [debug] [Thread-1 (]: Using postgres connection "test.UrbanMove_dbt_project.dbt_utils_expression_is_true_stg_yellow_trips_cbd_congestion_fee___0.70c6d19852"
[0m16:48:20.469890 [debug] [Thread-1 (]: On test.UrbanMove_dbt_project.dbt_utils_expression_is_true_stg_yellow_trips_cbd_congestion_fee___0.70c6d19852: /* {"app": "dbt", "dbt_version": "1.8.0", "profile_name": "UrbanMove_dbt_project", "target_name": "dev", "node_id": "test.UrbanMove_dbt_project.dbt_utils_expression_is_true_stg_yellow_trips_cbd_congestion_fee___0.70c6d19852"} */
select
      count(*) as failures,
      count(*) != 0 as should_warn,
      count(*) != 0 as should_error
    from (
      



select
    1
from "taxi_db"."dbt_dev"."stg_yellow_trips"

where not(cbd_congestion_fee >= 0)


      
    ) dbt_internal_test
[0m16:48:20.516869 [debug] [Thread-1 (]: SQL status: SELECT 1 in 0.047 seconds
[0m16:48:20.519117 [debug] [Thread-1 (]: On test.UrbanMove_dbt_project.dbt_utils_expression_is_true_stg_yellow_trips_cbd_congestion_fee___0.70c6d19852: ROLLBACK
[0m16:48:20.519938 [debug] [Thread-1 (]: On test.UrbanMove_dbt_project.dbt_utils_expression_is_true_stg_yellow_trips_cbd_congestion_fee___0.70c6d19852: Close
[0m16:48:20.520610 [info ] [Thread-1 (]: 3 of 20 PASS dbt_utils_expression_is_true_stg_yellow_trips_cbd_congestion_fee___0  [[32mPASS[0m in 0.06s]
[0m16:48:20.521052 [debug] [Thread-1 (]: Finished running node test.UrbanMove_dbt_project.dbt_utils_expression_is_true_stg_yellow_trips_cbd_congestion_fee___0.70c6d19852
[0m16:48:20.521350 [debug] [Thread-1 (]: Began running node test.UrbanMove_dbt_project.dbt_utils_expression_is_true_stg_yellow_trips_congestion_surcharge___0.f4af6fa624
[0m16:48:20.521661 [info ] [Thread-1 (]: 4 of 20 START test dbt_utils_expression_is_true_stg_yellow_trips_congestion_surcharge___0  [RUN]
[0m16:48:20.522050 [debug] [Thread-1 (]: Re-using an available connection from the pool (formerly test.UrbanMove_dbt_project.dbt_utils_expression_is_true_stg_yellow_trips_cbd_congestion_fee___0.70c6d19852, now test.UrbanMove_dbt_project.dbt_utils_expression_is_true_stg_yellow_trips_congestion_surcharge___0.f4af6fa624)
[0m16:48:20.522362 [debug] [Thread-1 (]: Began compiling node test.UrbanMove_dbt_project.dbt_utils_expression_is_true_stg_yellow_trips_congestion_surcharge___0.f4af6fa624
[0m16:48:20.528186 [debug] [Thread-1 (]: Writing injected SQL for node "test.UrbanMove_dbt_project.dbt_utils_expression_is_true_stg_yellow_trips_congestion_surcharge___0.f4af6fa624"
[0m16:48:20.528481 [debug] [Thread-1 (]: Began executing node test.UrbanMove_dbt_project.dbt_utils_expression_is_true_stg_yellow_trips_congestion_surcharge___0.f4af6fa624
[0m16:48:20.529183 [debug] [Thread-1 (]: Writing runtime sql for node "test.UrbanMove_dbt_project.dbt_utils_expression_is_true_stg_yellow_trips_congestion_surcharge___0.f4af6fa624"
[0m16:48:20.529918 [debug] [Thread-1 (]: Using postgres connection "test.UrbanMove_dbt_project.dbt_utils_expression_is_true_stg_yellow_trips_congestion_surcharge___0.f4af6fa624"
[0m16:48:20.530183 [debug] [Thread-1 (]: On test.UrbanMove_dbt_project.dbt_utils_expression_is_true_stg_yellow_trips_congestion_surcharge___0.f4af6fa624: BEGIN
[0m16:48:20.530414 [debug] [Thread-1 (]: Opening a new connection, currently in state closed
[0m16:48:20.535190 [debug] [Thread-1 (]: SQL status: BEGIN in 0.005 seconds
[0m16:48:20.535346 [debug] [Thread-1 (]: Using postgres connection "test.UrbanMove_dbt_project.dbt_utils_expression_is_true_stg_yellow_trips_congestion_surcharge___0.f4af6fa624"
[0m16:48:20.535468 [debug] [Thread-1 (]: On test.UrbanMove_dbt_project.dbt_utils_expression_is_true_stg_yellow_trips_congestion_surcharge___0.f4af6fa624: /* {"app": "dbt", "dbt_version": "1.8.0", "profile_name": "UrbanMove_dbt_project", "target_name": "dev", "node_id": "test.UrbanMove_dbt_project.dbt_utils_expression_is_true_stg_yellow_trips_congestion_surcharge___0.f4af6fa624"} */
select
      count(*) as failures,
      count(*) != 0 as should_warn,
      count(*) != 0 as should_error
    from (
      



select
    1
from "taxi_db"."dbt_dev"."stg_yellow_trips"

where not(congestion_surcharge >= 0)


      
    ) dbt_internal_test
[0m16:48:20.578807 [debug] [Thread-1 (]: SQL status: SELECT 1 in 0.043 seconds
[0m16:48:20.580964 [debug] [Thread-1 (]: On test.UrbanMove_dbt_project.dbt_utils_expression_is_true_stg_yellow_trips_congestion_surcharge___0.f4af6fa624: ROLLBACK
[0m16:48:20.581731 [debug] [Thread-1 (]: On test.UrbanMove_dbt_project.dbt_utils_expression_is_true_stg_yellow_trips_congestion_surcharge___0.f4af6fa624: Close
[0m16:48:20.582428 [info ] [Thread-1 (]: 4 of 20 PASS dbt_utils_expression_is_true_stg_yellow_trips_congestion_surcharge___0  [[32mPASS[0m in 0.06s]
[0m16:48:20.582929 [debug] [Thread-1 (]: Finished running node test.UrbanMove_dbt_project.dbt_utils_expression_is_true_stg_yellow_trips_congestion_surcharge___0.f4af6fa624
[0m16:48:20.583285 [debug] [Thread-1 (]: Began running node test.UrbanMove_dbt_project.dbt_utils_expression_is_true_stg_yellow_trips_extra_surcharge___5_00.5fa4ee18e7
[0m16:48:20.583720 [info ] [Thread-1 (]: 5 of 20 START test dbt_utils_expression_is_true_stg_yellow_trips_extra_surcharge___5_00  [RUN]
[0m16:48:20.584209 [debug] [Thread-1 (]: Re-using an available connection from the pool (formerly test.UrbanMove_dbt_project.dbt_utils_expression_is_true_stg_yellow_trips_congestion_surcharge___0.f4af6fa624, now test.UrbanMove_dbt_project.dbt_utils_expression_is_true_stg_yellow_trips_extra_surcharge___5_00.5fa4ee18e7)
[0m16:48:20.584571 [debug] [Thread-1 (]: Began compiling node test.UrbanMove_dbt_project.dbt_utils_expression_is_true_stg_yellow_trips_extra_surcharge___5_00.5fa4ee18e7
[0m16:48:20.589461 [debug] [Thread-1 (]: Writing injected SQL for node "test.UrbanMove_dbt_project.dbt_utils_expression_is_true_stg_yellow_trips_extra_surcharge___5_00.5fa4ee18e7"
[0m16:48:20.590857 [debug] [Thread-1 (]: Began executing node test.UrbanMove_dbt_project.dbt_utils_expression_is_true_stg_yellow_trips_extra_surcharge___5_00.5fa4ee18e7
[0m16:48:20.598440 [debug] [Thread-1 (]: Writing runtime sql for node "test.UrbanMove_dbt_project.dbt_utils_expression_is_true_stg_yellow_trips_extra_surcharge___5_00.5fa4ee18e7"
[0m16:48:20.598990 [debug] [Thread-1 (]: Using postgres connection "test.UrbanMove_dbt_project.dbt_utils_expression_is_true_stg_yellow_trips_extra_surcharge___5_00.5fa4ee18e7"
[0m16:48:20.599249 [debug] [Thread-1 (]: On test.UrbanMove_dbt_project.dbt_utils_expression_is_true_stg_yellow_trips_extra_surcharge___5_00.5fa4ee18e7: BEGIN
[0m16:48:20.599495 [debug] [Thread-1 (]: Opening a new connection, currently in state closed
[0m16:48:20.604754 [debug] [Thread-1 (]: SQL status: BEGIN in 0.005 seconds
[0m16:48:20.604922 [debug] [Thread-1 (]: Using postgres connection "test.UrbanMove_dbt_project.dbt_utils_expression_is_true_stg_yellow_trips_extra_surcharge___5_00.5fa4ee18e7"
[0m16:48:20.605055 [debug] [Thread-1 (]: On test.UrbanMove_dbt_project.dbt_utils_expression_is_true_stg_yellow_trips_extra_surcharge___5_00.5fa4ee18e7: /* {"app": "dbt", "dbt_version": "1.8.0", "profile_name": "UrbanMove_dbt_project", "target_name": "dev", "node_id": "test.UrbanMove_dbt_project.dbt_utils_expression_is_true_stg_yellow_trips_extra_surcharge___5_00.5fa4ee18e7"} */
select
      count(*) as failures,
      count(*) != 0 as should_warn,
      count(*) != 0 as should_error
    from (
      



select
    1
from "taxi_db"."dbt_dev"."stg_yellow_trips"

where not(extra_surcharge >= -5.00)


      
    ) dbt_internal_test
[0m16:48:20.652095 [debug] [Thread-1 (]: SQL status: SELECT 1 in 0.047 seconds
[0m16:48:20.654123 [debug] [Thread-1 (]: On test.UrbanMove_dbt_project.dbt_utils_expression_is_true_stg_yellow_trips_extra_surcharge___5_00.5fa4ee18e7: ROLLBACK
[0m16:48:20.654867 [debug] [Thread-1 (]: On test.UrbanMove_dbt_project.dbt_utils_expression_is_true_stg_yellow_trips_extra_surcharge___5_00.5fa4ee18e7: Close
[0m16:48:20.655597 [info ] [Thread-1 (]: 5 of 20 PASS dbt_utils_expression_is_true_stg_yellow_trips_extra_surcharge___5_00  [[32mPASS[0m in 0.07s]
[0m16:48:20.656093 [debug] [Thread-1 (]: Finished running node test.UrbanMove_dbt_project.dbt_utils_expression_is_true_stg_yellow_trips_extra_surcharge___5_00.5fa4ee18e7
[0m16:48:20.656473 [debug] [Thread-1 (]: Began running node test.UrbanMove_dbt_project.dbt_utils_expression_is_true_stg_yellow_trips_fare_amount___0.3ce5f87ef5
[0m16:48:20.657063 [info ] [Thread-1 (]: 6 of 20 START test dbt_utils_expression_is_true_stg_yellow_trips_fare_amount___0  [RUN]
[0m16:48:20.657599 [debug] [Thread-1 (]: Re-using an available connection from the pool (formerly test.UrbanMove_dbt_project.dbt_utils_expression_is_true_stg_yellow_trips_extra_surcharge___5_00.5fa4ee18e7, now test.UrbanMove_dbt_project.dbt_utils_expression_is_true_stg_yellow_trips_fare_amount___0.3ce5f87ef5)
[0m16:48:20.658001 [debug] [Thread-1 (]: Began compiling node test.UrbanMove_dbt_project.dbt_utils_expression_is_true_stg_yellow_trips_fare_amount___0.3ce5f87ef5
[0m16:48:20.663139 [debug] [Thread-1 (]: Writing injected SQL for node "test.UrbanMove_dbt_project.dbt_utils_expression_is_true_stg_yellow_trips_fare_amount___0.3ce5f87ef5"
[0m16:48:20.664158 [debug] [Thread-1 (]: Began executing node test.UrbanMove_dbt_project.dbt_utils_expression_is_true_stg_yellow_trips_fare_amount___0.3ce5f87ef5
[0m16:48:20.667636 [debug] [Thread-1 (]: Writing runtime sql for node "test.UrbanMove_dbt_project.dbt_utils_expression_is_true_stg_yellow_trips_fare_amount___0.3ce5f87ef5"
[0m16:48:20.668971 [debug] [Thread-1 (]: Using postgres connection "test.UrbanMove_dbt_project.dbt_utils_expression_is_true_stg_yellow_trips_fare_amount___0.3ce5f87ef5"
[0m16:48:20.669495 [debug] [Thread-1 (]: On test.UrbanMove_dbt_project.dbt_utils_expression_is_true_stg_yellow_trips_fare_amount___0.3ce5f87ef5: BEGIN
[0m16:48:20.669820 [debug] [Thread-1 (]: Opening a new connection, currently in state closed
[0m16:48:20.675546 [debug] [Thread-1 (]: SQL status: BEGIN in 0.006 seconds
[0m16:48:20.675703 [debug] [Thread-1 (]: Using postgres connection "test.UrbanMove_dbt_project.dbt_utils_expression_is_true_stg_yellow_trips_fare_amount___0.3ce5f87ef5"
[0m16:48:20.675821 [debug] [Thread-1 (]: On test.UrbanMove_dbt_project.dbt_utils_expression_is_true_stg_yellow_trips_fare_amount___0.3ce5f87ef5: /* {"app": "dbt", "dbt_version": "1.8.0", "profile_name": "UrbanMove_dbt_project", "target_name": "dev", "node_id": "test.UrbanMove_dbt_project.dbt_utils_expression_is_true_stg_yellow_trips_fare_amount___0.3ce5f87ef5"} */
select
      count(*) as failures,
      count(*) != 0 as should_warn,
      count(*) != 0 as should_error
    from (
      



select
    1
from "taxi_db"."dbt_dev"."stg_yellow_trips"

where not(fare_amount >= 0)


      
    ) dbt_internal_test
[0m16:48:20.710696 [debug] [Thread-1 (]: SQL status: SELECT 1 in 0.035 seconds
[0m16:48:20.712861 [debug] [Thread-1 (]: On test.UrbanMove_dbt_project.dbt_utils_expression_is_true_stg_yellow_trips_fare_amount___0.3ce5f87ef5: ROLLBACK
[0m16:48:20.713746 [debug] [Thread-1 (]: On test.UrbanMove_dbt_project.dbt_utils_expression_is_true_stg_yellow_trips_fare_amount___0.3ce5f87ef5: Close
[0m16:48:20.714502 [info ] [Thread-1 (]: 6 of 20 PASS dbt_utils_expression_is_true_stg_yellow_trips_fare_amount___0 ..... [[32mPASS[0m in 0.06s]
[0m16:48:20.714978 [debug] [Thread-1 (]: Finished running node test.UrbanMove_dbt_project.dbt_utils_expression_is_true_stg_yellow_trips_fare_amount___0.3ce5f87ef5
[0m16:48:20.715291 [debug] [Thread-1 (]: Began running node test.UrbanMove_dbt_project.dbt_utils_expression_is_true_stg_yellow_trips_improvement_surcharge___0.c82316f4d6
[0m16:48:20.715612 [info ] [Thread-1 (]: 7 of 20 START test dbt_utils_expression_is_true_stg_yellow_trips_improvement_surcharge___0  [RUN]
[0m16:48:20.716181 [debug] [Thread-1 (]: Re-using an available connection from the pool (formerly test.UrbanMove_dbt_project.dbt_utils_expression_is_true_stg_yellow_trips_fare_amount___0.3ce5f87ef5, now test.UrbanMove_dbt_project.dbt_utils_expression_is_true_stg_yellow_trips_improvement_surcharge___0.c82316f4d6)
[0m16:48:20.716607 [debug] [Thread-1 (]: Began compiling node test.UrbanMove_dbt_project.dbt_utils_expression_is_true_stg_yellow_trips_improvement_surcharge___0.c82316f4d6
[0m16:48:20.721060 [debug] [Thread-1 (]: Writing injected SQL for node "test.UrbanMove_dbt_project.dbt_utils_expression_is_true_stg_yellow_trips_improvement_surcharge___0.c82316f4d6"
[0m16:48:20.721391 [debug] [Thread-1 (]: Began executing node test.UrbanMove_dbt_project.dbt_utils_expression_is_true_stg_yellow_trips_improvement_surcharge___0.c82316f4d6
[0m16:48:20.722339 [debug] [Thread-1 (]: Writing runtime sql for node "test.UrbanMove_dbt_project.dbt_utils_expression_is_true_stg_yellow_trips_improvement_surcharge___0.c82316f4d6"
[0m16:48:20.722621 [debug] [Thread-1 (]: Using postgres connection "test.UrbanMove_dbt_project.dbt_utils_expression_is_true_stg_yellow_trips_improvement_surcharge___0.c82316f4d6"
[0m16:48:20.722719 [debug] [Thread-1 (]: On test.UrbanMove_dbt_project.dbt_utils_expression_is_true_stg_yellow_trips_improvement_surcharge___0.c82316f4d6: BEGIN
[0m16:48:20.722808 [debug] [Thread-1 (]: Opening a new connection, currently in state closed
[0m16:48:20.727072 [debug] [Thread-1 (]: SQL status: BEGIN in 0.004 seconds
[0m16:48:20.727202 [debug] [Thread-1 (]: Using postgres connection "test.UrbanMove_dbt_project.dbt_utils_expression_is_true_stg_yellow_trips_improvement_surcharge___0.c82316f4d6"
[0m16:48:20.727311 [debug] [Thread-1 (]: On test.UrbanMove_dbt_project.dbt_utils_expression_is_true_stg_yellow_trips_improvement_surcharge___0.c82316f4d6: /* {"app": "dbt", "dbt_version": "1.8.0", "profile_name": "UrbanMove_dbt_project", "target_name": "dev", "node_id": "test.UrbanMove_dbt_project.dbt_utils_expression_is_true_stg_yellow_trips_improvement_surcharge___0.c82316f4d6"} */
select
      count(*) as failures,
      count(*) != 0 as should_warn,
      count(*) != 0 as should_error
    from (
      



select
    1
from "taxi_db"."dbt_dev"."stg_yellow_trips"

where not(improvement_surcharge >= 0)


      
    ) dbt_internal_test
[0m16:48:20.770138 [debug] [Thread-1 (]: SQL status: SELECT 1 in 0.043 seconds
[0m16:48:20.772126 [debug] [Thread-1 (]: On test.UrbanMove_dbt_project.dbt_utils_expression_is_true_stg_yellow_trips_improvement_surcharge___0.c82316f4d6: ROLLBACK
[0m16:48:20.772890 [debug] [Thread-1 (]: On test.UrbanMove_dbt_project.dbt_utils_expression_is_true_stg_yellow_trips_improvement_surcharge___0.c82316f4d6: Close
[0m16:48:20.773653 [info ] [Thread-1 (]: 7 of 20 PASS dbt_utils_expression_is_true_stg_yellow_trips_improvement_surcharge___0  [[32mPASS[0m in 0.06s]
[0m16:48:20.774118 [debug] [Thread-1 (]: Finished running node test.UrbanMove_dbt_project.dbt_utils_expression_is_true_stg_yellow_trips_improvement_surcharge___0.c82316f4d6
[0m16:48:20.774552 [debug] [Thread-1 (]: Began running node test.UrbanMove_dbt_project.dbt_utils_expression_is_true_stg_yellow_trips_regional_tax___0.c28f95cb33
[0m16:48:20.775107 [info ] [Thread-1 (]: 8 of 20 START test dbt_utils_expression_is_true_stg_yellow_trips_regional_tax___0  [RUN]
[0m16:48:20.775672 [debug] [Thread-1 (]: Re-using an available connection from the pool (formerly test.UrbanMove_dbt_project.dbt_utils_expression_is_true_stg_yellow_trips_improvement_surcharge___0.c82316f4d6, now test.UrbanMove_dbt_project.dbt_utils_expression_is_true_stg_yellow_trips_regional_tax___0.c28f95cb33)
[0m16:48:20.775979 [debug] [Thread-1 (]: Began compiling node test.UrbanMove_dbt_project.dbt_utils_expression_is_true_stg_yellow_trips_regional_tax___0.c28f95cb33
[0m16:48:20.780826 [debug] [Thread-1 (]: Writing injected SQL for node "test.UrbanMove_dbt_project.dbt_utils_expression_is_true_stg_yellow_trips_regional_tax___0.c28f95cb33"
[0m16:48:20.781229 [debug] [Thread-1 (]: Began executing node test.UrbanMove_dbt_project.dbt_utils_expression_is_true_stg_yellow_trips_regional_tax___0.c28f95cb33
[0m16:48:20.782147 [debug] [Thread-1 (]: Writing runtime sql for node "test.UrbanMove_dbt_project.dbt_utils_expression_is_true_stg_yellow_trips_regional_tax___0.c28f95cb33"
[0m16:48:20.782534 [debug] [Thread-1 (]: Using postgres connection "test.UrbanMove_dbt_project.dbt_utils_expression_is_true_stg_yellow_trips_regional_tax___0.c28f95cb33"
[0m16:48:20.782634 [debug] [Thread-1 (]: On test.UrbanMove_dbt_project.dbt_utils_expression_is_true_stg_yellow_trips_regional_tax___0.c28f95cb33: BEGIN
[0m16:48:20.782728 [debug] [Thread-1 (]: Opening a new connection, currently in state closed
[0m16:48:20.787418 [debug] [Thread-1 (]: SQL status: BEGIN in 0.005 seconds
[0m16:48:20.787555 [debug] [Thread-1 (]: Using postgres connection "test.UrbanMove_dbt_project.dbt_utils_expression_is_true_stg_yellow_trips_regional_tax___0.c28f95cb33"
[0m16:48:20.787674 [debug] [Thread-1 (]: On test.UrbanMove_dbt_project.dbt_utils_expression_is_true_stg_yellow_trips_regional_tax___0.c28f95cb33: /* {"app": "dbt", "dbt_version": "1.8.0", "profile_name": "UrbanMove_dbt_project", "target_name": "dev", "node_id": "test.UrbanMove_dbt_project.dbt_utils_expression_is_true_stg_yellow_trips_regional_tax___0.c28f95cb33"} */
select
      count(*) as failures,
      count(*) != 0 as should_warn,
      count(*) != 0 as should_error
    from (
      



select
    1
from "taxi_db"."dbt_dev"."stg_yellow_trips"

where not(regional_tax >= 0)


      
    ) dbt_internal_test
[0m16:48:20.835407 [debug] [Thread-1 (]: SQL status: SELECT 1 in 0.047 seconds
[0m16:48:20.837270 [debug] [Thread-1 (]: On test.UrbanMove_dbt_project.dbt_utils_expression_is_true_stg_yellow_trips_regional_tax___0.c28f95cb33: ROLLBACK
[0m16:48:20.838026 [debug] [Thread-1 (]: On test.UrbanMove_dbt_project.dbt_utils_expression_is_true_stg_yellow_trips_regional_tax___0.c28f95cb33: Close
[0m16:48:20.838590 [info ] [Thread-1 (]: 8 of 20 PASS dbt_utils_expression_is_true_stg_yellow_trips_regional_tax___0 .... [[32mPASS[0m in 0.06s]
[0m16:48:20.839058 [debug] [Thread-1 (]: Finished running node test.UrbanMove_dbt_project.dbt_utils_expression_is_true_stg_yellow_trips_regional_tax___0.c28f95cb33
[0m16:48:20.839333 [debug] [Thread-1 (]: Began running node test.UrbanMove_dbt_project.dbt_utils_expression_is_true_stg_yellow_trips_tip_amount___0.4de0cbbbf3
[0m16:48:20.839612 [info ] [Thread-1 (]: 9 of 20 START test dbt_utils_expression_is_true_stg_yellow_trips_tip_amount___0  [RUN]
[0m16:48:20.839953 [debug] [Thread-1 (]: Re-using an available connection from the pool (formerly test.UrbanMove_dbt_project.dbt_utils_expression_is_true_stg_yellow_trips_regional_tax___0.c28f95cb33, now test.UrbanMove_dbt_project.dbt_utils_expression_is_true_stg_yellow_trips_tip_amount___0.4de0cbbbf3)
[0m16:48:20.840300 [debug] [Thread-1 (]: Began compiling node test.UrbanMove_dbt_project.dbt_utils_expression_is_true_stg_yellow_trips_tip_amount___0.4de0cbbbf3
[0m16:48:20.845782 [debug] [Thread-1 (]: Writing injected SQL for node "test.UrbanMove_dbt_project.dbt_utils_expression_is_true_stg_yellow_trips_tip_amount___0.4de0cbbbf3"
[0m16:48:20.846801 [debug] [Thread-1 (]: Began executing node test.UrbanMove_dbt_project.dbt_utils_expression_is_true_stg_yellow_trips_tip_amount___0.4de0cbbbf3
[0m16:48:20.848722 [debug] [Thread-1 (]: Writing runtime sql for node "test.UrbanMove_dbt_project.dbt_utils_expression_is_true_stg_yellow_trips_tip_amount___0.4de0cbbbf3"
[0m16:48:20.849530 [debug] [Thread-1 (]: Using postgres connection "test.UrbanMove_dbt_project.dbt_utils_expression_is_true_stg_yellow_trips_tip_amount___0.4de0cbbbf3"
[0m16:48:20.849825 [debug] [Thread-1 (]: On test.UrbanMove_dbt_project.dbt_utils_expression_is_true_stg_yellow_trips_tip_amount___0.4de0cbbbf3: BEGIN
[0m16:48:20.850048 [debug] [Thread-1 (]: Opening a new connection, currently in state closed
[0m16:48:20.854959 [debug] [Thread-1 (]: SQL status: BEGIN in 0.005 seconds
[0m16:48:20.855083 [debug] [Thread-1 (]: Using postgres connection "test.UrbanMove_dbt_project.dbt_utils_expression_is_true_stg_yellow_trips_tip_amount___0.4de0cbbbf3"
[0m16:48:20.855188 [debug] [Thread-1 (]: On test.UrbanMove_dbt_project.dbt_utils_expression_is_true_stg_yellow_trips_tip_amount___0.4de0cbbbf3: /* {"app": "dbt", "dbt_version": "1.8.0", "profile_name": "UrbanMove_dbt_project", "target_name": "dev", "node_id": "test.UrbanMove_dbt_project.dbt_utils_expression_is_true_stg_yellow_trips_tip_amount___0.4de0cbbbf3"} */
select
      count(*) as failures,
      count(*) != 0 as should_warn,
      count(*) != 0 as should_error
    from (
      



select
    1
from "taxi_db"."dbt_dev"."stg_yellow_trips"

where not(tip_amount >= 0)


      
    ) dbt_internal_test
[0m16:48:20.889489 [debug] [Thread-1 (]: SQL status: SELECT 1 in 0.034 seconds
[0m16:48:20.892134 [debug] [Thread-1 (]: On test.UrbanMove_dbt_project.dbt_utils_expression_is_true_stg_yellow_trips_tip_amount___0.4de0cbbbf3: ROLLBACK
[0m16:48:20.893119 [debug] [Thread-1 (]: On test.UrbanMove_dbt_project.dbt_utils_expression_is_true_stg_yellow_trips_tip_amount___0.4de0cbbbf3: Close
[0m16:48:20.893647 [info ] [Thread-1 (]: 9 of 20 PASS dbt_utils_expression_is_true_stg_yellow_trips_tip_amount___0 ...... [[32mPASS[0m in 0.05s]
[0m16:48:20.894137 [debug] [Thread-1 (]: Finished running node test.UrbanMove_dbt_project.dbt_utils_expression_is_true_stg_yellow_trips_tip_amount___0.4de0cbbbf3
[0m16:48:20.894424 [debug] [Thread-1 (]: Began running node test.UrbanMove_dbt_project.dbt_utils_expression_is_true_stg_yellow_trips_tolls_amount___0.e7110734c8
[0m16:48:20.894706 [info ] [Thread-1 (]: 10 of 20 START test dbt_utils_expression_is_true_stg_yellow_trips_tolls_amount___0  [RUN]
[0m16:48:20.895120 [debug] [Thread-1 (]: Re-using an available connection from the pool (formerly test.UrbanMove_dbt_project.dbt_utils_expression_is_true_stg_yellow_trips_tip_amount___0.4de0cbbbf3, now test.UrbanMove_dbt_project.dbt_utils_expression_is_true_stg_yellow_trips_tolls_amount___0.e7110734c8)
[0m16:48:20.895475 [debug] [Thread-1 (]: Began compiling node test.UrbanMove_dbt_project.dbt_utils_expression_is_true_stg_yellow_trips_tolls_amount___0.e7110734c8
[0m16:48:20.900335 [debug] [Thread-1 (]: Writing injected SQL for node "test.UrbanMove_dbt_project.dbt_utils_expression_is_true_stg_yellow_trips_tolls_amount___0.e7110734c8"
[0m16:48:20.901138 [debug] [Thread-1 (]: Began executing node test.UrbanMove_dbt_project.dbt_utils_expression_is_true_stg_yellow_trips_tolls_amount___0.e7110734c8
[0m16:48:20.903454 [debug] [Thread-1 (]: Writing runtime sql for node "test.UrbanMove_dbt_project.dbt_utils_expression_is_true_stg_yellow_trips_tolls_amount___0.e7110734c8"
[0m16:48:20.903787 [debug] [Thread-1 (]: Using postgres connection "test.UrbanMove_dbt_project.dbt_utils_expression_is_true_stg_yellow_trips_tolls_amount___0.e7110734c8"
[0m16:48:20.903988 [debug] [Thread-1 (]: On test.UrbanMove_dbt_project.dbt_utils_expression_is_true_stg_yellow_trips_tolls_amount___0.e7110734c8: BEGIN
[0m16:48:20.904080 [debug] [Thread-1 (]: Opening a new connection, currently in state closed
[0m16:48:20.909572 [debug] [Thread-1 (]: SQL status: BEGIN in 0.005 seconds
[0m16:48:20.909690 [debug] [Thread-1 (]: Using postgres connection "test.UrbanMove_dbt_project.dbt_utils_expression_is_true_stg_yellow_trips_tolls_amount___0.e7110734c8"
[0m16:48:20.909794 [debug] [Thread-1 (]: On test.UrbanMove_dbt_project.dbt_utils_expression_is_true_stg_yellow_trips_tolls_amount___0.e7110734c8: /* {"app": "dbt", "dbt_version": "1.8.0", "profile_name": "UrbanMove_dbt_project", "target_name": "dev", "node_id": "test.UrbanMove_dbt_project.dbt_utils_expression_is_true_stg_yellow_trips_tolls_amount___0.e7110734c8"} */
select
      count(*) as failures,
      count(*) != 0 as should_warn,
      count(*) != 0 as should_error
    from (
      



select
    1
from "taxi_db"."dbt_dev"."stg_yellow_trips"

where not(tolls_amount >= 0)


      
    ) dbt_internal_test
[0m16:48:20.951676 [debug] [Thread-1 (]: SQL status: SELECT 1 in 0.042 seconds
[0m16:48:20.953358 [debug] [Thread-1 (]: On test.UrbanMove_dbt_project.dbt_utils_expression_is_true_stg_yellow_trips_tolls_amount___0.e7110734c8: ROLLBACK
[0m16:48:20.954330 [debug] [Thread-1 (]: On test.UrbanMove_dbt_project.dbt_utils_expression_is_true_stg_yellow_trips_tolls_amount___0.e7110734c8: Close
[0m16:48:20.955063 [info ] [Thread-1 (]: 10 of 20 PASS dbt_utils_expression_is_true_stg_yellow_trips_tolls_amount___0 ... [[32mPASS[0m in 0.06s]
[0m16:48:20.955649 [debug] [Thread-1 (]: Finished running node test.UrbanMove_dbt_project.dbt_utils_expression_is_true_stg_yellow_trips_tolls_amount___0.e7110734c8
[0m16:48:20.956056 [debug] [Thread-1 (]: Began running node test.UrbanMove_dbt_project.dbt_utils_expression_is_true_stg_yellow_trips_total_amount___0.fb74c88371
[0m16:48:20.956436 [info ] [Thread-1 (]: 11 of 20 START test dbt_utils_expression_is_true_stg_yellow_trips_total_amount___0  [RUN]
[0m16:48:20.956855 [debug] [Thread-1 (]: Re-using an available connection from the pool (formerly test.UrbanMove_dbt_project.dbt_utils_expression_is_true_stg_yellow_trips_tolls_amount___0.e7110734c8, now test.UrbanMove_dbt_project.dbt_utils_expression_is_true_stg_yellow_trips_total_amount___0.fb74c88371)
[0m16:48:20.957253 [debug] [Thread-1 (]: Began compiling node test.UrbanMove_dbt_project.dbt_utils_expression_is_true_stg_yellow_trips_total_amount___0.fb74c88371
[0m16:48:20.961423 [debug] [Thread-1 (]: Writing injected SQL for node "test.UrbanMove_dbt_project.dbt_utils_expression_is_true_stg_yellow_trips_total_amount___0.fb74c88371"
[0m16:48:20.962212 [debug] [Thread-1 (]: Began executing node test.UrbanMove_dbt_project.dbt_utils_expression_is_true_stg_yellow_trips_total_amount___0.fb74c88371
[0m16:48:20.964539 [debug] [Thread-1 (]: Writing runtime sql for node "test.UrbanMove_dbt_project.dbt_utils_expression_is_true_stg_yellow_trips_total_amount___0.fb74c88371"
[0m16:48:20.965394 [debug] [Thread-1 (]: Using postgres connection "test.UrbanMove_dbt_project.dbt_utils_expression_is_true_stg_yellow_trips_total_amount___0.fb74c88371"
[0m16:48:20.965691 [debug] [Thread-1 (]: On test.UrbanMove_dbt_project.dbt_utils_expression_is_true_stg_yellow_trips_total_amount___0.fb74c88371: BEGIN
[0m16:48:20.965884 [debug] [Thread-1 (]: Opening a new connection, currently in state closed
[0m16:48:20.970384 [debug] [Thread-1 (]: SQL status: BEGIN in 0.004 seconds
[0m16:48:20.970525 [debug] [Thread-1 (]: Using postgres connection "test.UrbanMove_dbt_project.dbt_utils_expression_is_true_stg_yellow_trips_total_amount___0.fb74c88371"
[0m16:48:20.970637 [debug] [Thread-1 (]: On test.UrbanMove_dbt_project.dbt_utils_expression_is_true_stg_yellow_trips_total_amount___0.fb74c88371: /* {"app": "dbt", "dbt_version": "1.8.0", "profile_name": "UrbanMove_dbt_project", "target_name": "dev", "node_id": "test.UrbanMove_dbt_project.dbt_utils_expression_is_true_stg_yellow_trips_total_amount___0.fb74c88371"} */
select
      count(*) as failures,
      count(*) != 0 as should_warn,
      count(*) != 0 as should_error
    from (
      



select
    1
from "taxi_db"."dbt_dev"."stg_yellow_trips"

where not(total_amount >= 0)


      
    ) dbt_internal_test
[0m16:48:21.008866 [debug] [Thread-1 (]: SQL status: SELECT 1 in 0.038 seconds
[0m16:48:21.010783 [debug] [Thread-1 (]: On test.UrbanMove_dbt_project.dbt_utils_expression_is_true_stg_yellow_trips_total_amount___0.fb74c88371: ROLLBACK
[0m16:48:21.011408 [debug] [Thread-1 (]: On test.UrbanMove_dbt_project.dbt_utils_expression_is_true_stg_yellow_trips_total_amount___0.fb74c88371: Close
[0m16:48:21.011965 [info ] [Thread-1 (]: 11 of 20 PASS dbt_utils_expression_is_true_stg_yellow_trips_total_amount___0 ... [[32mPASS[0m in 0.06s]
[0m16:48:21.012431 [debug] [Thread-1 (]: Finished running node test.UrbanMove_dbt_project.dbt_utils_expression_is_true_stg_yellow_trips_total_amount___0.fb74c88371
[0m16:48:21.012721 [debug] [Thread-1 (]: Began running node test.UrbanMove_dbt_project.dbt_utils_expression_is_true_stg_yellow_trips_trip_distance___0.589781b2f5
[0m16:48:21.013044 [info ] [Thread-1 (]: 12 of 20 START test dbt_utils_expression_is_true_stg_yellow_trips_trip_distance___0  [RUN]
[0m16:48:21.013455 [debug] [Thread-1 (]: Re-using an available connection from the pool (formerly test.UrbanMove_dbt_project.dbt_utils_expression_is_true_stg_yellow_trips_total_amount___0.fb74c88371, now test.UrbanMove_dbt_project.dbt_utils_expression_is_true_stg_yellow_trips_trip_distance___0.589781b2f5)
[0m16:48:21.013775 [debug] [Thread-1 (]: Began compiling node test.UrbanMove_dbt_project.dbt_utils_expression_is_true_stg_yellow_trips_trip_distance___0.589781b2f5
[0m16:48:21.018536 [debug] [Thread-1 (]: Writing injected SQL for node "test.UrbanMove_dbt_project.dbt_utils_expression_is_true_stg_yellow_trips_trip_distance___0.589781b2f5"
[0m16:48:21.019492 [debug] [Thread-1 (]: Began executing node test.UrbanMove_dbt_project.dbt_utils_expression_is_true_stg_yellow_trips_trip_distance___0.589781b2f5
[0m16:48:21.021419 [debug] [Thread-1 (]: Writing runtime sql for node "test.UrbanMove_dbt_project.dbt_utils_expression_is_true_stg_yellow_trips_trip_distance___0.589781b2f5"
[0m16:48:21.022151 [debug] [Thread-1 (]: Using postgres connection "test.UrbanMove_dbt_project.dbt_utils_expression_is_true_stg_yellow_trips_trip_distance___0.589781b2f5"
[0m16:48:21.022403 [debug] [Thread-1 (]: On test.UrbanMove_dbt_project.dbt_utils_expression_is_true_stg_yellow_trips_trip_distance___0.589781b2f5: BEGIN
[0m16:48:21.022629 [debug] [Thread-1 (]: Opening a new connection, currently in state closed
[0m16:48:21.027662 [debug] [Thread-1 (]: SQL status: BEGIN in 0.005 seconds
[0m16:48:21.027842 [debug] [Thread-1 (]: Using postgres connection "test.UrbanMove_dbt_project.dbt_utils_expression_is_true_stg_yellow_trips_trip_distance___0.589781b2f5"
[0m16:48:21.027958 [debug] [Thread-1 (]: On test.UrbanMove_dbt_project.dbt_utils_expression_is_true_stg_yellow_trips_trip_distance___0.589781b2f5: /* {"app": "dbt", "dbt_version": "1.8.0", "profile_name": "UrbanMove_dbt_project", "target_name": "dev", "node_id": "test.UrbanMove_dbt_project.dbt_utils_expression_is_true_stg_yellow_trips_trip_distance___0.589781b2f5"} */
select
      count(*) as failures,
      count(*) != 0 as should_warn,
      count(*) != 0 as should_error
    from (
      



select
    1
from "taxi_db"."dbt_dev"."stg_yellow_trips"

where not(trip_distance >= 0)


      
    ) dbt_internal_test
[0m16:48:21.059829 [debug] [Thread-1 (]: SQL status: SELECT 1 in 0.032 seconds
[0m16:48:21.061969 [debug] [Thread-1 (]: On test.UrbanMove_dbt_project.dbt_utils_expression_is_true_stg_yellow_trips_trip_distance___0.589781b2f5: ROLLBACK
[0m16:48:21.062668 [debug] [Thread-1 (]: On test.UrbanMove_dbt_project.dbt_utils_expression_is_true_stg_yellow_trips_trip_distance___0.589781b2f5: Close
[0m16:48:21.063165 [info ] [Thread-1 (]: 12 of 20 PASS dbt_utils_expression_is_true_stg_yellow_trips_trip_distance___0 .. [[32mPASS[0m in 0.05s]
[0m16:48:21.063625 [debug] [Thread-1 (]: Finished running node test.UrbanMove_dbt_project.dbt_utils_expression_is_true_stg_yellow_trips_trip_distance___0.589781b2f5
[0m16:48:21.063915 [debug] [Thread-1 (]: Began running node test.UrbanMove_dbt_project.not_null_stg_yellow_trips_dropoff_datetime.369e989052
[0m16:48:21.064269 [info ] [Thread-1 (]: 13 of 20 START test not_null_stg_yellow_trips_dropoff_datetime ................. [RUN]
[0m16:48:21.064737 [debug] [Thread-1 (]: Re-using an available connection from the pool (formerly test.UrbanMove_dbt_project.dbt_utils_expression_is_true_stg_yellow_trips_trip_distance___0.589781b2f5, now test.UrbanMove_dbt_project.not_null_stg_yellow_trips_dropoff_datetime.369e989052)
[0m16:48:21.065113 [debug] [Thread-1 (]: Began compiling node test.UrbanMove_dbt_project.not_null_stg_yellow_trips_dropoff_datetime.369e989052
[0m16:48:21.073164 [debug] [Thread-1 (]: Writing injected SQL for node "test.UrbanMove_dbt_project.not_null_stg_yellow_trips_dropoff_datetime.369e989052"
[0m16:48:21.074123 [debug] [Thread-1 (]: Began executing node test.UrbanMove_dbt_project.not_null_stg_yellow_trips_dropoff_datetime.369e989052
[0m16:48:21.074952 [debug] [Thread-1 (]: Writing runtime sql for node "test.UrbanMove_dbt_project.not_null_stg_yellow_trips_dropoff_datetime.369e989052"
[0m16:48:21.075223 [debug] [Thread-1 (]: Using postgres connection "test.UrbanMove_dbt_project.not_null_stg_yellow_trips_dropoff_datetime.369e989052"
[0m16:48:21.075329 [debug] [Thread-1 (]: On test.UrbanMove_dbt_project.not_null_stg_yellow_trips_dropoff_datetime.369e989052: BEGIN
[0m16:48:21.075422 [debug] [Thread-1 (]: Opening a new connection, currently in state closed
[0m16:48:21.080500 [debug] [Thread-1 (]: SQL status: BEGIN in 0.005 seconds
[0m16:48:21.080626 [debug] [Thread-1 (]: Using postgres connection "test.UrbanMove_dbt_project.not_null_stg_yellow_trips_dropoff_datetime.369e989052"
[0m16:48:21.080733 [debug] [Thread-1 (]: On test.UrbanMove_dbt_project.not_null_stg_yellow_trips_dropoff_datetime.369e989052: /* {"app": "dbt", "dbt_version": "1.8.0", "profile_name": "UrbanMove_dbt_project", "target_name": "dev", "node_id": "test.UrbanMove_dbt_project.not_null_stg_yellow_trips_dropoff_datetime.369e989052"} */
select
      count(*) as failures,
      count(*) != 0 as should_warn,
      count(*) != 0 as should_error
    from (
      
    
    



select dropoff_datetime
from "taxi_db"."dbt_dev"."stg_yellow_trips"
where dropoff_datetime is null



      
    ) dbt_internal_test
[0m16:48:21.112565 [debug] [Thread-1 (]: SQL status: SELECT 1 in 0.032 seconds
[0m16:48:21.114623 [debug] [Thread-1 (]: On test.UrbanMove_dbt_project.not_null_stg_yellow_trips_dropoff_datetime.369e989052: ROLLBACK
[0m16:48:21.115342 [debug] [Thread-1 (]: On test.UrbanMove_dbt_project.not_null_stg_yellow_trips_dropoff_datetime.369e989052: Close
[0m16:48:21.116115 [info ] [Thread-1 (]: 13 of 20 PASS not_null_stg_yellow_trips_dropoff_datetime ....................... [[32mPASS[0m in 0.05s]
[0m16:48:21.116576 [debug] [Thread-1 (]: Finished running node test.UrbanMove_dbt_project.not_null_stg_yellow_trips_dropoff_datetime.369e989052
[0m16:48:21.116881 [debug] [Thread-1 (]: Began running node test.UrbanMove_dbt_project.not_null_stg_yellow_trips_dropoff_location_id.19a28c5048
[0m16:48:21.117213 [info ] [Thread-1 (]: 14 of 20 START test not_null_stg_yellow_trips_dropoff_location_id .............. [RUN]
[0m16:48:21.117553 [debug] [Thread-1 (]: Re-using an available connection from the pool (formerly test.UrbanMove_dbt_project.not_null_stg_yellow_trips_dropoff_datetime.369e989052, now test.UrbanMove_dbt_project.not_null_stg_yellow_trips_dropoff_location_id.19a28c5048)
[0m16:48:21.117836 [debug] [Thread-1 (]: Began compiling node test.UrbanMove_dbt_project.not_null_stg_yellow_trips_dropoff_location_id.19a28c5048
[0m16:48:21.122178 [debug] [Thread-1 (]: Writing injected SQL for node "test.UrbanMove_dbt_project.not_null_stg_yellow_trips_dropoff_location_id.19a28c5048"
[0m16:48:21.122631 [debug] [Thread-1 (]: Began executing node test.UrbanMove_dbt_project.not_null_stg_yellow_trips_dropoff_location_id.19a28c5048
[0m16:48:21.123561 [debug] [Thread-1 (]: Writing runtime sql for node "test.UrbanMove_dbt_project.not_null_stg_yellow_trips_dropoff_location_id.19a28c5048"
[0m16:48:21.123769 [debug] [Thread-1 (]: Using postgres connection "test.UrbanMove_dbt_project.not_null_stg_yellow_trips_dropoff_location_id.19a28c5048"
[0m16:48:21.123866 [debug] [Thread-1 (]: On test.UrbanMove_dbt_project.not_null_stg_yellow_trips_dropoff_location_id.19a28c5048: BEGIN
[0m16:48:21.123954 [debug] [Thread-1 (]: Opening a new connection, currently in state closed
[0m16:48:21.128534 [debug] [Thread-1 (]: SQL status: BEGIN in 0.005 seconds
[0m16:48:21.128639 [debug] [Thread-1 (]: Using postgres connection "test.UrbanMove_dbt_project.not_null_stg_yellow_trips_dropoff_location_id.19a28c5048"
[0m16:48:21.128742 [debug] [Thread-1 (]: On test.UrbanMove_dbt_project.not_null_stg_yellow_trips_dropoff_location_id.19a28c5048: /* {"app": "dbt", "dbt_version": "1.8.0", "profile_name": "UrbanMove_dbt_project", "target_name": "dev", "node_id": "test.UrbanMove_dbt_project.not_null_stg_yellow_trips_dropoff_location_id.19a28c5048"} */
select
      count(*) as failures,
      count(*) != 0 as should_warn,
      count(*) != 0 as should_error
    from (
      
    
    



select dropoff_location_id
from "taxi_db"."dbt_dev"."stg_yellow_trips"
where dropoff_location_id is null



      
    ) dbt_internal_test
[0m16:48:21.168865 [debug] [Thread-1 (]: SQL status: SELECT 1 in 0.040 seconds
[0m16:48:21.170776 [debug] [Thread-1 (]: On test.UrbanMove_dbt_project.not_null_stg_yellow_trips_dropoff_location_id.19a28c5048: ROLLBACK
[0m16:48:21.171474 [debug] [Thread-1 (]: On test.UrbanMove_dbt_project.not_null_stg_yellow_trips_dropoff_location_id.19a28c5048: Close
[0m16:48:21.171968 [info ] [Thread-1 (]: 14 of 20 PASS not_null_stg_yellow_trips_dropoff_location_id .................... [[32mPASS[0m in 0.05s]
[0m16:48:21.172385 [debug] [Thread-1 (]: Finished running node test.UrbanMove_dbt_project.not_null_stg_yellow_trips_dropoff_location_id.19a28c5048
[0m16:48:21.172690 [debug] [Thread-1 (]: Began running node test.UrbanMove_dbt_project.not_null_stg_yellow_trips_passenger_count.4ff8bf000d
[0m16:48:21.173070 [info ] [Thread-1 (]: 15 of 20 START test not_null_stg_yellow_trips_passenger_count .................. [RUN]
[0m16:48:21.173517 [debug] [Thread-1 (]: Re-using an available connection from the pool (formerly test.UrbanMove_dbt_project.not_null_stg_yellow_trips_dropoff_location_id.19a28c5048, now test.UrbanMove_dbt_project.not_null_stg_yellow_trips_passenger_count.4ff8bf000d)
[0m16:48:21.173829 [debug] [Thread-1 (]: Began compiling node test.UrbanMove_dbt_project.not_null_stg_yellow_trips_passenger_count.4ff8bf000d
[0m16:48:21.177587 [debug] [Thread-1 (]: Writing injected SQL for node "test.UrbanMove_dbt_project.not_null_stg_yellow_trips_passenger_count.4ff8bf000d"
[0m16:48:21.177899 [debug] [Thread-1 (]: Began executing node test.UrbanMove_dbt_project.not_null_stg_yellow_trips_passenger_count.4ff8bf000d
[0m16:48:21.178682 [debug] [Thread-1 (]: Writing runtime sql for node "test.UrbanMove_dbt_project.not_null_stg_yellow_trips_passenger_count.4ff8bf000d"
[0m16:48:21.178893 [debug] [Thread-1 (]: Using postgres connection "test.UrbanMove_dbt_project.not_null_stg_yellow_trips_passenger_count.4ff8bf000d"
[0m16:48:21.178990 [debug] [Thread-1 (]: On test.UrbanMove_dbt_project.not_null_stg_yellow_trips_passenger_count.4ff8bf000d: BEGIN
[0m16:48:21.179078 [debug] [Thread-1 (]: Opening a new connection, currently in state closed
[0m16:48:21.183802 [debug] [Thread-1 (]: SQL status: BEGIN in 0.005 seconds
[0m16:48:21.183939 [debug] [Thread-1 (]: Using postgres connection "test.UrbanMove_dbt_project.not_null_stg_yellow_trips_passenger_count.4ff8bf000d"
[0m16:48:21.184049 [debug] [Thread-1 (]: On test.UrbanMove_dbt_project.not_null_stg_yellow_trips_passenger_count.4ff8bf000d: /* {"app": "dbt", "dbt_version": "1.8.0", "profile_name": "UrbanMove_dbt_project", "target_name": "dev", "node_id": "test.UrbanMove_dbt_project.not_null_stg_yellow_trips_passenger_count.4ff8bf000d"} */
select
      count(*) as failures,
      count(*) != 0 as should_warn,
      count(*) != 0 as should_error
    from (
      
    
    



select passenger_count
from "taxi_db"."dbt_dev"."stg_yellow_trips"
where passenger_count is null



      
    ) dbt_internal_test
[0m16:48:21.216041 [debug] [Thread-1 (]: SQL status: SELECT 1 in 0.032 seconds
[0m16:48:21.217882 [debug] [Thread-1 (]: On test.UrbanMove_dbt_project.not_null_stg_yellow_trips_passenger_count.4ff8bf000d: ROLLBACK
[0m16:48:21.218458 [debug] [Thread-1 (]: On test.UrbanMove_dbt_project.not_null_stg_yellow_trips_passenger_count.4ff8bf000d: Close
[0m16:48:21.218945 [info ] [Thread-1 (]: 15 of 20 PASS not_null_stg_yellow_trips_passenger_count ........................ [[32mPASS[0m in 0.05s]
[0m16:48:21.219351 [debug] [Thread-1 (]: Finished running node test.UrbanMove_dbt_project.not_null_stg_yellow_trips_passenger_count.4ff8bf000d
[0m16:48:21.219635 [debug] [Thread-1 (]: Began running node test.UrbanMove_dbt_project.not_null_stg_yellow_trips_pickup_datetime.069acef7ed
[0m16:48:21.219958 [info ] [Thread-1 (]: 16 of 20 START test not_null_stg_yellow_trips_pickup_datetime .................. [RUN]
[0m16:48:21.220385 [debug] [Thread-1 (]: Re-using an available connection from the pool (formerly test.UrbanMove_dbt_project.not_null_stg_yellow_trips_passenger_count.4ff8bf000d, now test.UrbanMove_dbt_project.not_null_stg_yellow_trips_pickup_datetime.069acef7ed)
[0m16:48:21.220657 [debug] [Thread-1 (]: Began compiling node test.UrbanMove_dbt_project.not_null_stg_yellow_trips_pickup_datetime.069acef7ed
[0m16:48:21.224505 [debug] [Thread-1 (]: Writing injected SQL for node "test.UrbanMove_dbt_project.not_null_stg_yellow_trips_pickup_datetime.069acef7ed"
[0m16:48:21.224831 [debug] [Thread-1 (]: Began executing node test.UrbanMove_dbt_project.not_null_stg_yellow_trips_pickup_datetime.069acef7ed
[0m16:48:21.225842 [debug] [Thread-1 (]: Writing runtime sql for node "test.UrbanMove_dbt_project.not_null_stg_yellow_trips_pickup_datetime.069acef7ed"
[0m16:48:21.226498 [debug] [Thread-1 (]: Using postgres connection "test.UrbanMove_dbt_project.not_null_stg_yellow_trips_pickup_datetime.069acef7ed"
[0m16:48:21.226603 [debug] [Thread-1 (]: On test.UrbanMove_dbt_project.not_null_stg_yellow_trips_pickup_datetime.069acef7ed: BEGIN
[0m16:48:21.226699 [debug] [Thread-1 (]: Opening a new connection, currently in state closed
[0m16:48:21.231536 [debug] [Thread-1 (]: SQL status: BEGIN in 0.005 seconds
[0m16:48:21.231661 [debug] [Thread-1 (]: Using postgres connection "test.UrbanMove_dbt_project.not_null_stg_yellow_trips_pickup_datetime.069acef7ed"
[0m16:48:21.231770 [debug] [Thread-1 (]: On test.UrbanMove_dbt_project.not_null_stg_yellow_trips_pickup_datetime.069acef7ed: /* {"app": "dbt", "dbt_version": "1.8.0", "profile_name": "UrbanMove_dbt_project", "target_name": "dev", "node_id": "test.UrbanMove_dbt_project.not_null_stg_yellow_trips_pickup_datetime.069acef7ed"} */
select
      count(*) as failures,
      count(*) != 0 as should_warn,
      count(*) != 0 as should_error
    from (
      
    
    



select pickup_datetime
from "taxi_db"."dbt_dev"."stg_yellow_trips"
where pickup_datetime is null



      
    ) dbt_internal_test
[0m16:48:21.261986 [debug] [Thread-1 (]: SQL status: SELECT 1 in 0.030 seconds
[0m16:48:21.263774 [debug] [Thread-1 (]: On test.UrbanMove_dbt_project.not_null_stg_yellow_trips_pickup_datetime.069acef7ed: ROLLBACK
[0m16:48:21.264428 [debug] [Thread-1 (]: On test.UrbanMove_dbt_project.not_null_stg_yellow_trips_pickup_datetime.069acef7ed: Close
[0m16:48:21.264911 [info ] [Thread-1 (]: 16 of 20 PASS not_null_stg_yellow_trips_pickup_datetime ........................ [[32mPASS[0m in 0.04s]
[0m16:48:21.265327 [debug] [Thread-1 (]: Finished running node test.UrbanMove_dbt_project.not_null_stg_yellow_trips_pickup_datetime.069acef7ed
[0m16:48:21.265649 [debug] [Thread-1 (]: Began running node test.UrbanMove_dbt_project.not_null_stg_yellow_trips_pickup_location_id.cf34a865b1
[0m16:48:21.265954 [info ] [Thread-1 (]: 17 of 20 START test not_null_stg_yellow_trips_pickup_location_id ............... [RUN]
[0m16:48:21.266364 [debug] [Thread-1 (]: Re-using an available connection from the pool (formerly test.UrbanMove_dbt_project.not_null_stg_yellow_trips_pickup_datetime.069acef7ed, now test.UrbanMove_dbt_project.not_null_stg_yellow_trips_pickup_location_id.cf34a865b1)
[0m16:48:21.266718 [debug] [Thread-1 (]: Began compiling node test.UrbanMove_dbt_project.not_null_stg_yellow_trips_pickup_location_id.cf34a865b1
[0m16:48:21.268745 [debug] [Thread-1 (]: Writing injected SQL for node "test.UrbanMove_dbt_project.not_null_stg_yellow_trips_pickup_location_id.cf34a865b1"
[0m16:48:21.269090 [debug] [Thread-1 (]: Began executing node test.UrbanMove_dbt_project.not_null_stg_yellow_trips_pickup_location_id.cf34a865b1
[0m16:48:21.270229 [debug] [Thread-1 (]: Writing runtime sql for node "test.UrbanMove_dbt_project.not_null_stg_yellow_trips_pickup_location_id.cf34a865b1"
[0m16:48:21.270451 [debug] [Thread-1 (]: Using postgres connection "test.UrbanMove_dbt_project.not_null_stg_yellow_trips_pickup_location_id.cf34a865b1"
[0m16:48:21.270547 [debug] [Thread-1 (]: On test.UrbanMove_dbt_project.not_null_stg_yellow_trips_pickup_location_id.cf34a865b1: BEGIN
[0m16:48:21.270639 [debug] [Thread-1 (]: Opening a new connection, currently in state closed
[0m16:48:21.275449 [debug] [Thread-1 (]: SQL status: BEGIN in 0.005 seconds
[0m16:48:21.275570 [debug] [Thread-1 (]: Using postgres connection "test.UrbanMove_dbt_project.not_null_stg_yellow_trips_pickup_location_id.cf34a865b1"
[0m16:48:21.275675 [debug] [Thread-1 (]: On test.UrbanMove_dbt_project.not_null_stg_yellow_trips_pickup_location_id.cf34a865b1: /* {"app": "dbt", "dbt_version": "1.8.0", "profile_name": "UrbanMove_dbt_project", "target_name": "dev", "node_id": "test.UrbanMove_dbt_project.not_null_stg_yellow_trips_pickup_location_id.cf34a865b1"} */
select
      count(*) as failures,
      count(*) != 0 as should_warn,
      count(*) != 0 as should_error
    from (
      
    
    



select pickup_location_id
from "taxi_db"."dbt_dev"."stg_yellow_trips"
where pickup_location_id is null



      
    ) dbt_internal_test
[0m16:48:21.313651 [debug] [Thread-1 (]: SQL status: SELECT 1 in 0.038 seconds
[0m16:48:21.315792 [debug] [Thread-1 (]: On test.UrbanMove_dbt_project.not_null_stg_yellow_trips_pickup_location_id.cf34a865b1: ROLLBACK
[0m16:48:21.316780 [debug] [Thread-1 (]: On test.UrbanMove_dbt_project.not_null_stg_yellow_trips_pickup_location_id.cf34a865b1: Close
[0m16:48:21.317323 [info ] [Thread-1 (]: 17 of 20 PASS not_null_stg_yellow_trips_pickup_location_id ..................... [[32mPASS[0m in 0.05s]
[0m16:48:21.317692 [debug] [Thread-1 (]: Finished running node test.UrbanMove_dbt_project.not_null_stg_yellow_trips_pickup_location_id.cf34a865b1
[0m16:48:21.317956 [debug] [Thread-1 (]: Began running node test.UrbanMove_dbt_project.not_null_stg_yellow_trips_trip_id.cf5e2695a1
[0m16:48:21.318263 [info ] [Thread-1 (]: 18 of 20 START test not_null_stg_yellow_trips_trip_id .......................... [RUN]
[0m16:48:21.318637 [debug] [Thread-1 (]: Re-using an available connection from the pool (formerly test.UrbanMove_dbt_project.not_null_stg_yellow_trips_pickup_location_id.cf34a865b1, now test.UrbanMove_dbt_project.not_null_stg_yellow_trips_trip_id.cf5e2695a1)
[0m16:48:21.318930 [debug] [Thread-1 (]: Began compiling node test.UrbanMove_dbt_project.not_null_stg_yellow_trips_trip_id.cf5e2695a1
[0m16:48:21.322726 [debug] [Thread-1 (]: Writing injected SQL for node "test.UrbanMove_dbt_project.not_null_stg_yellow_trips_trip_id.cf5e2695a1"
[0m16:48:21.323049 [debug] [Thread-1 (]: Began executing node test.UrbanMove_dbt_project.not_null_stg_yellow_trips_trip_id.cf5e2695a1
[0m16:48:21.323965 [debug] [Thread-1 (]: Writing runtime sql for node "test.UrbanMove_dbt_project.not_null_stg_yellow_trips_trip_id.cf5e2695a1"
[0m16:48:21.324177 [debug] [Thread-1 (]: Using postgres connection "test.UrbanMove_dbt_project.not_null_stg_yellow_trips_trip_id.cf5e2695a1"
[0m16:48:21.324400 [debug] [Thread-1 (]: On test.UrbanMove_dbt_project.not_null_stg_yellow_trips_trip_id.cf5e2695a1: BEGIN
[0m16:48:21.324526 [debug] [Thread-1 (]: Opening a new connection, currently in state closed
[0m16:48:21.329018 [debug] [Thread-1 (]: SQL status: BEGIN in 0.004 seconds
[0m16:48:21.329148 [debug] [Thread-1 (]: Using postgres connection "test.UrbanMove_dbt_project.not_null_stg_yellow_trips_trip_id.cf5e2695a1"
[0m16:48:21.329261 [debug] [Thread-1 (]: On test.UrbanMove_dbt_project.not_null_stg_yellow_trips_trip_id.cf5e2695a1: /* {"app": "dbt", "dbt_version": "1.8.0", "profile_name": "UrbanMove_dbt_project", "target_name": "dev", "node_id": "test.UrbanMove_dbt_project.not_null_stg_yellow_trips_trip_id.cf5e2695a1"} */
select
      count(*) as failures,
      count(*) != 0 as should_warn,
      count(*) != 0 as should_error
    from (
      
    
    



select trip_id
from "taxi_db"."dbt_dev"."stg_yellow_trips"
where trip_id is null



      
    ) dbt_internal_test
[0m16:48:21.405936 [debug] [Thread-1 (]: SQL status: SELECT 1 in 0.076 seconds
[0m16:48:21.409277 [debug] [Thread-1 (]: On test.UrbanMove_dbt_project.not_null_stg_yellow_trips_trip_id.cf5e2695a1: ROLLBACK
[0m16:48:21.410143 [debug] [Thread-1 (]: On test.UrbanMove_dbt_project.not_null_stg_yellow_trips_trip_id.cf5e2695a1: Close
[0m16:48:21.410706 [info ] [Thread-1 (]: 18 of 20 PASS not_null_stg_yellow_trips_trip_id ................................ [[32mPASS[0m in 0.09s]
[0m16:48:21.411238 [debug] [Thread-1 (]: Finished running node test.UrbanMove_dbt_project.not_null_stg_yellow_trips_trip_id.cf5e2695a1
[0m16:48:21.411651 [debug] [Thread-1 (]: Began running node test.UrbanMove_dbt_project.not_null_stg_yellow_trips_vendor_id.5bb8ca4a57
[0m16:48:21.412116 [info ] [Thread-1 (]: 19 of 20 START test not_null_stg_yellow_trips_vendor_id ........................ [RUN]
[0m16:48:21.412634 [debug] [Thread-1 (]: Re-using an available connection from the pool (formerly test.UrbanMove_dbt_project.not_null_stg_yellow_trips_trip_id.cf5e2695a1, now test.UrbanMove_dbt_project.not_null_stg_yellow_trips_vendor_id.5bb8ca4a57)
[0m16:48:21.412995 [debug] [Thread-1 (]: Began compiling node test.UrbanMove_dbt_project.not_null_stg_yellow_trips_vendor_id.5bb8ca4a57
[0m16:48:21.418311 [debug] [Thread-1 (]: Writing injected SQL for node "test.UrbanMove_dbt_project.not_null_stg_yellow_trips_vendor_id.5bb8ca4a57"
[0m16:48:21.419249 [debug] [Thread-1 (]: Began executing node test.UrbanMove_dbt_project.not_null_stg_yellow_trips_vendor_id.5bb8ca4a57
[0m16:48:21.421338 [debug] [Thread-1 (]: Writing runtime sql for node "test.UrbanMove_dbt_project.not_null_stg_yellow_trips_vendor_id.5bb8ca4a57"
[0m16:48:21.421951 [debug] [Thread-1 (]: Using postgres connection "test.UrbanMove_dbt_project.not_null_stg_yellow_trips_vendor_id.5bb8ca4a57"
[0m16:48:21.422202 [debug] [Thread-1 (]: On test.UrbanMove_dbt_project.not_null_stg_yellow_trips_vendor_id.5bb8ca4a57: BEGIN
[0m16:48:21.422429 [debug] [Thread-1 (]: Opening a new connection, currently in state closed
[0m16:48:21.429858 [debug] [Thread-1 (]: SQL status: BEGIN in 0.007 seconds
[0m16:48:21.430391 [debug] [Thread-1 (]: Using postgres connection "test.UrbanMove_dbt_project.not_null_stg_yellow_trips_vendor_id.5bb8ca4a57"
[0m16:48:21.430688 [debug] [Thread-1 (]: On test.UrbanMove_dbt_project.not_null_stg_yellow_trips_vendor_id.5bb8ca4a57: /* {"app": "dbt", "dbt_version": "1.8.0", "profile_name": "UrbanMove_dbt_project", "target_name": "dev", "node_id": "test.UrbanMove_dbt_project.not_null_stg_yellow_trips_vendor_id.5bb8ca4a57"} */
select
      count(*) as failures,
      count(*) != 0 as should_warn,
      count(*) != 0 as should_error
    from (
      
    
    



select vendor_id
from "taxi_db"."dbt_dev"."stg_yellow_trips"
where vendor_id is null



      
    ) dbt_internal_test
[0m16:48:21.460683 [debug] [Thread-1 (]: SQL status: SELECT 1 in 0.030 seconds
[0m16:48:21.462918 [debug] [Thread-1 (]: On test.UrbanMove_dbt_project.not_null_stg_yellow_trips_vendor_id.5bb8ca4a57: ROLLBACK
[0m16:48:21.463638 [debug] [Thread-1 (]: On test.UrbanMove_dbt_project.not_null_stg_yellow_trips_vendor_id.5bb8ca4a57: Close
[0m16:48:21.464170 [info ] [Thread-1 (]: 19 of 20 PASS not_null_stg_yellow_trips_vendor_id .............................. [[32mPASS[0m in 0.05s]
[0m16:48:21.464658 [debug] [Thread-1 (]: Finished running node test.UrbanMove_dbt_project.not_null_stg_yellow_trips_vendor_id.5bb8ca4a57
[0m16:48:21.464967 [debug] [Thread-1 (]: Began running node test.UrbanMove_dbt_project.unique_stg_yellow_trips_trip_id.a67db06965
[0m16:48:21.465395 [info ] [Thread-1 (]: 20 of 20 START test unique_stg_yellow_trips_trip_id ............................ [RUN]
[0m16:48:21.465942 [debug] [Thread-1 (]: Re-using an available connection from the pool (formerly test.UrbanMove_dbt_project.not_null_stg_yellow_trips_vendor_id.5bb8ca4a57, now test.UrbanMove_dbt_project.unique_stg_yellow_trips_trip_id.a67db06965)
[0m16:48:21.466376 [debug] [Thread-1 (]: Began compiling node test.UrbanMove_dbt_project.unique_stg_yellow_trips_trip_id.a67db06965
[0m16:48:21.477279 [debug] [Thread-1 (]: Writing injected SQL for node "test.UrbanMove_dbt_project.unique_stg_yellow_trips_trip_id.a67db06965"
[0m16:48:21.477907 [debug] [Thread-1 (]: Began executing node test.UrbanMove_dbt_project.unique_stg_yellow_trips_trip_id.a67db06965
[0m16:48:21.478715 [debug] [Thread-1 (]: Writing runtime sql for node "test.UrbanMove_dbt_project.unique_stg_yellow_trips_trip_id.a67db06965"
[0m16:48:21.478992 [debug] [Thread-1 (]: Using postgres connection "test.UrbanMove_dbt_project.unique_stg_yellow_trips_trip_id.a67db06965"
[0m16:48:21.479087 [debug] [Thread-1 (]: On test.UrbanMove_dbt_project.unique_stg_yellow_trips_trip_id.a67db06965: BEGIN
[0m16:48:21.479176 [debug] [Thread-1 (]: Opening a new connection, currently in state closed
[0m16:48:21.484772 [debug] [Thread-1 (]: SQL status: BEGIN in 0.006 seconds
[0m16:48:21.484880 [debug] [Thread-1 (]: Using postgres connection "test.UrbanMove_dbt_project.unique_stg_yellow_trips_trip_id.a67db06965"
[0m16:48:21.484980 [debug] [Thread-1 (]: On test.UrbanMove_dbt_project.unique_stg_yellow_trips_trip_id.a67db06965: /* {"app": "dbt", "dbt_version": "1.8.0", "profile_name": "UrbanMove_dbt_project", "target_name": "dev", "node_id": "test.UrbanMove_dbt_project.unique_stg_yellow_trips_trip_id.a67db06965"} */
select
      count(*) as failures,
      count(*) != 0 as should_warn,
      count(*) != 0 as should_error
    from (
      
    
    

select
    trip_id as unique_field,
    count(*) as n_records

from "taxi_db"."dbt_dev"."stg_yellow_trips"
where trip_id is not null
group by trip_id
having count(*) > 1



      
    ) dbt_internal_test
[0m16:48:22.411100 [debug] [Thread-1 (]: SQL status: SELECT 1 in 0.926 seconds
[0m16:48:22.413922 [debug] [Thread-1 (]: On test.UrbanMove_dbt_project.unique_stg_yellow_trips_trip_id.a67db06965: ROLLBACK
[0m16:48:22.414686 [debug] [Thread-1 (]: On test.UrbanMove_dbt_project.unique_stg_yellow_trips_trip_id.a67db06965: Close
[0m16:48:22.415391 [info ] [Thread-1 (]: 20 of 20 PASS unique_stg_yellow_trips_trip_id .................................. [[32mPASS[0m in 0.95s]
[0m16:48:22.415923 [debug] [Thread-1 (]: Finished running node test.UrbanMove_dbt_project.unique_stg_yellow_trips_trip_id.a67db06965
[0m16:48:22.417039 [debug] [MainThread]: Using postgres connection "master"
[0m16:48:22.417244 [debug] [MainThread]: On master: BEGIN
[0m16:48:22.417407 [debug] [MainThread]: Opening a new connection, currently in state closed
[0m16:48:22.425580 [debug] [MainThread]: SQL status: BEGIN in 0.008 seconds
[0m16:48:22.426091 [debug] [MainThread]: On master: COMMIT
[0m16:48:22.426322 [debug] [MainThread]: Using postgres connection "master"
[0m16:48:22.426553 [debug] [MainThread]: On master: COMMIT
[0m16:48:22.426961 [debug] [MainThread]: SQL status: COMMIT in 0.000 seconds
[0m16:48:22.427253 [debug] [MainThread]: On master: Close
[0m16:48:22.427597 [debug] [MainThread]: Connection 'master' was properly closed.
[0m16:48:22.427801 [debug] [MainThread]: Connection 'test.UrbanMove_dbt_project.unique_stg_yellow_trips_trip_id.a67db06965' was properly closed.
[0m16:48:22.428066 [info ] [MainThread]: 
[0m16:48:22.428272 [info ] [MainThread]: Finished running 20 data tests in 0 hours 0 minutes and 2.25 seconds (2.25s).
[0m16:48:22.431147 [debug] [MainThread]: Command end result
[0m16:48:22.454790 [info ] [MainThread]: 
[0m16:48:22.455080 [info ] [MainThread]: [32mCompleted successfully[0m
[0m16:48:22.455252 [info ] [MainThread]: 
[0m16:48:22.455412 [info ] [MainThread]: Done. PASS=20 WARN=0 ERROR=0 SKIP=0 TOTAL=20
[0m16:48:22.457566 [debug] [MainThread]: Resource report: {"command_name": "test", "command_success": true, "command_wall_clock_time": 2.7199533, "process_user_time": 1.089149, "process_kernel_time": 0.166199, "process_mem_max_rss": "135430144", "process_in_blocks": "0", "process_out_blocks": "0"}
[0m16:48:22.457748 [debug] [MainThread]: Command `dbt test` succeeded at 16:48:22.457713 after 2.72 seconds
[0m16:48:22.457884 [debug] [MainThread]: Sending event: {'category': 'dbt', 'action': 'invocation', 'label': 'end', 'context': [<snowplow_tracker.self_describing_json.SelfDescribingJson object at 0x107ab3750>, <snowplow_tracker.self_describing_json.SelfDescribingJson object at 0x107cdd6d0>, <snowplow_tracker.self_describing_json.SelfDescribingJson object at 0x107cdf390>]}
[0m16:48:22.458004 [debug] [MainThread]: Flushing usage events
[0m17:39:23.507084 [debug] [MainThread]: Sending event: {'category': 'dbt', 'action': 'invocation', 'label': 'start', 'context': [<snowplow_tracker.self_describing_json.SelfDescribingJson object at 0x106de4ec0>, <snowplow_tracker.self_describing_json.SelfDescribingJson object at 0x108c1fd90>, <snowplow_tracker.self_describing_json.SelfDescribingJson object at 0x108c1fed0>]}


============================== 17:39:23.509371 | d6cf17aa-0c9f-4242-bc91-3b6f18a9ee6a ==============================
[0m17:39:23.509371 [info ] [MainThread]: Running with dbt=1.8.0
[0m17:39:23.509623 [debug] [MainThread]: running dbt with arguments {'printer_width': '80', 'indirect_selection': 'eager', 'write_json': 'True', 'log_cache_events': 'False', 'partial_parse': 'True', 'cache_selected_only': 'False', 'profiles_dir': '/Users/thameralotaibi/.dbt', 'fail_fast': 'False', 'warn_error': 'None', 'log_path': '/Users/thameralotaibi/Documents/de-sprint-2026/UrbanMove_dbt_project/logs', 'debug': 'False', 'version_check': 'True', 'use_colors': 'True', 'use_experimental_parser': 'False', 'no_print': 'None', 'quiet': 'False', 'warn_error_options': 'WarnErrorOptions(include=[], exclude=[])', 'static_parser': 'True', 'introspect': 'True', 'invocation_command': 'dbt run --select fct_revenue_by_zone', 'target_path': 'None', 'log_format': 'default', 'send_anonymous_usage_stats': 'True'}
[0m17:39:23.579515 [debug] [MainThread]: Sending event: {'category': 'dbt', 'action': 'project_id', 'label': 'd6cf17aa-0c9f-4242-bc91-3b6f18a9ee6a', 'context': [<snowplow_tracker.self_describing_json.SelfDescribingJson object at 0x107be42b0>]}
[0m17:39:23.597887 [debug] [MainThread]: Sending event: {'category': 'dbt', 'action': 'adapter_info', 'label': 'd6cf17aa-0c9f-4242-bc91-3b6f18a9ee6a', 'context': [<snowplow_tracker.self_describing_json.SelfDescribingJson object at 0x1093729c0>]}
[0m17:39:23.598383 [info ] [MainThread]: Registered adapter: postgres=1.8.0
[0m17:39:23.636536 [debug] [MainThread]: checksum: dbb12d416fdb55e3665e4828703bbedf40c5c90ed7ca6ff39bbbfb29b12b0a92, vars: {}, profile: , target: , version: 1.8.0
[0m17:39:23.693151 [debug] [MainThread]: Partial parsing enabled: 0 files deleted, 1 files added, 1 files changed.
[0m17:39:23.693397 [debug] [MainThread]: Partial parsing: added file: UrbanMove_dbt_project://models/marts/fct_revenue_by_zone.sql
[0m17:39:23.693581 [debug] [MainThread]: Partial parsing: updated file: UrbanMove_dbt_project://models/staging/schema.yml
[0m17:39:23.774912 [debug] [MainThread]: Sending event: {'category': 'dbt', 'action': 'load_project', 'label': 'd6cf17aa-0c9f-4242-bc91-3b6f18a9ee6a', 'context': [<snowplow_tracker.self_describing_json.SelfDescribingJson object at 0x109d10950>]}
[0m17:39:23.815288 [debug] [MainThread]: Sending event: {'category': 'dbt', 'action': 'resource_counts', 'label': 'd6cf17aa-0c9f-4242-bc91-3b6f18a9ee6a', 'context': [<snowplow_tracker.self_describing_json.SelfDescribingJson object at 0x108d09040>]}
[0m17:39:23.815466 [info ] [MainThread]: Found 23 data tests, 2 models, 1 source, 544 macros
[0m17:39:23.815575 [debug] [MainThread]: Sending event: {'category': 'dbt', 'action': 'runnable_timing', 'label': 'd6cf17aa-0c9f-4242-bc91-3b6f18a9ee6a', 'context': [<snowplow_tracker.self_describing_json.SelfDescribingJson object at 0x109ed6dd0>]}
[0m17:39:23.816201 [info ] [MainThread]: 
[0m17:39:23.816391 [debug] [MainThread]: Acquiring new postgres connection 'master'
[0m17:39:23.816687 [debug] [ThreadPool]: Acquiring new postgres connection 'list_taxi_db'
[0m17:39:23.837716 [debug] [ThreadPool]: Using postgres connection "list_taxi_db"
[0m17:39:23.837835 [debug] [ThreadPool]: On list_taxi_db: /* {"app": "dbt", "dbt_version": "1.8.0", "profile_name": "UrbanMove_dbt_project", "target_name": "dev", "connection_name": "list_taxi_db"} */

    select distinct nspname from pg_namespace
  
[0m17:39:23.837918 [debug] [ThreadPool]: Opening a new connection, currently in state init
[0m17:39:23.877357 [debug] [ThreadPool]: SQL status: SELECT 5 in 0.039 seconds
[0m17:39:23.877906 [debug] [ThreadPool]: On list_taxi_db: Close
[0m17:39:23.879478 [debug] [ThreadPool]: Re-using an available connection from the pool (formerly list_taxi_db, now list_taxi_db_dbt_dev)
[0m17:39:23.881379 [debug] [ThreadPool]: Using postgres connection "list_taxi_db_dbt_dev"
[0m17:39:23.881485 [debug] [ThreadPool]: On list_taxi_db_dbt_dev: BEGIN
[0m17:39:23.881563 [debug] [ThreadPool]: Opening a new connection, currently in state closed
[0m17:39:23.890247 [debug] [ThreadPool]: SQL status: BEGIN in 0.009 seconds
[0m17:39:23.890354 [debug] [ThreadPool]: Using postgres connection "list_taxi_db_dbt_dev"
[0m17:39:23.890439 [debug] [ThreadPool]: On list_taxi_db_dbt_dev: /* {"app": "dbt", "dbt_version": "1.8.0", "profile_name": "UrbanMove_dbt_project", "target_name": "dev", "connection_name": "list_taxi_db_dbt_dev"} */
select
      'taxi_db' as database,
      tablename as name,
      schemaname as schema,
      'table' as type
    from pg_tables
    where schemaname ilike 'dbt_dev'
    union all
    select
      'taxi_db' as database,
      viewname as name,
      schemaname as schema,
      'view' as type
    from pg_views
    where schemaname ilike 'dbt_dev'
    union all
    select
      'taxi_db' as database,
      matviewname as name,
      schemaname as schema,
      'materialized_view' as type
    from pg_matviews
    where schemaname ilike 'dbt_dev'
  
[0m17:39:23.896837 [debug] [ThreadPool]: SQL status: SELECT 1 in 0.006 seconds
[0m17:39:23.897255 [debug] [ThreadPool]: On list_taxi_db_dbt_dev: ROLLBACK
[0m17:39:23.897669 [debug] [ThreadPool]: On list_taxi_db_dbt_dev: Close
[0m17:39:23.899070 [debug] [MainThread]: Using postgres connection "master"
[0m17:39:23.899162 [debug] [MainThread]: On master: BEGIN
[0m17:39:23.899234 [debug] [MainThread]: Opening a new connection, currently in state init
[0m17:39:23.908433 [debug] [MainThread]: SQL status: BEGIN in 0.009 seconds
[0m17:39:23.908519 [debug] [MainThread]: Using postgres connection "master"
[0m17:39:23.908629 [debug] [MainThread]: On master: /* {"app": "dbt", "dbt_version": "1.8.0", "profile_name": "UrbanMove_dbt_project", "target_name": "dev", "connection_name": "master"} */
with relation as (
        select
            pg_rewrite.ev_class as class,
            pg_rewrite.oid as id
        from pg_rewrite
    ),
    class as (
        select
            oid as id,
            relname as name,
            relnamespace as schema,
            relkind as kind
        from pg_class
    ),
    dependency as (
        select distinct
            pg_depend.objid as id,
            pg_depend.refobjid as ref
        from pg_depend
    ),
    schema as (
        select
            pg_namespace.oid as id,
            pg_namespace.nspname as name
        from pg_namespace
        where nspname != 'information_schema' and nspname not like 'pg\_%'
    ),
    referenced as (
        select
            relation.id AS id,
            referenced_class.name ,
            referenced_class.schema ,
            referenced_class.kind
        from relation
        join class as referenced_class on relation.class=referenced_class.id
        where referenced_class.kind in ('r', 'v', 'm')
    ),
    relationships as (
        select
            referenced.name as referenced_name,
            referenced.schema as referenced_schema_id,
            dependent_class.name as dependent_name,
            dependent_class.schema as dependent_schema_id,
            referenced.kind as kind
        from referenced
        join dependency on referenced.id=dependency.id
        join class as dependent_class on dependency.ref=dependent_class.id
        where
            (referenced.name != dependent_class.name or
             referenced.schema != dependent_class.schema)
    )

    select
        referenced_schema.name as referenced_schema,
        relationships.referenced_name as referenced_name,
        dependent_schema.name as dependent_schema,
        relationships.dependent_name as dependent_name
    from relationships
    join schema as dependent_schema on relationships.dependent_schema_id=dependent_schema.id
    join schema as referenced_schema on relationships.referenced_schema_id=referenced_schema.id
    group by referenced_schema, referenced_name, dependent_schema, dependent_name
    order by referenced_schema, referenced_name, dependent_schema, dependent_name;
[0m17:39:23.913837 [debug] [MainThread]: SQL status: SELECT 1 in 0.005 seconds
[0m17:39:23.914257 [debug] [MainThread]: Sending event: {'category': 'dbt', 'action': 'runnable_timing', 'label': 'd6cf17aa-0c9f-4242-bc91-3b6f18a9ee6a', 'context': [<snowplow_tracker.self_describing_json.SelfDescribingJson object at 0x109e624e0>]}
[0m17:39:23.914397 [debug] [MainThread]: On master: ROLLBACK
[0m17:39:23.914827 [debug] [MainThread]: Using postgres connection "master"
[0m17:39:23.914904 [debug] [MainThread]: On master: BEGIN
[0m17:39:23.915528 [debug] [MainThread]: SQL status: BEGIN in 0.001 seconds
[0m17:39:23.915610 [debug] [MainThread]: On master: COMMIT
[0m17:39:23.915687 [debug] [MainThread]: Using postgres connection "master"
[0m17:39:23.915768 [debug] [MainThread]: On master: COMMIT
[0m17:39:23.916081 [debug] [MainThread]: SQL status: COMMIT in 0.000 seconds
[0m17:39:23.916162 [debug] [MainThread]: On master: Close
[0m17:39:23.916294 [info ] [MainThread]: Concurrency: 1 threads (target='dev')
[0m17:39:23.916394 [info ] [MainThread]: 
[0m17:39:23.917635 [debug] [Thread-1 (]: Began running node model.UrbanMove_dbt_project.fct_revenue_by_zone
[0m17:39:23.917810 [info ] [Thread-1 (]: 1 of 1 START sql table model dbt_dev.fct_revenue_by_zone ....................... [RUN]
[0m17:39:23.917950 [debug] [Thread-1 (]: Re-using an available connection from the pool (formerly list_taxi_db_dbt_dev, now model.UrbanMove_dbt_project.fct_revenue_by_zone)
[0m17:39:23.918060 [debug] [Thread-1 (]: Began compiling node model.UrbanMove_dbt_project.fct_revenue_by_zone
[0m17:39:23.920859 [debug] [Thread-1 (]: Writing injected SQL for node "model.UrbanMove_dbt_project.fct_revenue_by_zone"
[0m17:39:23.921149 [debug] [Thread-1 (]: Began executing node model.UrbanMove_dbt_project.fct_revenue_by_zone
[0m17:39:23.935431 [debug] [Thread-1 (]: Writing runtime sql for node "model.UrbanMove_dbt_project.fct_revenue_by_zone"
[0m17:39:23.935727 [debug] [Thread-1 (]: Using postgres connection "model.UrbanMove_dbt_project.fct_revenue_by_zone"
[0m17:39:23.935829 [debug] [Thread-1 (]: On model.UrbanMove_dbt_project.fct_revenue_by_zone: BEGIN
[0m17:39:23.935918 [debug] [Thread-1 (]: Opening a new connection, currently in state closed
[0m17:39:23.945244 [debug] [Thread-1 (]: SQL status: BEGIN in 0.009 seconds
[0m17:39:23.945342 [debug] [Thread-1 (]: Using postgres connection "model.UrbanMove_dbt_project.fct_revenue_by_zone"
[0m17:39:23.945440 [debug] [Thread-1 (]: On model.UrbanMove_dbt_project.fct_revenue_by_zone: /* {"app": "dbt", "dbt_version": "1.8.0", "profile_name": "UrbanMove_dbt_project", "target_name": "dev", "node_id": "model.UrbanMove_dbt_project.fct_revenue_by_zone"} */

  
    

  create  table "taxi_db"."dbt_dev"."fct_revenue_by_zone__dbt_tmp"
  
  
    as
  
  (
    






-- . Final transformation and output block
SELECT
    ROUND(sum(fare_amount + tip_amount + tolls_amount + airport_fee),2)
    AS Revenue,
    cast(pickup_datetime as date) AS pickup_date,
    extract(hour from pickup_datetime) AS pickup_hour,
    count(*) as trip_count,
    pickup_location_id as pickup_location_id
FROM "taxi_db"."dbt_dev"."stg_yellow_trips"
WHERE payment_type NOT IN (3, 4)
GROUP BY pickup_date, pickup_hour, pickup_location_id
ORDER BY Revenue DESC
  );
  
[0m17:39:23.947302 [debug] [Thread-1 (]: Postgres adapter: Postgres error: function round(double precision, integer) does not exist
LINE 21:     ROUND(sum(fare_amount + tip_amount + tolls_amount + airp...
             ^
HINT:  No function matches the given name and argument types. You might need to add explicit type casts.

[0m17:39:23.947405 [debug] [Thread-1 (]: On model.UrbanMove_dbt_project.fct_revenue_by_zone: ROLLBACK
[0m17:39:23.947812 [debug] [Thread-1 (]: On model.UrbanMove_dbt_project.fct_revenue_by_zone: Close
[0m17:39:23.951826 [debug] [Thread-1 (]: Database Error in model fct_revenue_by_zone (models/marts/fct_revenue_by_zone.sql)
  function round(double precision, integer) does not exist
  LINE 21:     ROUND(sum(fare_amount + tip_amount + tolls_amount + airp...
               ^
  HINT:  No function matches the given name and argument types. You might need to add explicit type casts.
  compiled code at target/run/UrbanMove_dbt_project/models/marts/fct_revenue_by_zone.sql
[0m17:39:23.952376 [debug] [Thread-1 (]: Sending event: {'category': 'dbt', 'action': 'run_model', 'label': 'd6cf17aa-0c9f-4242-bc91-3b6f18a9ee6a', 'context': [<snowplow_tracker.self_describing_json.SelfDescribingJson object at 0x109b6bc50>]}
[0m17:39:23.952594 [error] [Thread-1 (]: 1 of 1 ERROR creating sql table model dbt_dev.fct_revenue_by_zone .............. [[31mERROR[0m in 0.03s]
[0m17:39:23.952801 [debug] [Thread-1 (]: Finished running node model.UrbanMove_dbt_project.fct_revenue_by_zone
[0m17:39:23.953546 [debug] [MainThread]: Using postgres connection "master"
[0m17:39:23.953645 [debug] [MainThread]: On master: BEGIN
[0m17:39:23.953725 [debug] [MainThread]: Opening a new connection, currently in state closed
[0m17:39:23.961754 [debug] [MainThread]: SQL status: BEGIN in 0.008 seconds
[0m17:39:23.961846 [debug] [MainThread]: On master: COMMIT
[0m17:39:23.961922 [debug] [MainThread]: Using postgres connection "master"
[0m17:39:23.961993 [debug] [MainThread]: On master: COMMIT
[0m17:39:23.962332 [debug] [MainThread]: SQL status: COMMIT in 0.000 seconds
[0m17:39:23.962409 [debug] [MainThread]: On master: Close
[0m17:39:23.962517 [debug] [MainThread]: Connection 'master' was properly closed.
[0m17:39:23.962591 [debug] [MainThread]: Connection 'model.UrbanMove_dbt_project.fct_revenue_by_zone' was properly closed.
[0m17:39:23.962676 [info ] [MainThread]: 
[0m17:39:23.962768 [info ] [MainThread]: Finished running 1 table model in 0 hours 0 minutes and 0.15 seconds (0.15s).
[0m17:39:23.962974 [debug] [MainThread]: Command end result
[0m17:39:23.998211 [info ] [MainThread]: 
[0m17:39:23.998414 [info ] [MainThread]: [31mCompleted with 1 error and 0 warnings:[0m
[0m17:39:23.998516 [info ] [MainThread]: 
[0m17:39:23.998645 [error] [MainThread]:   Database Error in model fct_revenue_by_zone (models/marts/fct_revenue_by_zone.sql)
  function round(double precision, integer) does not exist
  LINE 21:     ROUND(sum(fare_amount + tip_amount + tolls_amount + airp...
               ^
  HINT:  No function matches the given name and argument types. You might need to add explicit type casts.
  compiled code at target/run/UrbanMove_dbt_project/models/marts/fct_revenue_by_zone.sql
[0m17:39:23.998736 [info ] [MainThread]: 
[0m17:39:23.998836 [info ] [MainThread]: Done. PASS=0 WARN=0 ERROR=1 SKIP=0 TOTAL=1
[0m17:39:24.018081 [debug] [MainThread]: Resource report: {"command_name": "run", "command_wall_clock_time": 0.53703517, "process_user_time": 0.721496, "process_kernel_time": 0.140054, "process_mem_max_rss": "129056768", "command_success": false, "process_in_blocks": "0", "process_out_blocks": "0"}
[0m17:39:24.018267 [debug] [MainThread]: Command `dbt run` failed at 17:39:24.018232 after 0.54 seconds
[0m17:39:24.018397 [debug] [MainThread]: Sending event: {'category': 'dbt', 'action': 'invocation', 'label': 'end', 'context': [<snowplow_tracker.self_describing_json.SelfDescribingJson object at 0x109e92990>, <snowplow_tracker.self_describing_json.SelfDescribingJson object at 0x105432710>, <snowplow_tracker.self_describing_json.SelfDescribingJson object at 0x109db8730>]}
[0m17:39:24.018504 [debug] [MainThread]: Flushing usage events
[0m17:39:32.929465 [debug] [MainThread]: Error sending anonymous usage statistics. Disabling tracking for this execution. If you wish to permanently disable tracking, see: https://docs.getdbt.com/reference/global-configs#send-anonymous-usage-stats.
[0m17:42:00.944700 [debug] [MainThread]: Sending event: {'category': 'dbt', 'action': 'invocation', 'label': 'start', 'context': [<snowplow_tracker.self_describing_json.SelfDescribingJson object at 0x1059e4ec0>, <snowplow_tracker.self_describing_json.SelfDescribingJson object at 0x107fe3d90>, <snowplow_tracker.self_describing_json.SelfDescribingJson object at 0x107fe3ed0>]}


============================== 17:42:00.946954 | f6c55718-beab-4810-bc6d-7a54af228d03 ==============================
[0m17:42:00.946954 [info ] [MainThread]: Running with dbt=1.8.0
[0m17:42:00.947204 [debug] [MainThread]: running dbt with arguments {'printer_width': '80', 'indirect_selection': 'eager', 'log_cache_events': 'False', 'write_json': 'True', 'partial_parse': 'True', 'cache_selected_only': 'False', 'profiles_dir': '/Users/thameralotaibi/.dbt', 'fail_fast': 'False', 'warn_error': 'None', 'log_path': '/Users/thameralotaibi/Documents/de-sprint-2026/UrbanMove_dbt_project/logs', 'debug': 'False', 'version_check': 'True', 'use_colors': 'True', 'use_experimental_parser': 'False', 'no_print': 'None', 'quiet': 'False', 'log_format': 'default', 'static_parser': 'True', 'introspect': 'True', 'invocation_command': 'dbt run --select fct_revenue_by_zone', 'target_path': 'None', 'warn_error_options': 'WarnErrorOptions(include=[], exclude=[])', 'send_anonymous_usage_stats': 'True'}
[0m17:42:01.019176 [debug] [MainThread]: Sending event: {'category': 'dbt', 'action': 'project_id', 'label': 'f6c55718-beab-4810-bc6d-7a54af228d03', 'context': [<snowplow_tracker.self_describing_json.SelfDescribingJson object at 0x106cb82b0>]}
[0m17:42:01.038129 [debug] [MainThread]: Sending event: {'category': 'dbt', 'action': 'adapter_info', 'label': 'f6c55718-beab-4810-bc6d-7a54af228d03', 'context': [<snowplow_tracker.self_describing_json.SelfDescribingJson object at 0x11154a9c0>]}
[0m17:42:01.038636 [info ] [MainThread]: Registered adapter: postgres=1.8.0
[0m17:42:01.076455 [debug] [MainThread]: checksum: dbb12d416fdb55e3665e4828703bbedf40c5c90ed7ca6ff39bbbfb29b12b0a92, vars: {}, profile: , target: , version: 1.8.0
[0m17:42:01.133334 [debug] [MainThread]: Partial parsing enabled: 0 files deleted, 0 files added, 1 files changed.
[0m17:42:01.133592 [debug] [MainThread]: Partial parsing: updated file: UrbanMove_dbt_project://models/marts/fct_revenue_by_zone.sql
[0m17:42:01.214045 [debug] [MainThread]: Sending event: {'category': 'dbt', 'action': 'load_project', 'label': 'f6c55718-beab-4810-bc6d-7a54af228d03', 'context': [<snowplow_tracker.self_describing_json.SelfDescribingJson object at 0x11192c350>]}
[0m17:42:01.255964 [debug] [MainThread]: Sending event: {'category': 'dbt', 'action': 'resource_counts', 'label': 'f6c55718-beab-4810-bc6d-7a54af228d03', 'context': [<snowplow_tracker.self_describing_json.SelfDescribingJson object at 0x1108cd040>]}
[0m17:42:01.256161 [info ] [MainThread]: Found 23 data tests, 2 models, 1 source, 544 macros
[0m17:42:01.256280 [debug] [MainThread]: Sending event: {'category': 'dbt', 'action': 'runnable_timing', 'label': 'f6c55718-beab-4810-bc6d-7a54af228d03', 'context': [<snowplow_tracker.self_describing_json.SelfDescribingJson object at 0x111c298d0>]}
[0m17:42:01.256951 [info ] [MainThread]: 
[0m17:42:01.257156 [debug] [MainThread]: Acquiring new postgres connection 'master'
[0m17:42:01.257455 [debug] [ThreadPool]: Acquiring new postgres connection 'list_taxi_db'
[0m17:42:01.279167 [debug] [ThreadPool]: Using postgres connection "list_taxi_db"
[0m17:42:01.279290 [debug] [ThreadPool]: On list_taxi_db: /* {"app": "dbt", "dbt_version": "1.8.0", "profile_name": "UrbanMove_dbt_project", "target_name": "dev", "connection_name": "list_taxi_db"} */

    select distinct nspname from pg_namespace
  
[0m17:42:01.279375 [debug] [ThreadPool]: Opening a new connection, currently in state init
[0m17:42:01.304531 [debug] [ThreadPool]: SQL status: SELECT 5 in 0.025 seconds
[0m17:42:01.305099 [debug] [ThreadPool]: On list_taxi_db: Close
[0m17:42:01.306651 [debug] [ThreadPool]: Re-using an available connection from the pool (formerly list_taxi_db, now list_taxi_db_dbt_dev)
[0m17:42:01.308770 [debug] [ThreadPool]: Using postgres connection "list_taxi_db_dbt_dev"
[0m17:42:01.308872 [debug] [ThreadPool]: On list_taxi_db_dbt_dev: BEGIN
[0m17:42:01.308950 [debug] [ThreadPool]: Opening a new connection, currently in state closed
[0m17:42:01.316720 [debug] [ThreadPool]: SQL status: BEGIN in 0.008 seconds
[0m17:42:01.316808 [debug] [ThreadPool]: Using postgres connection "list_taxi_db_dbt_dev"
[0m17:42:01.316893 [debug] [ThreadPool]: On list_taxi_db_dbt_dev: /* {"app": "dbt", "dbt_version": "1.8.0", "profile_name": "UrbanMove_dbt_project", "target_name": "dev", "connection_name": "list_taxi_db_dbt_dev"} */
select
      'taxi_db' as database,
      tablename as name,
      schemaname as schema,
      'table' as type
    from pg_tables
    where schemaname ilike 'dbt_dev'
    union all
    select
      'taxi_db' as database,
      viewname as name,
      schemaname as schema,
      'view' as type
    from pg_views
    where schemaname ilike 'dbt_dev'
    union all
    select
      'taxi_db' as database,
      matviewname as name,
      schemaname as schema,
      'materialized_view' as type
    from pg_matviews
    where schemaname ilike 'dbt_dev'
  
[0m17:42:01.320008 [debug] [ThreadPool]: SQL status: SELECT 1 in 0.003 seconds
[0m17:42:01.320434 [debug] [ThreadPool]: On list_taxi_db_dbt_dev: ROLLBACK
[0m17:42:01.320829 [debug] [ThreadPool]: On list_taxi_db_dbt_dev: Close
[0m17:42:01.322323 [debug] [MainThread]: Using postgres connection "master"
[0m17:42:01.322424 [debug] [MainThread]: On master: BEGIN
[0m17:42:01.322500 [debug] [MainThread]: Opening a new connection, currently in state init
[0m17:42:01.329648 [debug] [MainThread]: SQL status: BEGIN in 0.007 seconds
[0m17:42:01.329728 [debug] [MainThread]: Using postgres connection "master"
[0m17:42:01.329831 [debug] [MainThread]: On master: /* {"app": "dbt", "dbt_version": "1.8.0", "profile_name": "UrbanMove_dbt_project", "target_name": "dev", "connection_name": "master"} */
with relation as (
        select
            pg_rewrite.ev_class as class,
            pg_rewrite.oid as id
        from pg_rewrite
    ),
    class as (
        select
            oid as id,
            relname as name,
            relnamespace as schema,
            relkind as kind
        from pg_class
    ),
    dependency as (
        select distinct
            pg_depend.objid as id,
            pg_depend.refobjid as ref
        from pg_depend
    ),
    schema as (
        select
            pg_namespace.oid as id,
            pg_namespace.nspname as name
        from pg_namespace
        where nspname != 'information_schema' and nspname not like 'pg\_%'
    ),
    referenced as (
        select
            relation.id AS id,
            referenced_class.name ,
            referenced_class.schema ,
            referenced_class.kind
        from relation
        join class as referenced_class on relation.class=referenced_class.id
        where referenced_class.kind in ('r', 'v', 'm')
    ),
    relationships as (
        select
            referenced.name as referenced_name,
            referenced.schema as referenced_schema_id,
            dependent_class.name as dependent_name,
            dependent_class.schema as dependent_schema_id,
            referenced.kind as kind
        from referenced
        join dependency on referenced.id=dependency.id
        join class as dependent_class on dependency.ref=dependent_class.id
        where
            (referenced.name != dependent_class.name or
             referenced.schema != dependent_class.schema)
    )

    select
        referenced_schema.name as referenced_schema,
        relationships.referenced_name as referenced_name,
        dependent_schema.name as dependent_schema,
        relationships.dependent_name as dependent_name
    from relationships
    join schema as dependent_schema on relationships.dependent_schema_id=dependent_schema.id
    join schema as referenced_schema on relationships.referenced_schema_id=referenced_schema.id
    group by referenced_schema, referenced_name, dependent_schema, dependent_name
    order by referenced_schema, referenced_name, dependent_schema, dependent_name;
[0m17:42:01.334505 [debug] [MainThread]: SQL status: SELECT 1 in 0.005 seconds
[0m17:42:01.334872 [debug] [MainThread]: Sending event: {'category': 'dbt', 'action': 'runnable_timing', 'label': 'f6c55718-beab-4810-bc6d-7a54af228d03', 'context': [<snowplow_tracker.self_describing_json.SelfDescribingJson object at 0x111c8a5b0>]}
[0m17:42:01.335006 [debug] [MainThread]: On master: ROLLBACK
[0m17:42:01.335348 [debug] [MainThread]: Using postgres connection "master"
[0m17:42:01.335425 [debug] [MainThread]: On master: BEGIN
[0m17:42:01.335957 [debug] [MainThread]: SQL status: BEGIN in 0.000 seconds
[0m17:42:01.336030 [debug] [MainThread]: On master: COMMIT
[0m17:42:01.336098 [debug] [MainThread]: Using postgres connection "master"
[0m17:42:01.336171 [debug] [MainThread]: On master: COMMIT
[0m17:42:01.336463 [debug] [MainThread]: SQL status: COMMIT in 0.000 seconds
[0m17:42:01.336541 [debug] [MainThread]: On master: Close
[0m17:42:01.336664 [info ] [MainThread]: Concurrency: 1 threads (target='dev')
[0m17:42:01.336758 [info ] [MainThread]: 
[0m17:42:01.338064 [debug] [Thread-1 (]: Began running node model.UrbanMove_dbt_project.fct_revenue_by_zone
[0m17:42:01.338269 [info ] [Thread-1 (]: 1 of 1 START sql table model dbt_dev.fct_revenue_by_zone ....................... [RUN]
[0m17:42:01.338434 [debug] [Thread-1 (]: Re-using an available connection from the pool (formerly list_taxi_db_dbt_dev, now model.UrbanMove_dbt_project.fct_revenue_by_zone)
[0m17:42:01.338545 [debug] [Thread-1 (]: Began compiling node model.UrbanMove_dbt_project.fct_revenue_by_zone
[0m17:42:01.341281 [debug] [Thread-1 (]: Writing injected SQL for node "model.UrbanMove_dbt_project.fct_revenue_by_zone"
[0m17:42:01.341537 [debug] [Thread-1 (]: Began executing node model.UrbanMove_dbt_project.fct_revenue_by_zone
[0m17:42:01.354740 [debug] [Thread-1 (]: Writing runtime sql for node "model.UrbanMove_dbt_project.fct_revenue_by_zone"
[0m17:42:01.355107 [debug] [Thread-1 (]: Using postgres connection "model.UrbanMove_dbt_project.fct_revenue_by_zone"
[0m17:42:01.355215 [debug] [Thread-1 (]: On model.UrbanMove_dbt_project.fct_revenue_by_zone: BEGIN
[0m17:42:01.355307 [debug] [Thread-1 (]: Opening a new connection, currently in state closed
[0m17:42:01.364273 [debug] [Thread-1 (]: SQL status: BEGIN in 0.009 seconds
[0m17:42:01.364375 [debug] [Thread-1 (]: Using postgres connection "model.UrbanMove_dbt_project.fct_revenue_by_zone"
[0m17:42:01.364471 [debug] [Thread-1 (]: On model.UrbanMove_dbt_project.fct_revenue_by_zone: /* {"app": "dbt", "dbt_version": "1.8.0", "profile_name": "UrbanMove_dbt_project", "target_name": "dev", "node_id": "model.UrbanMove_dbt_project.fct_revenue_by_zone"} */

  
    

  create  table "taxi_db"."dbt_dev"."fct_revenue_by_zone__dbt_tmp"
  
  
    as
  
  (
    






-- . Final transformation and output block
SELECT
    ROUND(SUM(fare_amount + tip_amount + tolls_amount + airport_fee)::numeric, 2) AS Revenue,
    cast(pickup_datetime as date) AS pickup_date,
    extract(hour from pickup_datetime) AS pickup_hour,
    count(*) as trip_count,
    pickup_location_id as pickup_location_id
FROM "taxi_db"."dbt_dev"."stg_yellow_trips"
WHERE payment_type NOT IN (3, 4)
GROUP BY pickup_date, pickup_hour, pickup_location_id
ORDER BY Revenue DESC
  );
  
[0m17:42:02.218793 [debug] [Thread-1 (]: SQL status: SELECT 108537 in 0.854 seconds
[0m17:42:02.226759 [debug] [Thread-1 (]: Using postgres connection "model.UrbanMove_dbt_project.fct_revenue_by_zone"
[0m17:42:02.227292 [debug] [Thread-1 (]: On model.UrbanMove_dbt_project.fct_revenue_by_zone: /* {"app": "dbt", "dbt_version": "1.8.0", "profile_name": "UrbanMove_dbt_project", "target_name": "dev", "node_id": "model.UrbanMove_dbt_project.fct_revenue_by_zone"} */
alter table "taxi_db"."dbt_dev"."fct_revenue_by_zone__dbt_tmp" rename to "fct_revenue_by_zone"
[0m17:42:02.228193 [debug] [Thread-1 (]: SQL status: ALTER TABLE in 0.001 seconds
[0m17:42:02.243378 [debug] [Thread-1 (]: On model.UrbanMove_dbt_project.fct_revenue_by_zone: COMMIT
[0m17:42:02.243581 [debug] [Thread-1 (]: Using postgres connection "model.UrbanMove_dbt_project.fct_revenue_by_zone"
[0m17:42:02.243711 [debug] [Thread-1 (]: On model.UrbanMove_dbt_project.fct_revenue_by_zone: COMMIT
[0m17:42:02.248418 [debug] [Thread-1 (]: SQL status: COMMIT in 0.005 seconds
[0m17:42:02.252004 [debug] [Thread-1 (]: Applying DROP to: "taxi_db"."dbt_dev"."fct_revenue_by_zone__dbt_backup"
[0m17:42:02.253968 [debug] [Thread-1 (]: Using postgres connection "model.UrbanMove_dbt_project.fct_revenue_by_zone"
[0m17:42:02.254085 [debug] [Thread-1 (]: On model.UrbanMove_dbt_project.fct_revenue_by_zone: /* {"app": "dbt", "dbt_version": "1.8.0", "profile_name": "UrbanMove_dbt_project", "target_name": "dev", "node_id": "model.UrbanMove_dbt_project.fct_revenue_by_zone"} */
drop table if exists "taxi_db"."dbt_dev"."fct_revenue_by_zone__dbt_backup" cascade
[0m17:42:02.254514 [debug] [Thread-1 (]: SQL status: DROP TABLE in 0.000 seconds
[0m17:42:02.255519 [debug] [Thread-1 (]: On model.UrbanMove_dbt_project.fct_revenue_by_zone: Close
[0m17:42:02.256060 [debug] [Thread-1 (]: Sending event: {'category': 'dbt', 'action': 'run_model', 'label': 'f6c55718-beab-4810-bc6d-7a54af228d03', 'context': [<snowplow_tracker.self_describing_json.SelfDescribingJson object at 0x11199b7d0>]}
[0m17:42:02.256294 [info ] [Thread-1 (]: 1 of 1 OK created sql table model dbt_dev.fct_revenue_by_zone .................. [[32mSELECT 108537[0m in 0.92s]
[0m17:42:02.256508 [debug] [Thread-1 (]: Finished running node model.UrbanMove_dbt_project.fct_revenue_by_zone
[0m17:42:02.257012 [debug] [MainThread]: Using postgres connection "master"
[0m17:42:02.257107 [debug] [MainThread]: On master: BEGIN
[0m17:42:02.257197 [debug] [MainThread]: Opening a new connection, currently in state closed
[0m17:42:02.261957 [debug] [MainThread]: SQL status: BEGIN in 0.005 seconds
[0m17:42:02.262116 [debug] [MainThread]: On master: COMMIT
[0m17:42:02.262212 [debug] [MainThread]: Using postgres connection "master"
[0m17:42:02.262293 [debug] [MainThread]: On master: COMMIT
[0m17:42:02.262517 [debug] [MainThread]: SQL status: COMMIT in 0.000 seconds
[0m17:42:02.262604 [debug] [MainThread]: On master: Close
[0m17:42:02.262738 [debug] [MainThread]: Connection 'master' was properly closed.
[0m17:42:02.262820 [debug] [MainThread]: Connection 'model.UrbanMove_dbt_project.fct_revenue_by_zone' was properly closed.
[0m17:42:02.262917 [info ] [MainThread]: 
[0m17:42:02.263017 [info ] [MainThread]: Finished running 1 table model in 0 hours 0 minutes and 1.01 seconds (1.01s).
[0m17:42:02.263243 [debug] [MainThread]: Command end result
[0m17:42:02.303612 [info ] [MainThread]: 
[0m17:42:02.303824 [info ] [MainThread]: [32mCompleted successfully[0m
[0m17:42:02.303932 [info ] [MainThread]: 
[0m17:42:02.304036 [info ] [MainThread]: Done. PASS=1 WARN=0 ERROR=0 SKIP=0 TOTAL=1
[0m17:42:02.305663 [debug] [MainThread]: Resource report: {"command_name": "run", "command_success": true, "command_wall_clock_time": 1.3863739, "process_user_time": 0.777078, "process_kernel_time": 0.145788, "process_mem_max_rss": "129138688", "process_in_blocks": "0", "process_out_blocks": "0"}
[0m17:42:02.305843 [debug] [MainThread]: Command `dbt run` succeeded at 17:42:02.305806 after 1.39 seconds
[0m17:42:02.305973 [debug] [MainThread]: Sending event: {'category': 'dbt', 'action': 'invocation', 'label': 'end', 'context': [<snowplow_tracker.self_describing_json.SelfDescribingJson object at 0x111cd6d00>, <snowplow_tracker.self_describing_json.SelfDescribingJson object at 0x1119cfcf0>, <snowplow_tracker.self_describing_json.SelfDescribingJson object at 0x1119cf570>]}
[0m17:42:02.306090 [debug] [MainThread]: Flushing usage events
[0m18:05:20.444409 [debug] [MainThread]: Sending event: {'category': 'dbt', 'action': 'invocation', 'label': 'start', 'context': [<snowplow_tracker.self_describing_json.SelfDescribingJson object at 0x10511cec0>, <snowplow_tracker.self_describing_json.SelfDescribingJson object at 0x106f8bd90>, <snowplow_tracker.self_describing_json.SelfDescribingJson object at 0x106f8bed0>]}


============================== 18:05:20.446852 | 087052a1-e6f5-41d5-84b5-cad3613318f0 ==============================
[0m18:05:20.446852 [info ] [MainThread]: Running with dbt=1.8.0
[0m18:05:20.447095 [debug] [MainThread]: running dbt with arguments {'printer_width': '80', 'indirect_selection': 'eager', 'write_json': 'True', 'log_cache_events': 'False', 'partial_parse': 'True', 'cache_selected_only': 'False', 'profiles_dir': '/Users/thameralotaibi/.dbt', 'fail_fast': 'False', 'debug': 'False', 'log_path': '/Users/thameralotaibi/Documents/de-sprint-2026/UrbanMove_dbt_project/logs', 'warn_error': 'None', 'version_check': 'True', 'use_colors': 'True', 'use_experimental_parser': 'False', 'no_print': 'None', 'quiet': 'False', 'log_format': 'default', 'introspect': 'True', 'invocation_command': 'dbt build', 'warn_error_options': 'WarnErrorOptions(include=[], exclude=[])', 'target_path': 'None', 'static_parser': 'True', 'send_anonymous_usage_stats': 'True'}
[0m18:05:20.523276 [debug] [MainThread]: Sending event: {'category': 'dbt', 'action': 'project_id', 'label': '087052a1-e6f5-41d5-84b5-cad3613318f0', 'context': [<snowplow_tracker.self_describing_json.SelfDescribingJson object at 0x105f1c2b0>]}
[0m18:05:20.543120 [debug] [MainThread]: Sending event: {'category': 'dbt', 'action': 'adapter_info', 'label': '087052a1-e6f5-41d5-84b5-cad3613318f0', 'context': [<snowplow_tracker.self_describing_json.SelfDescribingJson object at 0x1076de9c0>]}
[0m18:05:20.543711 [info ] [MainThread]: Registered adapter: postgres=1.8.0
[0m18:05:20.583220 [debug] [MainThread]: checksum: dbb12d416fdb55e3665e4828703bbedf40c5c90ed7ca6ff39bbbfb29b12b0a92, vars: {}, profile: , target: , version: 1.8.0
[0m18:05:20.622311 [info ] [MainThread]: Unable to do partial parsing because a project config has changed
[0m18:05:20.622541 [debug] [MainThread]: Sending event: {'category': 'dbt', 'action': 'partial_parser', 'label': '087052a1-e6f5-41d5-84b5-cad3613318f0', 'context': [<snowplow_tracker.self_describing_json.SelfDescribingJson object at 0x10808c650>]}
[0m18:05:21.182612 [debug] [MainThread]: Sending event: {'category': 'dbt', 'action': 'load_project', 'label': '087052a1-e6f5-41d5-84b5-cad3613318f0', 'context': [<snowplow_tracker.self_describing_json.SelfDescribingJson object at 0x107fa6c60>]}
[0m18:05:21.236305 [debug] [MainThread]: Sending event: {'category': 'dbt', 'action': 'resource_counts', 'label': '087052a1-e6f5-41d5-84b5-cad3613318f0', 'context': [<snowplow_tracker.self_describing_json.SelfDescribingJson object at 0x108426eb0>]}
[0m18:05:21.236528 [info ] [MainThread]: Found 2 models, 29 data tests, 1 source, 544 macros
[0m18:05:21.237838 [info ] [MainThread]: 
[0m18:05:21.238057 [debug] [MainThread]: Acquiring new postgres connection 'master'
[0m18:05:21.239473 [debug] [ThreadPool]: Acquiring new postgres connection 'list_taxi_db'
[0m18:05:21.262944 [debug] [ThreadPool]: Using postgres connection "list_taxi_db"
[0m18:05:21.263119 [debug] [ThreadPool]: On list_taxi_db: /* {"app": "dbt", "dbt_version": "1.8.0", "profile_name": "UrbanMove_dbt_project", "target_name": "dev", "connection_name": "list_taxi_db"} */

    select distinct nspname from pg_namespace
  
[0m18:05:21.263216 [debug] [ThreadPool]: Opening a new connection, currently in state init
[0m18:05:21.295052 [debug] [ThreadPool]: SQL status: SELECT 5 in 0.032 seconds
[0m18:05:21.295663 [debug] [ThreadPool]: On list_taxi_db: Close
[0m18:05:21.296230 [debug] [ThreadPool]: Re-using an available connection from the pool (formerly list_taxi_db, now list_taxi_db_dbt_dev)
[0m18:05:21.298450 [debug] [ThreadPool]: Using postgres connection "list_taxi_db_dbt_dev"
[0m18:05:21.298579 [debug] [ThreadPool]: On list_taxi_db_dbt_dev: BEGIN
[0m18:05:21.298719 [debug] [ThreadPool]: Opening a new connection, currently in state closed
[0m18:05:21.308067 [debug] [ThreadPool]: SQL status: BEGIN in 0.009 seconds
[0m18:05:21.308204 [debug] [ThreadPool]: Using postgres connection "list_taxi_db_dbt_dev"
[0m18:05:21.308298 [debug] [ThreadPool]: On list_taxi_db_dbt_dev: /* {"app": "dbt", "dbt_version": "1.8.0", "profile_name": "UrbanMove_dbt_project", "target_name": "dev", "connection_name": "list_taxi_db_dbt_dev"} */
select
      'taxi_db' as database,
      tablename as name,
      schemaname as schema,
      'table' as type
    from pg_tables
    where schemaname ilike 'dbt_dev'
    union all
    select
      'taxi_db' as database,
      viewname as name,
      schemaname as schema,
      'view' as type
    from pg_views
    where schemaname ilike 'dbt_dev'
    union all
    select
      'taxi_db' as database,
      matviewname as name,
      schemaname as schema,
      'materialized_view' as type
    from pg_matviews
    where schemaname ilike 'dbt_dev'
  
[0m18:05:21.312152 [debug] [ThreadPool]: SQL status: SELECT 2 in 0.004 seconds
[0m18:05:21.312670 [debug] [ThreadPool]: On list_taxi_db_dbt_dev: ROLLBACK
[0m18:05:21.313067 [debug] [ThreadPool]: On list_taxi_db_dbt_dev: Close
[0m18:05:21.314828 [debug] [MainThread]: Using postgres connection "master"
[0m18:05:21.314926 [debug] [MainThread]: On master: BEGIN
[0m18:05:21.315005 [debug] [MainThread]: Opening a new connection, currently in state init
[0m18:05:21.322608 [debug] [MainThread]: SQL status: BEGIN in 0.008 seconds
[0m18:05:21.322815 [debug] [MainThread]: Using postgres connection "master"
[0m18:05:21.322941 [debug] [MainThread]: On master: /* {"app": "dbt", "dbt_version": "1.8.0", "profile_name": "UrbanMove_dbt_project", "target_name": "dev", "connection_name": "master"} */
with relation as (
        select
            pg_rewrite.ev_class as class,
            pg_rewrite.oid as id
        from pg_rewrite
    ),
    class as (
        select
            oid as id,
            relname as name,
            relnamespace as schema,
            relkind as kind
        from pg_class
    ),
    dependency as (
        select distinct
            pg_depend.objid as id,
            pg_depend.refobjid as ref
        from pg_depend
    ),
    schema as (
        select
            pg_namespace.oid as id,
            pg_namespace.nspname as name
        from pg_namespace
        where nspname != 'information_schema' and nspname not like 'pg\_%'
    ),
    referenced as (
        select
            relation.id AS id,
            referenced_class.name ,
            referenced_class.schema ,
            referenced_class.kind
        from relation
        join class as referenced_class on relation.class=referenced_class.id
        where referenced_class.kind in ('r', 'v', 'm')
    ),
    relationships as (
        select
            referenced.name as referenced_name,
            referenced.schema as referenced_schema_id,
            dependent_class.name as dependent_name,
            dependent_class.schema as dependent_schema_id,
            referenced.kind as kind
        from referenced
        join dependency on referenced.id=dependency.id
        join class as dependent_class on dependency.ref=dependent_class.id
        where
            (referenced.name != dependent_class.name or
             referenced.schema != dependent_class.schema)
    )

    select
        referenced_schema.name as referenced_schema,
        relationships.referenced_name as referenced_name,
        dependent_schema.name as dependent_schema,
        relationships.dependent_name as dependent_name
    from relationships
    join schema as dependent_schema on relationships.dependent_schema_id=dependent_schema.id
    join schema as referenced_schema on relationships.referenced_schema_id=referenced_schema.id
    group by referenced_schema, referenced_name, dependent_schema, dependent_name
    order by referenced_schema, referenced_name, dependent_schema, dependent_name;
[0m18:05:21.326877 [debug] [MainThread]: SQL status: SELECT 1 in 0.004 seconds
[0m18:05:21.327349 [debug] [MainThread]: Sending event: {'category': 'dbt', 'action': 'runnable_timing', 'label': '087052a1-e6f5-41d5-84b5-cad3613318f0', 'context': [<snowplow_tracker.self_describing_json.SelfDescribingJson object at 0x108683380>]}
[0m18:05:21.327508 [debug] [MainThread]: On master: ROLLBACK
[0m18:05:21.327965 [debug] [MainThread]: Using postgres connection "master"
[0m18:05:21.328053 [debug] [MainThread]: On master: BEGIN
[0m18:05:21.328586 [debug] [MainThread]: SQL status: BEGIN in 0.000 seconds
[0m18:05:21.328671 [debug] [MainThread]: On master: COMMIT
[0m18:05:21.328743 [debug] [MainThread]: Using postgres connection "master"
[0m18:05:21.328814 [debug] [MainThread]: On master: COMMIT
[0m18:05:21.329147 [debug] [MainThread]: SQL status: COMMIT in 0.000 seconds
[0m18:05:21.329228 [debug] [MainThread]: On master: Close
[0m18:05:21.329371 [info ] [MainThread]: Concurrency: 1 threads (target='dev')
[0m18:05:21.329470 [info ] [MainThread]: 
[0m18:05:21.331991 [debug] [Thread-1 (]: Began running node test.UrbanMove_dbt_project.dbt_utils_source_unique_combination_of_columns_taxi_data_yellow_trips_vendor_id__pickup_datetime.9067195497
[0m18:05:21.332141 [info ] [Thread-1 (]: 1 of 31 START test dbt_utils_source_unique_combination_of_columns_taxi_data_yellow_trips_vendor_id__pickup_datetime  [RUN]
[0m18:05:21.332295 [debug] [Thread-1 (]: Re-using an available connection from the pool (formerly list_taxi_db_dbt_dev, now test.UrbanMove_dbt_project.dbt_utils_source_unique_combination_of_columns_taxi_data_yellow_trips_vendor_id__pickup_datetime.9067195497)
[0m18:05:21.332411 [debug] [Thread-1 (]: Began compiling node test.UrbanMove_dbt_project.dbt_utils_source_unique_combination_of_columns_taxi_data_yellow_trips_vendor_id__pickup_datetime.9067195497
[0m18:05:21.335846 [debug] [Thread-1 (]: Writing injected SQL for node "test.UrbanMove_dbt_project.dbt_utils_source_unique_combination_of_columns_taxi_data_yellow_trips_vendor_id__pickup_datetime.9067195497"
[0m18:05:21.336361 [debug] [Thread-1 (]: Began executing node test.UrbanMove_dbt_project.dbt_utils_source_unique_combination_of_columns_taxi_data_yellow_trips_vendor_id__pickup_datetime.9067195497
[0m18:05:21.341830 [debug] [Thread-1 (]: Writing runtime sql for node "test.UrbanMove_dbt_project.dbt_utils_source_unique_combination_of_columns_taxi_data_yellow_trips_vendor_id__pickup_datetime.9067195497"
[0m18:05:21.342487 [debug] [Thread-1 (]: Using postgres connection "test.UrbanMove_dbt_project.dbt_utils_source_unique_combination_of_columns_taxi_data_yellow_trips_vendor_id__pickup_datetime.9067195497"
[0m18:05:21.342608 [debug] [Thread-1 (]: On test.UrbanMove_dbt_project.dbt_utils_source_unique_combination_of_columns_taxi_data_yellow_trips_vendor_id__pickup_datetime.9067195497: BEGIN
[0m18:05:21.342712 [debug] [Thread-1 (]: Opening a new connection, currently in state closed
[0m18:05:21.350569 [debug] [Thread-1 (]: SQL status: BEGIN in 0.008 seconds
[0m18:05:21.350708 [debug] [Thread-1 (]: Using postgres connection "test.UrbanMove_dbt_project.dbt_utils_source_unique_combination_of_columns_taxi_data_yellow_trips_vendor_id__pickup_datetime.9067195497"
[0m18:05:21.350821 [debug] [Thread-1 (]: On test.UrbanMove_dbt_project.dbt_utils_source_unique_combination_of_columns_taxi_data_yellow_trips_vendor_id__pickup_datetime.9067195497: /* {"app": "dbt", "dbt_version": "1.8.0", "profile_name": "UrbanMove_dbt_project", "target_name": "dev", "node_id": "test.UrbanMove_dbt_project.dbt_utils_source_unique_combination_of_columns_taxi_data_yellow_trips_vendor_id__pickup_datetime.9067195497"} */
select
      count(*) as failures,
      count(*) != 0 as should_warn,
      count(*) != 0 as should_error
    from (
      





with validation_errors as (

    select
        vendor_id, pickup_datetime
    from "taxi_db"."public"."yellow_trips"
    group by vendor_id, pickup_datetime
    having count(*) > 1

)

select *
from validation_errors



      
    ) dbt_internal_test
[0m18:05:22.328270 [debug] [Thread-1 (]: SQL status: SELECT 1 in 0.977 seconds
[0m18:05:22.333099 [debug] [Thread-1 (]: On test.UrbanMove_dbt_project.dbt_utils_source_unique_combination_of_columns_taxi_data_yellow_trips_vendor_id__pickup_datetime.9067195497: ROLLBACK
[0m18:05:22.333945 [debug] [Thread-1 (]: On test.UrbanMove_dbt_project.dbt_utils_source_unique_combination_of_columns_taxi_data_yellow_trips_vendor_id__pickup_datetime.9067195497: Close
[0m18:05:22.334516 [info ] [Thread-1 (]: 1 of 31 PASS dbt_utils_source_unique_combination_of_columns_taxi_data_yellow_trips_vendor_id__pickup_datetime  [[32mPASS[0m in 1.00s]
[0m18:05:22.334966 [debug] [Thread-1 (]: Finished running node test.UrbanMove_dbt_project.dbt_utils_source_unique_combination_of_columns_taxi_data_yellow_trips_vendor_id__pickup_datetime.9067195497
[0m18:05:22.335285 [debug] [Thread-1 (]: Began running node test.UrbanMove_dbt_project.source_not_null_taxi_data_yellow_trips_pickup_datetime.d8b1a5204b
[0m18:05:22.335601 [info ] [Thread-1 (]: 2 of 31 START test source_not_null_taxi_data_yellow_trips_pickup_datetime ...... [RUN]
[0m18:05:22.335909 [debug] [Thread-1 (]: Re-using an available connection from the pool (formerly test.UrbanMove_dbt_project.dbt_utils_source_unique_combination_of_columns_taxi_data_yellow_trips_vendor_id__pickup_datetime.9067195497, now test.UrbanMove_dbt_project.source_not_null_taxi_data_yellow_trips_pickup_datetime.d8b1a5204b)
[0m18:05:22.336144 [debug] [Thread-1 (]: Began compiling node test.UrbanMove_dbt_project.source_not_null_taxi_data_yellow_trips_pickup_datetime.d8b1a5204b
[0m18:05:22.341727 [debug] [Thread-1 (]: Writing injected SQL for node "test.UrbanMove_dbt_project.source_not_null_taxi_data_yellow_trips_pickup_datetime.d8b1a5204b"
[0m18:05:22.342490 [debug] [Thread-1 (]: Began executing node test.UrbanMove_dbt_project.source_not_null_taxi_data_yellow_trips_pickup_datetime.d8b1a5204b
[0m18:05:22.344803 [debug] [Thread-1 (]: Writing runtime sql for node "test.UrbanMove_dbt_project.source_not_null_taxi_data_yellow_trips_pickup_datetime.d8b1a5204b"
[0m18:05:22.345375 [debug] [Thread-1 (]: Using postgres connection "test.UrbanMove_dbt_project.source_not_null_taxi_data_yellow_trips_pickup_datetime.d8b1a5204b"
[0m18:05:22.345629 [debug] [Thread-1 (]: On test.UrbanMove_dbt_project.source_not_null_taxi_data_yellow_trips_pickup_datetime.d8b1a5204b: BEGIN
[0m18:05:22.345856 [debug] [Thread-1 (]: Opening a new connection, currently in state closed
[0m18:05:22.353227 [debug] [Thread-1 (]: SQL status: BEGIN in 0.007 seconds
[0m18:05:22.353460 [debug] [Thread-1 (]: Using postgres connection "test.UrbanMove_dbt_project.source_not_null_taxi_data_yellow_trips_pickup_datetime.d8b1a5204b"
[0m18:05:22.353591 [debug] [Thread-1 (]: On test.UrbanMove_dbt_project.source_not_null_taxi_data_yellow_trips_pickup_datetime.d8b1a5204b: /* {"app": "dbt", "dbt_version": "1.8.0", "profile_name": "UrbanMove_dbt_project", "target_name": "dev", "node_id": "test.UrbanMove_dbt_project.source_not_null_taxi_data_yellow_trips_pickup_datetime.d8b1a5204b"} */
select
      count(*) as failures,
      count(*) != 0 as should_warn,
      count(*) != 0 as should_error
    from (
      
    
    



select pickup_datetime
from "taxi_db"."public"."yellow_trips"
where pickup_datetime is null



      
    ) dbt_internal_test
[0m18:05:22.401090 [debug] [Thread-1 (]: SQL status: SELECT 1 in 0.047 seconds
[0m18:05:22.402585 [debug] [Thread-1 (]: On test.UrbanMove_dbt_project.source_not_null_taxi_data_yellow_trips_pickup_datetime.d8b1a5204b: ROLLBACK
[0m18:05:22.403202 [debug] [Thread-1 (]: On test.UrbanMove_dbt_project.source_not_null_taxi_data_yellow_trips_pickup_datetime.d8b1a5204b: Close
[0m18:05:22.403682 [info ] [Thread-1 (]: 2 of 31 PASS source_not_null_taxi_data_yellow_trips_pickup_datetime ............ [[32mPASS[0m in 0.07s]
[0m18:05:22.404072 [debug] [Thread-1 (]: Finished running node test.UrbanMove_dbt_project.source_not_null_taxi_data_yellow_trips_pickup_datetime.d8b1a5204b
[0m18:05:22.404404 [debug] [Thread-1 (]: Began running node test.UrbanMove_dbt_project.source_not_null_taxi_data_yellow_trips_vendor_id.39c15abaf2
[0m18:05:22.404704 [info ] [Thread-1 (]: 3 of 31 START test source_not_null_taxi_data_yellow_trips_vendor_id ............ [RUN]
[0m18:05:22.405014 [debug] [Thread-1 (]: Re-using an available connection from the pool (formerly test.UrbanMove_dbt_project.source_not_null_taxi_data_yellow_trips_pickup_datetime.d8b1a5204b, now test.UrbanMove_dbt_project.source_not_null_taxi_data_yellow_trips_vendor_id.39c15abaf2)
[0m18:05:22.405239 [debug] [Thread-1 (]: Began compiling node test.UrbanMove_dbt_project.source_not_null_taxi_data_yellow_trips_vendor_id.39c15abaf2
[0m18:05:22.408964 [debug] [Thread-1 (]: Writing injected SQL for node "test.UrbanMove_dbt_project.source_not_null_taxi_data_yellow_trips_vendor_id.39c15abaf2"
[0m18:05:22.409647 [debug] [Thread-1 (]: Began executing node test.UrbanMove_dbt_project.source_not_null_taxi_data_yellow_trips_vendor_id.39c15abaf2
[0m18:05:22.411482 [debug] [Thread-1 (]: Writing runtime sql for node "test.UrbanMove_dbt_project.source_not_null_taxi_data_yellow_trips_vendor_id.39c15abaf2"
[0m18:05:22.412085 [debug] [Thread-1 (]: Using postgres connection "test.UrbanMove_dbt_project.source_not_null_taxi_data_yellow_trips_vendor_id.39c15abaf2"
[0m18:05:22.412359 [debug] [Thread-1 (]: On test.UrbanMove_dbt_project.source_not_null_taxi_data_yellow_trips_vendor_id.39c15abaf2: BEGIN
[0m18:05:22.412609 [debug] [Thread-1 (]: Opening a new connection, currently in state closed
[0m18:05:22.421390 [debug] [Thread-1 (]: SQL status: BEGIN in 0.009 seconds
[0m18:05:22.421770 [debug] [Thread-1 (]: Using postgres connection "test.UrbanMove_dbt_project.source_not_null_taxi_data_yellow_trips_vendor_id.39c15abaf2"
[0m18:05:22.422001 [debug] [Thread-1 (]: On test.UrbanMove_dbt_project.source_not_null_taxi_data_yellow_trips_vendor_id.39c15abaf2: /* {"app": "dbt", "dbt_version": "1.8.0", "profile_name": "UrbanMove_dbt_project", "target_name": "dev", "node_id": "test.UrbanMove_dbt_project.source_not_null_taxi_data_yellow_trips_vendor_id.39c15abaf2"} */
select
      count(*) as failures,
      count(*) != 0 as should_warn,
      count(*) != 0 as should_error
    from (
      
    
    



select vendor_id
from "taxi_db"."public"."yellow_trips"
where vendor_id is null



      
    ) dbt_internal_test
[0m18:05:22.468644 [debug] [Thread-1 (]: SQL status: SELECT 1 in 0.046 seconds
[0m18:05:22.469903 [debug] [Thread-1 (]: On test.UrbanMove_dbt_project.source_not_null_taxi_data_yellow_trips_vendor_id.39c15abaf2: ROLLBACK
[0m18:05:22.470587 [debug] [Thread-1 (]: On test.UrbanMove_dbt_project.source_not_null_taxi_data_yellow_trips_vendor_id.39c15abaf2: Close
[0m18:05:22.471049 [info ] [Thread-1 (]: 3 of 31 PASS source_not_null_taxi_data_yellow_trips_vendor_id .................. [[32mPASS[0m in 0.07s]
[0m18:05:22.471430 [debug] [Thread-1 (]: Finished running node test.UrbanMove_dbt_project.source_not_null_taxi_data_yellow_trips_vendor_id.39c15abaf2
[0m18:05:22.472052 [debug] [Thread-1 (]: Began running node model.UrbanMove_dbt_project.stg_yellow_trips
[0m18:05:22.472400 [info ] [Thread-1 (]: 4 of 31 START sql view model dbt_dev.stg_yellow_trips .......................... [RUN]
[0m18:05:22.472689 [debug] [Thread-1 (]: Re-using an available connection from the pool (formerly test.UrbanMove_dbt_project.source_not_null_taxi_data_yellow_trips_vendor_id.39c15abaf2, now model.UrbanMove_dbt_project.stg_yellow_trips)
[0m18:05:22.472894 [debug] [Thread-1 (]: Began compiling node model.UrbanMove_dbt_project.stg_yellow_trips
[0m18:05:22.476560 [debug] [Thread-1 (]: Writing injected SQL for node "model.UrbanMove_dbt_project.stg_yellow_trips"
[0m18:05:22.477893 [debug] [Thread-1 (]: Began executing node model.UrbanMove_dbt_project.stg_yellow_trips
[0m18:05:22.498727 [debug] [Thread-1 (]: Writing runtime sql for node "model.UrbanMove_dbt_project.stg_yellow_trips"
[0m18:05:22.499178 [debug] [Thread-1 (]: Using postgres connection "model.UrbanMove_dbt_project.stg_yellow_trips"
[0m18:05:22.499310 [debug] [Thread-1 (]: On model.UrbanMove_dbt_project.stg_yellow_trips: BEGIN
[0m18:05:22.499418 [debug] [Thread-1 (]: Opening a new connection, currently in state closed
[0m18:05:22.505159 [debug] [Thread-1 (]: SQL status: BEGIN in 0.006 seconds
[0m18:05:22.505509 [debug] [Thread-1 (]: Using postgres connection "model.UrbanMove_dbt_project.stg_yellow_trips"
[0m18:05:22.505779 [debug] [Thread-1 (]: On model.UrbanMove_dbt_project.stg_yellow_trips: /* {"app": "dbt", "dbt_version": "1.8.0", "profile_name": "UrbanMove_dbt_project", "target_name": "dev", "node_id": "model.UrbanMove_dbt_project.stg_yellow_trips"} */

  create view "taxi_db"."dbt_dev"."stg_yellow_trips__dbt_tmp"
    
    
  as (
    





SELECT
            -- Generate a completely unique ID for every single row
            cast(vendor_id as varchar) || '-' || cast(pickup_datetime as varchar) as trip_id,
            vendor_id AS vendor_id,
            pickup_datetime AS pickup_datetime,
            dropoff_datetime AS dropoff_datetime,
            passenger_count AS passenger_count,
            trip_distance AS trip_distance,
            cast(ratecode_id as INTEGER) AS ratecode_id,
            case
                when is_stored_locally = 'Y' then true
                when is_stored_locally = 'N' then false
                else null
            end as is_stored_locally,
            fare_amount AS fare_amount,
            tip_amount AS tip_amount,
            total_amount AS total_amount,
            payment_type AS payment_type,
            pu_location_id AS pickup_location_id,
            do_location_id AS dropoff_location_id,
            tolls_amount AS tolls_amount,
            improvement_surcharge AS improvement_surcharge,
            congestion_surcharge AS congestion_surcharge,
            airport_fee AS airport_fee,
            cbd_congestion_fee AS cbd_congestion_fee,
            extra AS extra_surcharge,
            mta_tax AS regional_tax
FROM "taxi_db"."public"."yellow_trips"
  );
[0m18:05:22.508536 [debug] [Thread-1 (]: SQL status: CREATE VIEW in 0.002 seconds
[0m18:05:22.511510 [debug] [Thread-1 (]: Using postgres connection "model.UrbanMove_dbt_project.stg_yellow_trips"
[0m18:05:22.511662 [debug] [Thread-1 (]: On model.UrbanMove_dbt_project.stg_yellow_trips: /* {"app": "dbt", "dbt_version": "1.8.0", "profile_name": "UrbanMove_dbt_project", "target_name": "dev", "node_id": "model.UrbanMove_dbt_project.stg_yellow_trips"} */
alter table "taxi_db"."dbt_dev"."stg_yellow_trips" rename to "stg_yellow_trips__dbt_backup"
[0m18:05:22.512316 [debug] [Thread-1 (]: SQL status: ALTER TABLE in 0.001 seconds
[0m18:05:22.513581 [debug] [Thread-1 (]: Using postgres connection "model.UrbanMove_dbt_project.stg_yellow_trips"
[0m18:05:22.513704 [debug] [Thread-1 (]: On model.UrbanMove_dbt_project.stg_yellow_trips: /* {"app": "dbt", "dbt_version": "1.8.0", "profile_name": "UrbanMove_dbt_project", "target_name": "dev", "node_id": "model.UrbanMove_dbt_project.stg_yellow_trips"} */
alter table "taxi_db"."dbt_dev"."stg_yellow_trips__dbt_tmp" rename to "stg_yellow_trips"
[0m18:05:22.514154 [debug] [Thread-1 (]: SQL status: ALTER TABLE in 0.000 seconds
[0m18:05:22.520886 [debug] [Thread-1 (]: On model.UrbanMove_dbt_project.stg_yellow_trips: COMMIT
[0m18:05:22.521083 [debug] [Thread-1 (]: Using postgres connection "model.UrbanMove_dbt_project.stg_yellow_trips"
[0m18:05:22.521196 [debug] [Thread-1 (]: On model.UrbanMove_dbt_project.stg_yellow_trips: COMMIT
[0m18:05:22.523135 [debug] [Thread-1 (]: SQL status: COMMIT in 0.002 seconds
[0m18:05:22.525695 [debug] [Thread-1 (]: Applying DROP to: "taxi_db"."dbt_dev"."stg_yellow_trips__dbt_backup"
[0m18:05:22.527508 [debug] [Thread-1 (]: Using postgres connection "model.UrbanMove_dbt_project.stg_yellow_trips"
[0m18:05:22.527634 [debug] [Thread-1 (]: On model.UrbanMove_dbt_project.stg_yellow_trips: /* {"app": "dbt", "dbt_version": "1.8.0", "profile_name": "UrbanMove_dbt_project", "target_name": "dev", "node_id": "model.UrbanMove_dbt_project.stg_yellow_trips"} */
drop view if exists "taxi_db"."dbt_dev"."stg_yellow_trips__dbt_backup" cascade
[0m18:05:22.531049 [debug] [Thread-1 (]: SQL status: DROP VIEW in 0.003 seconds
[0m18:05:22.532010 [debug] [Thread-1 (]: On model.UrbanMove_dbt_project.stg_yellow_trips: Close
[0m18:05:22.532713 [debug] [Thread-1 (]: Sending event: {'category': 'dbt', 'action': 'run_model', 'label': '087052a1-e6f5-41d5-84b5-cad3613318f0', 'context': [<snowplow_tracker.self_describing_json.SelfDescribingJson object at 0x108417290>]}
[0m18:05:22.532968 [info ] [Thread-1 (]: 4 of 31 OK created sql view model dbt_dev.stg_yellow_trips ..................... [[32mCREATE VIEW[0m in 0.06s]
[0m18:05:22.533254 [debug] [Thread-1 (]: Finished running node model.UrbanMove_dbt_project.stg_yellow_trips
[0m18:05:22.533913 [debug] [Thread-1 (]: Began running node test.UrbanMove_dbt_project.accepted_values_stg_yellow_trips_payment_type__0__1__2__3__4__5__6.6b891f7d03
[0m18:05:22.534086 [info ] [Thread-1 (]: 5 of 31 START test accepted_values_stg_yellow_trips_payment_type__0__1__2__3__4__5__6  [RUN]
[0m18:05:22.534279 [debug] [Thread-1 (]: Re-using an available connection from the pool (formerly model.UrbanMove_dbt_project.stg_yellow_trips, now test.UrbanMove_dbt_project.accepted_values_stg_yellow_trips_payment_type__0__1__2__3__4__5__6.6b891f7d03)
[0m18:05:22.534393 [debug] [Thread-1 (]: Began compiling node test.UrbanMove_dbt_project.accepted_values_stg_yellow_trips_payment_type__0__1__2__3__4__5__6.6b891f7d03
[0m18:05:22.536345 [debug] [Thread-1 (]: Writing injected SQL for node "test.UrbanMove_dbt_project.accepted_values_stg_yellow_trips_payment_type__0__1__2__3__4__5__6.6b891f7d03"
[0m18:05:22.536933 [debug] [Thread-1 (]: Began executing node test.UrbanMove_dbt_project.accepted_values_stg_yellow_trips_payment_type__0__1__2__3__4__5__6.6b891f7d03
[0m18:05:22.537702 [debug] [Thread-1 (]: Writing runtime sql for node "test.UrbanMove_dbt_project.accepted_values_stg_yellow_trips_payment_type__0__1__2__3__4__5__6.6b891f7d03"
[0m18:05:22.537956 [debug] [Thread-1 (]: Using postgres connection "test.UrbanMove_dbt_project.accepted_values_stg_yellow_trips_payment_type__0__1__2__3__4__5__6.6b891f7d03"
[0m18:05:22.538063 [debug] [Thread-1 (]: On test.UrbanMove_dbt_project.accepted_values_stg_yellow_trips_payment_type__0__1__2__3__4__5__6.6b891f7d03: BEGIN
[0m18:05:22.538163 [debug] [Thread-1 (]: Opening a new connection, currently in state closed
[0m18:05:22.544224 [debug] [Thread-1 (]: SQL status: BEGIN in 0.006 seconds
[0m18:05:22.544425 [debug] [Thread-1 (]: Using postgres connection "test.UrbanMove_dbt_project.accepted_values_stg_yellow_trips_payment_type__0__1__2__3__4__5__6.6b891f7d03"
[0m18:05:22.544550 [debug] [Thread-1 (]: On test.UrbanMove_dbt_project.accepted_values_stg_yellow_trips_payment_type__0__1__2__3__4__5__6.6b891f7d03: /* {"app": "dbt", "dbt_version": "1.8.0", "profile_name": "UrbanMove_dbt_project", "target_name": "dev", "node_id": "test.UrbanMove_dbt_project.accepted_values_stg_yellow_trips_payment_type__0__1__2__3__4__5__6.6b891f7d03"} */
select
      count(*) as failures,
      count(*) != 0 as should_warn,
      count(*) != 0 as should_error
    from (
      
    
    

with all_values as (

    select
        payment_type as value_field,
        count(*) as n_records

    from "taxi_db"."dbt_dev"."stg_yellow_trips"
    group by payment_type

)

select *
from all_values
where value_field not in (
    '0','1','2','3','4','5','6'
)



      
    ) dbt_internal_test
[0m18:05:22.604143 [debug] [Thread-1 (]: SQL status: SELECT 1 in 0.059 seconds
[0m18:05:22.604849 [debug] [Thread-1 (]: On test.UrbanMove_dbt_project.accepted_values_stg_yellow_trips_payment_type__0__1__2__3__4__5__6.6b891f7d03: ROLLBACK
[0m18:05:22.605281 [debug] [Thread-1 (]: On test.UrbanMove_dbt_project.accepted_values_stg_yellow_trips_payment_type__0__1__2__3__4__5__6.6b891f7d03: Close
[0m18:05:22.605535 [info ] [Thread-1 (]: 5 of 31 PASS accepted_values_stg_yellow_trips_payment_type__0__1__2__3__4__5__6  [[32mPASS[0m in 0.07s]
[0m18:05:22.605734 [debug] [Thread-1 (]: Finished running node test.UrbanMove_dbt_project.accepted_values_stg_yellow_trips_payment_type__0__1__2__3__4__5__6.6b891f7d03
[0m18:05:22.605870 [debug] [Thread-1 (]: Began running node test.UrbanMove_dbt_project.dbt_utils_expression_is_true_stg_yellow_trips_airport_fee___0.86520a37d2
[0m18:05:22.605983 [info ] [Thread-1 (]: 6 of 31 START test dbt_utils_expression_is_true_stg_yellow_trips_airport_fee___0  [RUN]
[0m18:05:22.606119 [debug] [Thread-1 (]: Re-using an available connection from the pool (formerly test.UrbanMove_dbt_project.accepted_values_stg_yellow_trips_payment_type__0__1__2__3__4__5__6.6b891f7d03, now test.UrbanMove_dbt_project.dbt_utils_expression_is_true_stg_yellow_trips_airport_fee___0.86520a37d2)
[0m18:05:22.606238 [debug] [Thread-1 (]: Began compiling node test.UrbanMove_dbt_project.dbt_utils_expression_is_true_stg_yellow_trips_airport_fee___0.86520a37d2
[0m18:05:22.608472 [debug] [Thread-1 (]: Writing injected SQL for node "test.UrbanMove_dbt_project.dbt_utils_expression_is_true_stg_yellow_trips_airport_fee___0.86520a37d2"
[0m18:05:22.608899 [debug] [Thread-1 (]: Began executing node test.UrbanMove_dbt_project.dbt_utils_expression_is_true_stg_yellow_trips_airport_fee___0.86520a37d2
[0m18:05:22.609758 [debug] [Thread-1 (]: Writing runtime sql for node "test.UrbanMove_dbt_project.dbt_utils_expression_is_true_stg_yellow_trips_airport_fee___0.86520a37d2"
[0m18:05:22.610028 [debug] [Thread-1 (]: Using postgres connection "test.UrbanMove_dbt_project.dbt_utils_expression_is_true_stg_yellow_trips_airport_fee___0.86520a37d2"
[0m18:05:22.610153 [debug] [Thread-1 (]: On test.UrbanMove_dbt_project.dbt_utils_expression_is_true_stg_yellow_trips_airport_fee___0.86520a37d2: BEGIN
[0m18:05:22.610264 [debug] [Thread-1 (]: Opening a new connection, currently in state closed
[0m18:05:22.615953 [debug] [Thread-1 (]: SQL status: BEGIN in 0.006 seconds
[0m18:05:22.616188 [debug] [Thread-1 (]: Using postgres connection "test.UrbanMove_dbt_project.dbt_utils_expression_is_true_stg_yellow_trips_airport_fee___0.86520a37d2"
[0m18:05:22.616315 [debug] [Thread-1 (]: On test.UrbanMove_dbt_project.dbt_utils_expression_is_true_stg_yellow_trips_airport_fee___0.86520a37d2: /* {"app": "dbt", "dbt_version": "1.8.0", "profile_name": "UrbanMove_dbt_project", "target_name": "dev", "node_id": "test.UrbanMove_dbt_project.dbt_utils_expression_is_true_stg_yellow_trips_airport_fee___0.86520a37d2"} */
select
      count(*) as failures,
      count(*) != 0 as should_warn,
      count(*) != 0 as should_error
    from (
      



select
    1
from "taxi_db"."dbt_dev"."stg_yellow_trips"

where not(airport_fee >= 0)


      
    ) dbt_internal_test
[0m18:05:22.681835 [debug] [Thread-1 (]: SQL status: SELECT 1 in 0.065 seconds
[0m18:05:22.683595 [debug] [Thread-1 (]: On test.UrbanMove_dbt_project.dbt_utils_expression_is_true_stg_yellow_trips_airport_fee___0.86520a37d2: ROLLBACK
[0m18:05:22.684354 [debug] [Thread-1 (]: On test.UrbanMove_dbt_project.dbt_utils_expression_is_true_stg_yellow_trips_airport_fee___0.86520a37d2: Close
[0m18:05:22.684906 [info ] [Thread-1 (]: 6 of 31 PASS dbt_utils_expression_is_true_stg_yellow_trips_airport_fee___0 ..... [[32mPASS[0m in 0.08s]
[0m18:05:22.685355 [debug] [Thread-1 (]: Finished running node test.UrbanMove_dbt_project.dbt_utils_expression_is_true_stg_yellow_trips_airport_fee___0.86520a37d2
[0m18:05:22.685674 [debug] [Thread-1 (]: Began running node test.UrbanMove_dbt_project.dbt_utils_expression_is_true_stg_yellow_trips_cbd_congestion_fee___0.70c6d19852
[0m18:05:22.686041 [info ] [Thread-1 (]: 7 of 31 START test dbt_utils_expression_is_true_stg_yellow_trips_cbd_congestion_fee___0  [RUN]
[0m18:05:22.686425 [debug] [Thread-1 (]: Re-using an available connection from the pool (formerly test.UrbanMove_dbt_project.dbt_utils_expression_is_true_stg_yellow_trips_airport_fee___0.86520a37d2, now test.UrbanMove_dbt_project.dbt_utils_expression_is_true_stg_yellow_trips_cbd_congestion_fee___0.70c6d19852)
[0m18:05:22.686709 [debug] [Thread-1 (]: Began compiling node test.UrbanMove_dbt_project.dbt_utils_expression_is_true_stg_yellow_trips_cbd_congestion_fee___0.70c6d19852
[0m18:05:22.690992 [debug] [Thread-1 (]: Writing injected SQL for node "test.UrbanMove_dbt_project.dbt_utils_expression_is_true_stg_yellow_trips_cbd_congestion_fee___0.70c6d19852"
[0m18:05:22.691667 [debug] [Thread-1 (]: Began executing node test.UrbanMove_dbt_project.dbt_utils_expression_is_true_stg_yellow_trips_cbd_congestion_fee___0.70c6d19852
[0m18:05:22.694739 [debug] [Thread-1 (]: Writing runtime sql for node "test.UrbanMove_dbt_project.dbt_utils_expression_is_true_stg_yellow_trips_cbd_congestion_fee___0.70c6d19852"
[0m18:05:22.695485 [debug] [Thread-1 (]: Using postgres connection "test.UrbanMove_dbt_project.dbt_utils_expression_is_true_stg_yellow_trips_cbd_congestion_fee___0.70c6d19852"
[0m18:05:22.695841 [debug] [Thread-1 (]: On test.UrbanMove_dbt_project.dbt_utils_expression_is_true_stg_yellow_trips_cbd_congestion_fee___0.70c6d19852: BEGIN
[0m18:05:22.696111 [debug] [Thread-1 (]: Opening a new connection, currently in state closed
[0m18:05:22.703931 [debug] [Thread-1 (]: SQL status: BEGIN in 0.008 seconds
[0m18:05:22.704348 [debug] [Thread-1 (]: Using postgres connection "test.UrbanMove_dbt_project.dbt_utils_expression_is_true_stg_yellow_trips_cbd_congestion_fee___0.70c6d19852"
[0m18:05:22.704631 [debug] [Thread-1 (]: On test.UrbanMove_dbt_project.dbt_utils_expression_is_true_stg_yellow_trips_cbd_congestion_fee___0.70c6d19852: /* {"app": "dbt", "dbt_version": "1.8.0", "profile_name": "UrbanMove_dbt_project", "target_name": "dev", "node_id": "test.UrbanMove_dbt_project.dbt_utils_expression_is_true_stg_yellow_trips_cbd_congestion_fee___0.70c6d19852"} */
select
      count(*) as failures,
      count(*) != 0 as should_warn,
      count(*) != 0 as should_error
    from (
      



select
    1
from "taxi_db"."dbt_dev"."stg_yellow_trips"

where not(cbd_congestion_fee >= 0)


      
    ) dbt_internal_test
[0m18:05:22.769890 [debug] [Thread-1 (]: SQL status: SELECT 1 in 0.065 seconds
[0m18:05:22.771446 [debug] [Thread-1 (]: On test.UrbanMove_dbt_project.dbt_utils_expression_is_true_stg_yellow_trips_cbd_congestion_fee___0.70c6d19852: ROLLBACK
[0m18:05:22.772287 [debug] [Thread-1 (]: On test.UrbanMove_dbt_project.dbt_utils_expression_is_true_stg_yellow_trips_cbd_congestion_fee___0.70c6d19852: Close
[0m18:05:22.772897 [info ] [Thread-1 (]: 7 of 31 PASS dbt_utils_expression_is_true_stg_yellow_trips_cbd_congestion_fee___0  [[32mPASS[0m in 0.09s]
[0m18:05:22.773502 [debug] [Thread-1 (]: Finished running node test.UrbanMove_dbt_project.dbt_utils_expression_is_true_stg_yellow_trips_cbd_congestion_fee___0.70c6d19852
[0m18:05:22.773886 [debug] [Thread-1 (]: Began running node test.UrbanMove_dbt_project.dbt_utils_expression_is_true_stg_yellow_trips_congestion_surcharge___0.f4af6fa624
[0m18:05:22.774285 [info ] [Thread-1 (]: 8 of 31 START test dbt_utils_expression_is_true_stg_yellow_trips_congestion_surcharge___0  [RUN]
[0m18:05:22.774680 [debug] [Thread-1 (]: Re-using an available connection from the pool (formerly test.UrbanMove_dbt_project.dbt_utils_expression_is_true_stg_yellow_trips_cbd_congestion_fee___0.70c6d19852, now test.UrbanMove_dbt_project.dbt_utils_expression_is_true_stg_yellow_trips_congestion_surcharge___0.f4af6fa624)
[0m18:05:22.774984 [debug] [Thread-1 (]: Began compiling node test.UrbanMove_dbt_project.dbt_utils_expression_is_true_stg_yellow_trips_congestion_surcharge___0.f4af6fa624
[0m18:05:22.779244 [debug] [Thread-1 (]: Writing injected SQL for node "test.UrbanMove_dbt_project.dbt_utils_expression_is_true_stg_yellow_trips_congestion_surcharge___0.f4af6fa624"
[0m18:05:22.780039 [debug] [Thread-1 (]: Began executing node test.UrbanMove_dbt_project.dbt_utils_expression_is_true_stg_yellow_trips_congestion_surcharge___0.f4af6fa624
[0m18:05:22.782683 [debug] [Thread-1 (]: Writing runtime sql for node "test.UrbanMove_dbt_project.dbt_utils_expression_is_true_stg_yellow_trips_congestion_surcharge___0.f4af6fa624"
[0m18:05:22.783525 [debug] [Thread-1 (]: Using postgres connection "test.UrbanMove_dbt_project.dbt_utils_expression_is_true_stg_yellow_trips_congestion_surcharge___0.f4af6fa624"
[0m18:05:22.783857 [debug] [Thread-1 (]: On test.UrbanMove_dbt_project.dbt_utils_expression_is_true_stg_yellow_trips_congestion_surcharge___0.f4af6fa624: BEGIN
[0m18:05:22.784132 [debug] [Thread-1 (]: Opening a new connection, currently in state closed
[0m18:05:22.793375 [debug] [Thread-1 (]: SQL status: BEGIN in 0.009 seconds
[0m18:05:22.793773 [debug] [Thread-1 (]: Using postgres connection "test.UrbanMove_dbt_project.dbt_utils_expression_is_true_stg_yellow_trips_congestion_surcharge___0.f4af6fa624"
[0m18:05:22.794030 [debug] [Thread-1 (]: On test.UrbanMove_dbt_project.dbt_utils_expression_is_true_stg_yellow_trips_congestion_surcharge___0.f4af6fa624: /* {"app": "dbt", "dbt_version": "1.8.0", "profile_name": "UrbanMove_dbt_project", "target_name": "dev", "node_id": "test.UrbanMove_dbt_project.dbt_utils_expression_is_true_stg_yellow_trips_congestion_surcharge___0.f4af6fa624"} */
select
      count(*) as failures,
      count(*) != 0 as should_warn,
      count(*) != 0 as should_error
    from (
      



select
    1
from "taxi_db"."dbt_dev"."stg_yellow_trips"

where not(congestion_surcharge >= 0)


      
    ) dbt_internal_test
[0m18:05:22.864204 [debug] [Thread-1 (]: SQL status: SELECT 1 in 0.070 seconds
[0m18:05:22.865522 [debug] [Thread-1 (]: On test.UrbanMove_dbt_project.dbt_utils_expression_is_true_stg_yellow_trips_congestion_surcharge___0.f4af6fa624: ROLLBACK
[0m18:05:22.866187 [debug] [Thread-1 (]: On test.UrbanMove_dbt_project.dbt_utils_expression_is_true_stg_yellow_trips_congestion_surcharge___0.f4af6fa624: Close
[0m18:05:22.866687 [info ] [Thread-1 (]: 8 of 31 PASS dbt_utils_expression_is_true_stg_yellow_trips_congestion_surcharge___0  [[32mPASS[0m in 0.09s]
[0m18:05:22.867093 [debug] [Thread-1 (]: Finished running node test.UrbanMove_dbt_project.dbt_utils_expression_is_true_stg_yellow_trips_congestion_surcharge___0.f4af6fa624
[0m18:05:22.867365 [debug] [Thread-1 (]: Began running node test.UrbanMove_dbt_project.dbt_utils_expression_is_true_stg_yellow_trips_extra_surcharge___5_00.5fa4ee18e7
[0m18:05:22.867603 [info ] [Thread-1 (]: 9 of 31 START test dbt_utils_expression_is_true_stg_yellow_trips_extra_surcharge___5_00  [RUN]
[0m18:05:22.867964 [debug] [Thread-1 (]: Re-using an available connection from the pool (formerly test.UrbanMove_dbt_project.dbt_utils_expression_is_true_stg_yellow_trips_congestion_surcharge___0.f4af6fa624, now test.UrbanMove_dbt_project.dbt_utils_expression_is_true_stg_yellow_trips_extra_surcharge___5_00.5fa4ee18e7)
[0m18:05:22.868235 [debug] [Thread-1 (]: Began compiling node test.UrbanMove_dbt_project.dbt_utils_expression_is_true_stg_yellow_trips_extra_surcharge___5_00.5fa4ee18e7
[0m18:05:22.871964 [debug] [Thread-1 (]: Writing injected SQL for node "test.UrbanMove_dbt_project.dbt_utils_expression_is_true_stg_yellow_trips_extra_surcharge___5_00.5fa4ee18e7"
[0m18:05:22.872834 [debug] [Thread-1 (]: Began executing node test.UrbanMove_dbt_project.dbt_utils_expression_is_true_stg_yellow_trips_extra_surcharge___5_00.5fa4ee18e7
[0m18:05:22.875236 [debug] [Thread-1 (]: Writing runtime sql for node "test.UrbanMove_dbt_project.dbt_utils_expression_is_true_stg_yellow_trips_extra_surcharge___5_00.5fa4ee18e7"
[0m18:05:22.875844 [debug] [Thread-1 (]: Using postgres connection "test.UrbanMove_dbt_project.dbt_utils_expression_is_true_stg_yellow_trips_extra_surcharge___5_00.5fa4ee18e7"
[0m18:05:22.876058 [debug] [Thread-1 (]: On test.UrbanMove_dbt_project.dbt_utils_expression_is_true_stg_yellow_trips_extra_surcharge___5_00.5fa4ee18e7: BEGIN
[0m18:05:22.876280 [debug] [Thread-1 (]: Opening a new connection, currently in state closed
[0m18:05:22.883775 [debug] [Thread-1 (]: SQL status: BEGIN in 0.007 seconds
[0m18:05:22.884121 [debug] [Thread-1 (]: Using postgres connection "test.UrbanMove_dbt_project.dbt_utils_expression_is_true_stg_yellow_trips_extra_surcharge___5_00.5fa4ee18e7"
[0m18:05:22.884365 [debug] [Thread-1 (]: On test.UrbanMove_dbt_project.dbt_utils_expression_is_true_stg_yellow_trips_extra_surcharge___5_00.5fa4ee18e7: /* {"app": "dbt", "dbt_version": "1.8.0", "profile_name": "UrbanMove_dbt_project", "target_name": "dev", "node_id": "test.UrbanMove_dbt_project.dbt_utils_expression_is_true_stg_yellow_trips_extra_surcharge___5_00.5fa4ee18e7"} */
select
      count(*) as failures,
      count(*) != 0 as should_warn,
      count(*) != 0 as should_error
    from (
      



select
    1
from "taxi_db"."dbt_dev"."stg_yellow_trips"

where not(extra_surcharge >= -5.00)


      
    ) dbt_internal_test
[0m18:05:22.952054 [debug] [Thread-1 (]: SQL status: SELECT 1 in 0.067 seconds
[0m18:05:22.953315 [debug] [Thread-1 (]: On test.UrbanMove_dbt_project.dbt_utils_expression_is_true_stg_yellow_trips_extra_surcharge___5_00.5fa4ee18e7: ROLLBACK
[0m18:05:22.954177 [debug] [Thread-1 (]: On test.UrbanMove_dbt_project.dbt_utils_expression_is_true_stg_yellow_trips_extra_surcharge___5_00.5fa4ee18e7: Close
[0m18:05:22.954641 [info ] [Thread-1 (]: 9 of 31 PASS dbt_utils_expression_is_true_stg_yellow_trips_extra_surcharge___5_00  [[32mPASS[0m in 0.09s]
[0m18:05:22.955030 [debug] [Thread-1 (]: Finished running node test.UrbanMove_dbt_project.dbt_utils_expression_is_true_stg_yellow_trips_extra_surcharge___5_00.5fa4ee18e7
[0m18:05:22.955299 [debug] [Thread-1 (]: Began running node test.UrbanMove_dbt_project.dbt_utils_expression_is_true_stg_yellow_trips_fare_amount___0.3ce5f87ef5
[0m18:05:22.955660 [info ] [Thread-1 (]: 10 of 31 START test dbt_utils_expression_is_true_stg_yellow_trips_fare_amount___0  [RUN]
[0m18:05:22.955996 [debug] [Thread-1 (]: Re-using an available connection from the pool (formerly test.UrbanMove_dbt_project.dbt_utils_expression_is_true_stg_yellow_trips_extra_surcharge___5_00.5fa4ee18e7, now test.UrbanMove_dbt_project.dbt_utils_expression_is_true_stg_yellow_trips_fare_amount___0.3ce5f87ef5)
[0m18:05:22.956227 [debug] [Thread-1 (]: Began compiling node test.UrbanMove_dbt_project.dbt_utils_expression_is_true_stg_yellow_trips_fare_amount___0.3ce5f87ef5
[0m18:05:22.960006 [debug] [Thread-1 (]: Writing injected SQL for node "test.UrbanMove_dbt_project.dbt_utils_expression_is_true_stg_yellow_trips_fare_amount___0.3ce5f87ef5"
[0m18:05:22.960624 [debug] [Thread-1 (]: Began executing node test.UrbanMove_dbt_project.dbt_utils_expression_is_true_stg_yellow_trips_fare_amount___0.3ce5f87ef5
[0m18:05:22.962220 [debug] [Thread-1 (]: Writing runtime sql for node "test.UrbanMove_dbt_project.dbt_utils_expression_is_true_stg_yellow_trips_fare_amount___0.3ce5f87ef5"
[0m18:05:22.962727 [debug] [Thread-1 (]: Using postgres connection "test.UrbanMove_dbt_project.dbt_utils_expression_is_true_stg_yellow_trips_fare_amount___0.3ce5f87ef5"
[0m18:05:22.962938 [debug] [Thread-1 (]: On test.UrbanMove_dbt_project.dbt_utils_expression_is_true_stg_yellow_trips_fare_amount___0.3ce5f87ef5: BEGIN
[0m18:05:22.963129 [debug] [Thread-1 (]: Opening a new connection, currently in state closed
[0m18:05:22.970744 [debug] [Thread-1 (]: SQL status: BEGIN in 0.008 seconds
[0m18:05:22.971083 [debug] [Thread-1 (]: Using postgres connection "test.UrbanMove_dbt_project.dbt_utils_expression_is_true_stg_yellow_trips_fare_amount___0.3ce5f87ef5"
[0m18:05:22.971319 [debug] [Thread-1 (]: On test.UrbanMove_dbt_project.dbt_utils_expression_is_true_stg_yellow_trips_fare_amount___0.3ce5f87ef5: /* {"app": "dbt", "dbt_version": "1.8.0", "profile_name": "UrbanMove_dbt_project", "target_name": "dev", "node_id": "test.UrbanMove_dbt_project.dbt_utils_expression_is_true_stg_yellow_trips_fare_amount___0.3ce5f87ef5"} */
select
      count(*) as failures,
      count(*) != 0 as should_warn,
      count(*) != 0 as should_error
    from (
      



select
    1
from "taxi_db"."dbt_dev"."stg_yellow_trips"

where not(fare_amount >= 0)


      
    ) dbt_internal_test
[0m18:05:23.013000 [debug] [Thread-1 (]: SQL status: SELECT 1 in 0.041 seconds
[0m18:05:23.015329 [debug] [Thread-1 (]: On test.UrbanMove_dbt_project.dbt_utils_expression_is_true_stg_yellow_trips_fare_amount___0.3ce5f87ef5: ROLLBACK
[0m18:05:23.016107 [debug] [Thread-1 (]: On test.UrbanMove_dbt_project.dbt_utils_expression_is_true_stg_yellow_trips_fare_amount___0.3ce5f87ef5: Close
[0m18:05:23.016550 [info ] [Thread-1 (]: 10 of 31 PASS dbt_utils_expression_is_true_stg_yellow_trips_fare_amount___0 .... [[32mPASS[0m in 0.06s]
[0m18:05:23.016937 [debug] [Thread-1 (]: Finished running node test.UrbanMove_dbt_project.dbt_utils_expression_is_true_stg_yellow_trips_fare_amount___0.3ce5f87ef5
[0m18:05:23.017279 [debug] [Thread-1 (]: Began running node test.UrbanMove_dbt_project.dbt_utils_expression_is_true_stg_yellow_trips_improvement_surcharge___0.c82316f4d6
[0m18:05:23.017551 [info ] [Thread-1 (]: 11 of 31 START test dbt_utils_expression_is_true_stg_yellow_trips_improvement_surcharge___0  [RUN]
[0m18:05:23.017861 [debug] [Thread-1 (]: Re-using an available connection from the pool (formerly test.UrbanMove_dbt_project.dbt_utils_expression_is_true_stg_yellow_trips_fare_amount___0.3ce5f87ef5, now test.UrbanMove_dbt_project.dbt_utils_expression_is_true_stg_yellow_trips_improvement_surcharge___0.c82316f4d6)
[0m18:05:23.018124 [debug] [Thread-1 (]: Began compiling node test.UrbanMove_dbt_project.dbt_utils_expression_is_true_stg_yellow_trips_improvement_surcharge___0.c82316f4d6
[0m18:05:23.021999 [debug] [Thread-1 (]: Writing injected SQL for node "test.UrbanMove_dbt_project.dbt_utils_expression_is_true_stg_yellow_trips_improvement_surcharge___0.c82316f4d6"
[0m18:05:23.022614 [debug] [Thread-1 (]: Began executing node test.UrbanMove_dbt_project.dbt_utils_expression_is_true_stg_yellow_trips_improvement_surcharge___0.c82316f4d6
[0m18:05:23.024484 [debug] [Thread-1 (]: Writing runtime sql for node "test.UrbanMove_dbt_project.dbt_utils_expression_is_true_stg_yellow_trips_improvement_surcharge___0.c82316f4d6"
[0m18:05:23.024995 [debug] [Thread-1 (]: Using postgres connection "test.UrbanMove_dbt_project.dbt_utils_expression_is_true_stg_yellow_trips_improvement_surcharge___0.c82316f4d6"
[0m18:05:23.025221 [debug] [Thread-1 (]: On test.UrbanMove_dbt_project.dbt_utils_expression_is_true_stg_yellow_trips_improvement_surcharge___0.c82316f4d6: BEGIN
[0m18:05:23.025425 [debug] [Thread-1 (]: Opening a new connection, currently in state closed
[0m18:05:23.031885 [debug] [Thread-1 (]: SQL status: BEGIN in 0.006 seconds
[0m18:05:23.032181 [debug] [Thread-1 (]: Using postgres connection "test.UrbanMove_dbt_project.dbt_utils_expression_is_true_stg_yellow_trips_improvement_surcharge___0.c82316f4d6"
[0m18:05:23.032404 [debug] [Thread-1 (]: On test.UrbanMove_dbt_project.dbt_utils_expression_is_true_stg_yellow_trips_improvement_surcharge___0.c82316f4d6: /* {"app": "dbt", "dbt_version": "1.8.0", "profile_name": "UrbanMove_dbt_project", "target_name": "dev", "node_id": "test.UrbanMove_dbt_project.dbt_utils_expression_is_true_stg_yellow_trips_improvement_surcharge___0.c82316f4d6"} */
select
      count(*) as failures,
      count(*) != 0 as should_warn,
      count(*) != 0 as should_error
    from (
      



select
    1
from "taxi_db"."dbt_dev"."stg_yellow_trips"

where not(improvement_surcharge >= 0)


      
    ) dbt_internal_test
[0m18:05:23.077568 [debug] [Thread-1 (]: SQL status: SELECT 1 in 0.045 seconds
[0m18:05:23.079136 [debug] [Thread-1 (]: On test.UrbanMove_dbt_project.dbt_utils_expression_is_true_stg_yellow_trips_improvement_surcharge___0.c82316f4d6: ROLLBACK
[0m18:05:23.079855 [debug] [Thread-1 (]: On test.UrbanMove_dbt_project.dbt_utils_expression_is_true_stg_yellow_trips_improvement_surcharge___0.c82316f4d6: Close
[0m18:05:23.080259 [info ] [Thread-1 (]: 11 of 31 PASS dbt_utils_expression_is_true_stg_yellow_trips_improvement_surcharge___0  [[32mPASS[0m in 0.06s]
[0m18:05:23.080717 [debug] [Thread-1 (]: Finished running node test.UrbanMove_dbt_project.dbt_utils_expression_is_true_stg_yellow_trips_improvement_surcharge___0.c82316f4d6
[0m18:05:23.081046 [debug] [Thread-1 (]: Began running node test.UrbanMove_dbt_project.dbt_utils_expression_is_true_stg_yellow_trips_regional_tax___0.c28f95cb33
[0m18:05:23.081323 [info ] [Thread-1 (]: 12 of 31 START test dbt_utils_expression_is_true_stg_yellow_trips_regional_tax___0  [RUN]
[0m18:05:23.081713 [debug] [Thread-1 (]: Re-using an available connection from the pool (formerly test.UrbanMove_dbt_project.dbt_utils_expression_is_true_stg_yellow_trips_improvement_surcharge___0.c82316f4d6, now test.UrbanMove_dbt_project.dbt_utils_expression_is_true_stg_yellow_trips_regional_tax___0.c28f95cb33)
[0m18:05:23.082071 [debug] [Thread-1 (]: Began compiling node test.UrbanMove_dbt_project.dbt_utils_expression_is_true_stg_yellow_trips_regional_tax___0.c28f95cb33
[0m18:05:23.088622 [debug] [Thread-1 (]: Writing injected SQL for node "test.UrbanMove_dbt_project.dbt_utils_expression_is_true_stg_yellow_trips_regional_tax___0.c28f95cb33"
[0m18:05:23.089304 [debug] [Thread-1 (]: Began executing node test.UrbanMove_dbt_project.dbt_utils_expression_is_true_stg_yellow_trips_regional_tax___0.c28f95cb33
[0m18:05:23.090994 [debug] [Thread-1 (]: Writing runtime sql for node "test.UrbanMove_dbt_project.dbt_utils_expression_is_true_stg_yellow_trips_regional_tax___0.c28f95cb33"
[0m18:05:23.091832 [debug] [Thread-1 (]: Using postgres connection "test.UrbanMove_dbt_project.dbt_utils_expression_is_true_stg_yellow_trips_regional_tax___0.c28f95cb33"
[0m18:05:23.092154 [debug] [Thread-1 (]: On test.UrbanMove_dbt_project.dbt_utils_expression_is_true_stg_yellow_trips_regional_tax___0.c28f95cb33: BEGIN
[0m18:05:23.092422 [debug] [Thread-1 (]: Opening a new connection, currently in state closed
[0m18:05:23.099147 [debug] [Thread-1 (]: SQL status: BEGIN in 0.007 seconds
[0m18:05:23.099470 [debug] [Thread-1 (]: Using postgres connection "test.UrbanMove_dbt_project.dbt_utils_expression_is_true_stg_yellow_trips_regional_tax___0.c28f95cb33"
[0m18:05:23.099708 [debug] [Thread-1 (]: On test.UrbanMove_dbt_project.dbt_utils_expression_is_true_stg_yellow_trips_regional_tax___0.c28f95cb33: /* {"app": "dbt", "dbt_version": "1.8.0", "profile_name": "UrbanMove_dbt_project", "target_name": "dev", "node_id": "test.UrbanMove_dbt_project.dbt_utils_expression_is_true_stg_yellow_trips_regional_tax___0.c28f95cb33"} */
select
      count(*) as failures,
      count(*) != 0 as should_warn,
      count(*) != 0 as should_error
    from (
      



select
    1
from "taxi_db"."dbt_dev"."stg_yellow_trips"

where not(regional_tax >= 0)


      
    ) dbt_internal_test
[0m18:05:23.150848 [debug] [Thread-1 (]: SQL status: SELECT 1 in 0.051 seconds
[0m18:05:23.152705 [debug] [Thread-1 (]: On test.UrbanMove_dbt_project.dbt_utils_expression_is_true_stg_yellow_trips_regional_tax___0.c28f95cb33: ROLLBACK
[0m18:05:23.153343 [debug] [Thread-1 (]: On test.UrbanMove_dbt_project.dbt_utils_expression_is_true_stg_yellow_trips_regional_tax___0.c28f95cb33: Close
[0m18:05:23.153799 [info ] [Thread-1 (]: 12 of 31 PASS dbt_utils_expression_is_true_stg_yellow_trips_regional_tax___0 ... [[32mPASS[0m in 0.07s]
[0m18:05:23.154368 [debug] [Thread-1 (]: Finished running node test.UrbanMove_dbt_project.dbt_utils_expression_is_true_stg_yellow_trips_regional_tax___0.c28f95cb33
[0m18:05:23.154689 [debug] [Thread-1 (]: Began running node test.UrbanMove_dbt_project.dbt_utils_expression_is_true_stg_yellow_trips_tip_amount___0.4de0cbbbf3
[0m18:05:23.154961 [info ] [Thread-1 (]: 13 of 31 START test dbt_utils_expression_is_true_stg_yellow_trips_tip_amount___0  [RUN]
[0m18:05:23.155247 [debug] [Thread-1 (]: Re-using an available connection from the pool (formerly test.UrbanMove_dbt_project.dbt_utils_expression_is_true_stg_yellow_trips_regional_tax___0.c28f95cb33, now test.UrbanMove_dbt_project.dbt_utils_expression_is_true_stg_yellow_trips_tip_amount___0.4de0cbbbf3)
[0m18:05:23.155465 [debug] [Thread-1 (]: Began compiling node test.UrbanMove_dbt_project.dbt_utils_expression_is_true_stg_yellow_trips_tip_amount___0.4de0cbbbf3
[0m18:05:23.159974 [debug] [Thread-1 (]: Writing injected SQL for node "test.UrbanMove_dbt_project.dbt_utils_expression_is_true_stg_yellow_trips_tip_amount___0.4de0cbbbf3"
[0m18:05:23.161394 [debug] [Thread-1 (]: Began executing node test.UrbanMove_dbt_project.dbt_utils_expression_is_true_stg_yellow_trips_tip_amount___0.4de0cbbbf3
[0m18:05:23.164445 [debug] [Thread-1 (]: Writing runtime sql for node "test.UrbanMove_dbt_project.dbt_utils_expression_is_true_stg_yellow_trips_tip_amount___0.4de0cbbbf3"
[0m18:05:23.165231 [debug] [Thread-1 (]: Using postgres connection "test.UrbanMove_dbt_project.dbt_utils_expression_is_true_stg_yellow_trips_tip_amount___0.4de0cbbbf3"
[0m18:05:23.165506 [debug] [Thread-1 (]: On test.UrbanMove_dbt_project.dbt_utils_expression_is_true_stg_yellow_trips_tip_amount___0.4de0cbbbf3: BEGIN
[0m18:05:23.165723 [debug] [Thread-1 (]: Opening a new connection, currently in state closed
[0m18:05:23.172563 [debug] [Thread-1 (]: SQL status: BEGIN in 0.007 seconds
[0m18:05:23.172857 [debug] [Thread-1 (]: Using postgres connection "test.UrbanMove_dbt_project.dbt_utils_expression_is_true_stg_yellow_trips_tip_amount___0.4de0cbbbf3"
[0m18:05:23.173082 [debug] [Thread-1 (]: On test.UrbanMove_dbt_project.dbt_utils_expression_is_true_stg_yellow_trips_tip_amount___0.4de0cbbbf3: /* {"app": "dbt", "dbt_version": "1.8.0", "profile_name": "UrbanMove_dbt_project", "target_name": "dev", "node_id": "test.UrbanMove_dbt_project.dbt_utils_expression_is_true_stg_yellow_trips_tip_amount___0.4de0cbbbf3"} */
select
      count(*) as failures,
      count(*) != 0 as should_warn,
      count(*) != 0 as should_error
    from (
      



select
    1
from "taxi_db"."dbt_dev"."stg_yellow_trips"

where not(tip_amount >= 0)


      
    ) dbt_internal_test
[0m18:05:23.209320 [debug] [Thread-1 (]: SQL status: SELECT 1 in 0.036 seconds
[0m18:05:23.210613 [debug] [Thread-1 (]: On test.UrbanMove_dbt_project.dbt_utils_expression_is_true_stg_yellow_trips_tip_amount___0.4de0cbbbf3: ROLLBACK
[0m18:05:23.211413 [debug] [Thread-1 (]: On test.UrbanMove_dbt_project.dbt_utils_expression_is_true_stg_yellow_trips_tip_amount___0.4de0cbbbf3: Close
[0m18:05:23.211985 [info ] [Thread-1 (]: 13 of 31 PASS dbt_utils_expression_is_true_stg_yellow_trips_tip_amount___0 ..... [[32mPASS[0m in 0.06s]
[0m18:05:23.212525 [debug] [Thread-1 (]: Finished running node test.UrbanMove_dbt_project.dbt_utils_expression_is_true_stg_yellow_trips_tip_amount___0.4de0cbbbf3
[0m18:05:23.212782 [debug] [Thread-1 (]: Began running node test.UrbanMove_dbt_project.dbt_utils_expression_is_true_stg_yellow_trips_tolls_amount___0.e7110734c8
[0m18:05:23.213070 [info ] [Thread-1 (]: 14 of 31 START test dbt_utils_expression_is_true_stg_yellow_trips_tolls_amount___0  [RUN]
[0m18:05:23.213412 [debug] [Thread-1 (]: Re-using an available connection from the pool (formerly test.UrbanMove_dbt_project.dbt_utils_expression_is_true_stg_yellow_trips_tip_amount___0.4de0cbbbf3, now test.UrbanMove_dbt_project.dbt_utils_expression_is_true_stg_yellow_trips_tolls_amount___0.e7110734c8)
[0m18:05:23.213653 [debug] [Thread-1 (]: Began compiling node test.UrbanMove_dbt_project.dbt_utils_expression_is_true_stg_yellow_trips_tolls_amount___0.e7110734c8
[0m18:05:23.216835 [debug] [Thread-1 (]: Writing injected SQL for node "test.UrbanMove_dbt_project.dbt_utils_expression_is_true_stg_yellow_trips_tolls_amount___0.e7110734c8"
[0m18:05:23.217468 [debug] [Thread-1 (]: Began executing node test.UrbanMove_dbt_project.dbt_utils_expression_is_true_stg_yellow_trips_tolls_amount___0.e7110734c8
[0m18:05:23.219799 [debug] [Thread-1 (]: Writing runtime sql for node "test.UrbanMove_dbt_project.dbt_utils_expression_is_true_stg_yellow_trips_tolls_amount___0.e7110734c8"
[0m18:05:23.220421 [debug] [Thread-1 (]: Using postgres connection "test.UrbanMove_dbt_project.dbt_utils_expression_is_true_stg_yellow_trips_tolls_amount___0.e7110734c8"
[0m18:05:23.220700 [debug] [Thread-1 (]: On test.UrbanMove_dbt_project.dbt_utils_expression_is_true_stg_yellow_trips_tolls_amount___0.e7110734c8: BEGIN
[0m18:05:23.220952 [debug] [Thread-1 (]: Opening a new connection, currently in state closed
[0m18:05:23.228894 [debug] [Thread-1 (]: SQL status: BEGIN in 0.008 seconds
[0m18:05:23.229314 [debug] [Thread-1 (]: Using postgres connection "test.UrbanMove_dbt_project.dbt_utils_expression_is_true_stg_yellow_trips_tolls_amount___0.e7110734c8"
[0m18:05:23.229650 [debug] [Thread-1 (]: On test.UrbanMove_dbt_project.dbt_utils_expression_is_true_stg_yellow_trips_tolls_amount___0.e7110734c8: /* {"app": "dbt", "dbt_version": "1.8.0", "profile_name": "UrbanMove_dbt_project", "target_name": "dev", "node_id": "test.UrbanMove_dbt_project.dbt_utils_expression_is_true_stg_yellow_trips_tolls_amount___0.e7110734c8"} */
select
      count(*) as failures,
      count(*) != 0 as should_warn,
      count(*) != 0 as should_error
    from (
      



select
    1
from "taxi_db"."dbt_dev"."stg_yellow_trips"

where not(tolls_amount >= 0)


      
    ) dbt_internal_test
[0m18:05:23.289682 [debug] [Thread-1 (]: SQL status: SELECT 1 in 0.060 seconds
[0m18:05:23.291151 [debug] [Thread-1 (]: On test.UrbanMove_dbt_project.dbt_utils_expression_is_true_stg_yellow_trips_tolls_amount___0.e7110734c8: ROLLBACK
[0m18:05:23.291984 [debug] [Thread-1 (]: On test.UrbanMove_dbt_project.dbt_utils_expression_is_true_stg_yellow_trips_tolls_amount___0.e7110734c8: Close
[0m18:05:23.292583 [info ] [Thread-1 (]: 14 of 31 PASS dbt_utils_expression_is_true_stg_yellow_trips_tolls_amount___0 ... [[32mPASS[0m in 0.08s]
[0m18:05:23.293095 [debug] [Thread-1 (]: Finished running node test.UrbanMove_dbt_project.dbt_utils_expression_is_true_stg_yellow_trips_tolls_amount___0.e7110734c8
[0m18:05:23.293450 [debug] [Thread-1 (]: Began running node test.UrbanMove_dbt_project.dbt_utils_expression_is_true_stg_yellow_trips_total_amount___0.fb74c88371
[0m18:05:23.293798 [info ] [Thread-1 (]: 15 of 31 START test dbt_utils_expression_is_true_stg_yellow_trips_total_amount___0  [RUN]
[0m18:05:23.294183 [debug] [Thread-1 (]: Re-using an available connection from the pool (formerly test.UrbanMove_dbt_project.dbt_utils_expression_is_true_stg_yellow_trips_tolls_amount___0.e7110734c8, now test.UrbanMove_dbt_project.dbt_utils_expression_is_true_stg_yellow_trips_total_amount___0.fb74c88371)
[0m18:05:23.294473 [debug] [Thread-1 (]: Began compiling node test.UrbanMove_dbt_project.dbt_utils_expression_is_true_stg_yellow_trips_total_amount___0.fb74c88371
[0m18:05:23.298545 [debug] [Thread-1 (]: Writing injected SQL for node "test.UrbanMove_dbt_project.dbt_utils_expression_is_true_stg_yellow_trips_total_amount___0.fb74c88371"
[0m18:05:23.301946 [debug] [Thread-1 (]: Began executing node test.UrbanMove_dbt_project.dbt_utils_expression_is_true_stg_yellow_trips_total_amount___0.fb74c88371
[0m18:05:23.304180 [debug] [Thread-1 (]: Writing runtime sql for node "test.UrbanMove_dbt_project.dbt_utils_expression_is_true_stg_yellow_trips_total_amount___0.fb74c88371"
[0m18:05:23.304811 [debug] [Thread-1 (]: Using postgres connection "test.UrbanMove_dbt_project.dbt_utils_expression_is_true_stg_yellow_trips_total_amount___0.fb74c88371"
[0m18:05:23.305101 [debug] [Thread-1 (]: On test.UrbanMove_dbt_project.dbt_utils_expression_is_true_stg_yellow_trips_total_amount___0.fb74c88371: BEGIN
[0m18:05:23.305342 [debug] [Thread-1 (]: Opening a new connection, currently in state closed
[0m18:05:23.313372 [debug] [Thread-1 (]: SQL status: BEGIN in 0.008 seconds
[0m18:05:23.313758 [debug] [Thread-1 (]: Using postgres connection "test.UrbanMove_dbt_project.dbt_utils_expression_is_true_stg_yellow_trips_total_amount___0.fb74c88371"
[0m18:05:23.314003 [debug] [Thread-1 (]: On test.UrbanMove_dbt_project.dbt_utils_expression_is_true_stg_yellow_trips_total_amount___0.fb74c88371: /* {"app": "dbt", "dbt_version": "1.8.0", "profile_name": "UrbanMove_dbt_project", "target_name": "dev", "node_id": "test.UrbanMove_dbt_project.dbt_utils_expression_is_true_stg_yellow_trips_total_amount___0.fb74c88371"} */
select
      count(*) as failures,
      count(*) != 0 as should_warn,
      count(*) != 0 as should_error
    from (
      



select
    1
from "taxi_db"."dbt_dev"."stg_yellow_trips"

where not(total_amount >= 0)


      
    ) dbt_internal_test
[0m18:05:23.370681 [debug] [Thread-1 (]: SQL status: SELECT 1 in 0.056 seconds
[0m18:05:23.372401 [debug] [Thread-1 (]: On test.UrbanMove_dbt_project.dbt_utils_expression_is_true_stg_yellow_trips_total_amount___0.fb74c88371: ROLLBACK
[0m18:05:23.373320 [debug] [Thread-1 (]: On test.UrbanMove_dbt_project.dbt_utils_expression_is_true_stg_yellow_trips_total_amount___0.fb74c88371: Close
[0m18:05:23.373834 [info ] [Thread-1 (]: 15 of 31 PASS dbt_utils_expression_is_true_stg_yellow_trips_total_amount___0 ... [[32mPASS[0m in 0.08s]
[0m18:05:23.374251 [debug] [Thread-1 (]: Finished running node test.UrbanMove_dbt_project.dbt_utils_expression_is_true_stg_yellow_trips_total_amount___0.fb74c88371
[0m18:05:23.374540 [debug] [Thread-1 (]: Began running node test.UrbanMove_dbt_project.dbt_utils_expression_is_true_stg_yellow_trips_trip_distance___0.589781b2f5
[0m18:05:23.374843 [info ] [Thread-1 (]: 16 of 31 START test dbt_utils_expression_is_true_stg_yellow_trips_trip_distance___0  [RUN]
[0m18:05:23.375201 [debug] [Thread-1 (]: Re-using an available connection from the pool (formerly test.UrbanMove_dbt_project.dbt_utils_expression_is_true_stg_yellow_trips_total_amount___0.fb74c88371, now test.UrbanMove_dbt_project.dbt_utils_expression_is_true_stg_yellow_trips_trip_distance___0.589781b2f5)
[0m18:05:23.375475 [debug] [Thread-1 (]: Began compiling node test.UrbanMove_dbt_project.dbt_utils_expression_is_true_stg_yellow_trips_trip_distance___0.589781b2f5
[0m18:05:23.379543 [debug] [Thread-1 (]: Writing injected SQL for node "test.UrbanMove_dbt_project.dbt_utils_expression_is_true_stg_yellow_trips_trip_distance___0.589781b2f5"
[0m18:05:23.380300 [debug] [Thread-1 (]: Began executing node test.UrbanMove_dbt_project.dbt_utils_expression_is_true_stg_yellow_trips_trip_distance___0.589781b2f5
[0m18:05:23.382096 [debug] [Thread-1 (]: Writing runtime sql for node "test.UrbanMove_dbt_project.dbt_utils_expression_is_true_stg_yellow_trips_trip_distance___0.589781b2f5"
[0m18:05:23.382790 [debug] [Thread-1 (]: Using postgres connection "test.UrbanMove_dbt_project.dbt_utils_expression_is_true_stg_yellow_trips_trip_distance___0.589781b2f5"
[0m18:05:23.383099 [debug] [Thread-1 (]: On test.UrbanMove_dbt_project.dbt_utils_expression_is_true_stg_yellow_trips_trip_distance___0.589781b2f5: BEGIN
[0m18:05:23.383373 [debug] [Thread-1 (]: Opening a new connection, currently in state closed
[0m18:05:23.390691 [debug] [Thread-1 (]: SQL status: BEGIN in 0.007 seconds
[0m18:05:23.391097 [debug] [Thread-1 (]: Using postgres connection "test.UrbanMove_dbt_project.dbt_utils_expression_is_true_stg_yellow_trips_trip_distance___0.589781b2f5"
[0m18:05:23.391378 [debug] [Thread-1 (]: On test.UrbanMove_dbt_project.dbt_utils_expression_is_true_stg_yellow_trips_trip_distance___0.589781b2f5: /* {"app": "dbt", "dbt_version": "1.8.0", "profile_name": "UrbanMove_dbt_project", "target_name": "dev", "node_id": "test.UrbanMove_dbt_project.dbt_utils_expression_is_true_stg_yellow_trips_trip_distance___0.589781b2f5"} */
select
      count(*) as failures,
      count(*) != 0 as should_warn,
      count(*) != 0 as should_error
    from (
      



select
    1
from "taxi_db"."dbt_dev"."stg_yellow_trips"

where not(trip_distance >= 0)


      
    ) dbt_internal_test
[0m18:05:23.450361 [debug] [Thread-1 (]: SQL status: SELECT 1 in 0.059 seconds
[0m18:05:23.451951 [debug] [Thread-1 (]: On test.UrbanMove_dbt_project.dbt_utils_expression_is_true_stg_yellow_trips_trip_distance___0.589781b2f5: ROLLBACK
[0m18:05:23.452896 [debug] [Thread-1 (]: On test.UrbanMove_dbt_project.dbt_utils_expression_is_true_stg_yellow_trips_trip_distance___0.589781b2f5: Close
[0m18:05:23.453412 [info ] [Thread-1 (]: 16 of 31 PASS dbt_utils_expression_is_true_stg_yellow_trips_trip_distance___0 .. [[32mPASS[0m in 0.08s]
[0m18:05:23.453838 [debug] [Thread-1 (]: Finished running node test.UrbanMove_dbt_project.dbt_utils_expression_is_true_stg_yellow_trips_trip_distance___0.589781b2f5
[0m18:05:23.454114 [debug] [Thread-1 (]: Began running node test.UrbanMove_dbt_project.not_null_stg_yellow_trips_dropoff_datetime.369e989052
[0m18:05:23.454442 [info ] [Thread-1 (]: 17 of 31 START test not_null_stg_yellow_trips_dropoff_datetime ................. [RUN]
[0m18:05:23.454812 [debug] [Thread-1 (]: Re-using an available connection from the pool (formerly test.UrbanMove_dbt_project.dbt_utils_expression_is_true_stg_yellow_trips_trip_distance___0.589781b2f5, now test.UrbanMove_dbt_project.not_null_stg_yellow_trips_dropoff_datetime.369e989052)
[0m18:05:23.455058 [debug] [Thread-1 (]: Began compiling node test.UrbanMove_dbt_project.not_null_stg_yellow_trips_dropoff_datetime.369e989052
[0m18:05:23.459058 [debug] [Thread-1 (]: Writing injected SQL for node "test.UrbanMove_dbt_project.not_null_stg_yellow_trips_dropoff_datetime.369e989052"
[0m18:05:23.459811 [debug] [Thread-1 (]: Began executing node test.UrbanMove_dbt_project.not_null_stg_yellow_trips_dropoff_datetime.369e989052
[0m18:05:23.461730 [debug] [Thread-1 (]: Writing runtime sql for node "test.UrbanMove_dbt_project.not_null_stg_yellow_trips_dropoff_datetime.369e989052"
[0m18:05:23.462270 [debug] [Thread-1 (]: Using postgres connection "test.UrbanMove_dbt_project.not_null_stg_yellow_trips_dropoff_datetime.369e989052"
[0m18:05:23.462500 [debug] [Thread-1 (]: On test.UrbanMove_dbt_project.not_null_stg_yellow_trips_dropoff_datetime.369e989052: BEGIN
[0m18:05:23.462701 [debug] [Thread-1 (]: Opening a new connection, currently in state closed
[0m18:05:23.472047 [debug] [Thread-1 (]: SQL status: BEGIN in 0.009 seconds
[0m18:05:23.472422 [debug] [Thread-1 (]: Using postgres connection "test.UrbanMove_dbt_project.not_null_stg_yellow_trips_dropoff_datetime.369e989052"
[0m18:05:23.472679 [debug] [Thread-1 (]: On test.UrbanMove_dbt_project.not_null_stg_yellow_trips_dropoff_datetime.369e989052: /* {"app": "dbt", "dbt_version": "1.8.0", "profile_name": "UrbanMove_dbt_project", "target_name": "dev", "node_id": "test.UrbanMove_dbt_project.not_null_stg_yellow_trips_dropoff_datetime.369e989052"} */
select
      count(*) as failures,
      count(*) != 0 as should_warn,
      count(*) != 0 as should_error
    from (
      
    
    



select dropoff_datetime
from "taxi_db"."dbt_dev"."stg_yellow_trips"
where dropoff_datetime is null



      
    ) dbt_internal_test
[0m18:05:23.523340 [debug] [Thread-1 (]: SQL status: SELECT 1 in 0.050 seconds
[0m18:05:23.524786 [debug] [Thread-1 (]: On test.UrbanMove_dbt_project.not_null_stg_yellow_trips_dropoff_datetime.369e989052: ROLLBACK
[0m18:05:23.525697 [debug] [Thread-1 (]: On test.UrbanMove_dbt_project.not_null_stg_yellow_trips_dropoff_datetime.369e989052: Close
[0m18:05:23.526272 [info ] [Thread-1 (]: 17 of 31 PASS not_null_stg_yellow_trips_dropoff_datetime ....................... [[32mPASS[0m in 0.07s]
[0m18:05:23.526701 [debug] [Thread-1 (]: Finished running node test.UrbanMove_dbt_project.not_null_stg_yellow_trips_dropoff_datetime.369e989052
[0m18:05:23.526983 [debug] [Thread-1 (]: Began running node test.UrbanMove_dbt_project.not_null_stg_yellow_trips_dropoff_location_id.19a28c5048
[0m18:05:23.527275 [info ] [Thread-1 (]: 18 of 31 START test not_null_stg_yellow_trips_dropoff_location_id .............. [RUN]
[0m18:05:23.527586 [debug] [Thread-1 (]: Re-using an available connection from the pool (formerly test.UrbanMove_dbt_project.not_null_stg_yellow_trips_dropoff_datetime.369e989052, now test.UrbanMove_dbt_project.not_null_stg_yellow_trips_dropoff_location_id.19a28c5048)
[0m18:05:23.527807 [debug] [Thread-1 (]: Began compiling node test.UrbanMove_dbt_project.not_null_stg_yellow_trips_dropoff_location_id.19a28c5048
[0m18:05:23.532402 [debug] [Thread-1 (]: Writing injected SQL for node "test.UrbanMove_dbt_project.not_null_stg_yellow_trips_dropoff_location_id.19a28c5048"
[0m18:05:23.533157 [debug] [Thread-1 (]: Began executing node test.UrbanMove_dbt_project.not_null_stg_yellow_trips_dropoff_location_id.19a28c5048
[0m18:05:23.534795 [debug] [Thread-1 (]: Writing runtime sql for node "test.UrbanMove_dbt_project.not_null_stg_yellow_trips_dropoff_location_id.19a28c5048"
[0m18:05:23.535367 [debug] [Thread-1 (]: Using postgres connection "test.UrbanMove_dbt_project.not_null_stg_yellow_trips_dropoff_location_id.19a28c5048"
[0m18:05:23.535651 [debug] [Thread-1 (]: On test.UrbanMove_dbt_project.not_null_stg_yellow_trips_dropoff_location_id.19a28c5048: BEGIN
[0m18:05:23.535908 [debug] [Thread-1 (]: Opening a new connection, currently in state closed
[0m18:05:23.543196 [debug] [Thread-1 (]: SQL status: BEGIN in 0.007 seconds
[0m18:05:23.543570 [debug] [Thread-1 (]: Using postgres connection "test.UrbanMove_dbt_project.not_null_stg_yellow_trips_dropoff_location_id.19a28c5048"
[0m18:05:23.543820 [debug] [Thread-1 (]: On test.UrbanMove_dbt_project.not_null_stg_yellow_trips_dropoff_location_id.19a28c5048: /* {"app": "dbt", "dbt_version": "1.8.0", "profile_name": "UrbanMove_dbt_project", "target_name": "dev", "node_id": "test.UrbanMove_dbt_project.not_null_stg_yellow_trips_dropoff_location_id.19a28c5048"} */
select
      count(*) as failures,
      count(*) != 0 as should_warn,
      count(*) != 0 as should_error
    from (
      
    
    



select dropoff_location_id
from "taxi_db"."dbt_dev"."stg_yellow_trips"
where dropoff_location_id is null



      
    ) dbt_internal_test
[0m18:05:23.604353 [debug] [Thread-1 (]: SQL status: SELECT 1 in 0.060 seconds
[0m18:05:23.605642 [debug] [Thread-1 (]: On test.UrbanMove_dbt_project.not_null_stg_yellow_trips_dropoff_location_id.19a28c5048: ROLLBACK
[0m18:05:23.606274 [debug] [Thread-1 (]: On test.UrbanMove_dbt_project.not_null_stg_yellow_trips_dropoff_location_id.19a28c5048: Close
[0m18:05:23.606798 [info ] [Thread-1 (]: 18 of 31 PASS not_null_stg_yellow_trips_dropoff_location_id .................... [[32mPASS[0m in 0.08s]
[0m18:05:23.607225 [debug] [Thread-1 (]: Finished running node test.UrbanMove_dbt_project.not_null_stg_yellow_trips_dropoff_location_id.19a28c5048
[0m18:05:23.607522 [debug] [Thread-1 (]: Began running node test.UrbanMove_dbt_project.not_null_stg_yellow_trips_passenger_count.4ff8bf000d
[0m18:05:23.607841 [info ] [Thread-1 (]: 19 of 31 START test not_null_stg_yellow_trips_passenger_count .................. [RUN]
[0m18:05:23.608191 [debug] [Thread-1 (]: Re-using an available connection from the pool (formerly test.UrbanMove_dbt_project.not_null_stg_yellow_trips_dropoff_location_id.19a28c5048, now test.UrbanMove_dbt_project.not_null_stg_yellow_trips_passenger_count.4ff8bf000d)
[0m18:05:23.608444 [debug] [Thread-1 (]: Began compiling node test.UrbanMove_dbt_project.not_null_stg_yellow_trips_passenger_count.4ff8bf000d
[0m18:05:23.612024 [debug] [Thread-1 (]: Writing injected SQL for node "test.UrbanMove_dbt_project.not_null_stg_yellow_trips_passenger_count.4ff8bf000d"
[0m18:05:23.612867 [debug] [Thread-1 (]: Began executing node test.UrbanMove_dbt_project.not_null_stg_yellow_trips_passenger_count.4ff8bf000d
[0m18:05:23.615304 [debug] [Thread-1 (]: Writing runtime sql for node "test.UrbanMove_dbt_project.not_null_stg_yellow_trips_passenger_count.4ff8bf000d"
[0m18:05:23.615854 [debug] [Thread-1 (]: Using postgres connection "test.UrbanMove_dbt_project.not_null_stg_yellow_trips_passenger_count.4ff8bf000d"
[0m18:05:23.616088 [debug] [Thread-1 (]: On test.UrbanMove_dbt_project.not_null_stg_yellow_trips_passenger_count.4ff8bf000d: BEGIN
[0m18:05:23.616296 [debug] [Thread-1 (]: Opening a new connection, currently in state closed
[0m18:05:23.623665 [debug] [Thread-1 (]: SQL status: BEGIN in 0.007 seconds
[0m18:05:23.623999 [debug] [Thread-1 (]: Using postgres connection "test.UrbanMove_dbt_project.not_null_stg_yellow_trips_passenger_count.4ff8bf000d"
[0m18:05:23.624262 [debug] [Thread-1 (]: On test.UrbanMove_dbt_project.not_null_stg_yellow_trips_passenger_count.4ff8bf000d: /* {"app": "dbt", "dbt_version": "1.8.0", "profile_name": "UrbanMove_dbt_project", "target_name": "dev", "node_id": "test.UrbanMove_dbt_project.not_null_stg_yellow_trips_passenger_count.4ff8bf000d"} */
select
      count(*) as failures,
      count(*) != 0 as should_warn,
      count(*) != 0 as should_error
    from (
      
    
    



select passenger_count
from "taxi_db"."dbt_dev"."stg_yellow_trips"
where passenger_count is null



      
    ) dbt_internal_test
[0m18:05:23.678991 [debug] [Thread-1 (]: SQL status: SELECT 1 in 0.054 seconds
[0m18:05:23.680341 [debug] [Thread-1 (]: On test.UrbanMove_dbt_project.not_null_stg_yellow_trips_passenger_count.4ff8bf000d: ROLLBACK
[0m18:05:23.681012 [debug] [Thread-1 (]: On test.UrbanMove_dbt_project.not_null_stg_yellow_trips_passenger_count.4ff8bf000d: Close
[0m18:05:23.681514 [info ] [Thread-1 (]: 19 of 31 PASS not_null_stg_yellow_trips_passenger_count ........................ [[32mPASS[0m in 0.07s]
[0m18:05:23.681936 [debug] [Thread-1 (]: Finished running node test.UrbanMove_dbt_project.not_null_stg_yellow_trips_passenger_count.4ff8bf000d
[0m18:05:23.682213 [debug] [Thread-1 (]: Began running node test.UrbanMove_dbt_project.not_null_stg_yellow_trips_pickup_datetime.069acef7ed
[0m18:05:23.682594 [info ] [Thread-1 (]: 20 of 31 START test not_null_stg_yellow_trips_pickup_datetime .................. [RUN]
[0m18:05:23.682971 [debug] [Thread-1 (]: Re-using an available connection from the pool (formerly test.UrbanMove_dbt_project.not_null_stg_yellow_trips_passenger_count.4ff8bf000d, now test.UrbanMove_dbt_project.not_null_stg_yellow_trips_pickup_datetime.069acef7ed)
[0m18:05:23.683253 [debug] [Thread-1 (]: Began compiling node test.UrbanMove_dbt_project.not_null_stg_yellow_trips_pickup_datetime.069acef7ed
[0m18:05:23.686999 [debug] [Thread-1 (]: Writing injected SQL for node "test.UrbanMove_dbt_project.not_null_stg_yellow_trips_pickup_datetime.069acef7ed"
[0m18:05:23.687741 [debug] [Thread-1 (]: Began executing node test.UrbanMove_dbt_project.not_null_stg_yellow_trips_pickup_datetime.069acef7ed
[0m18:05:23.690408 [debug] [Thread-1 (]: Writing runtime sql for node "test.UrbanMove_dbt_project.not_null_stg_yellow_trips_pickup_datetime.069acef7ed"
[0m18:05:23.691181 [debug] [Thread-1 (]: Using postgres connection "test.UrbanMove_dbt_project.not_null_stg_yellow_trips_pickup_datetime.069acef7ed"
[0m18:05:23.691580 [debug] [Thread-1 (]: On test.UrbanMove_dbt_project.not_null_stg_yellow_trips_pickup_datetime.069acef7ed: BEGIN
[0m18:05:23.691960 [debug] [Thread-1 (]: Opening a new connection, currently in state closed
[0m18:05:23.703226 [debug] [Thread-1 (]: SQL status: BEGIN in 0.011 seconds
[0m18:05:23.703662 [debug] [Thread-1 (]: Using postgres connection "test.UrbanMove_dbt_project.not_null_stg_yellow_trips_pickup_datetime.069acef7ed"
[0m18:05:23.703998 [debug] [Thread-1 (]: On test.UrbanMove_dbt_project.not_null_stg_yellow_trips_pickup_datetime.069acef7ed: /* {"app": "dbt", "dbt_version": "1.8.0", "profile_name": "UrbanMove_dbt_project", "target_name": "dev", "node_id": "test.UrbanMove_dbt_project.not_null_stg_yellow_trips_pickup_datetime.069acef7ed"} */
select
      count(*) as failures,
      count(*) != 0 as should_warn,
      count(*) != 0 as should_error
    from (
      
    
    



select pickup_datetime
from "taxi_db"."dbt_dev"."stg_yellow_trips"
where pickup_datetime is null



      
    ) dbt_internal_test
[0m18:05:23.752488 [debug] [Thread-1 (]: SQL status: SELECT 1 in 0.048 seconds
[0m18:05:23.753977 [debug] [Thread-1 (]: On test.UrbanMove_dbt_project.not_null_stg_yellow_trips_pickup_datetime.069acef7ed: ROLLBACK
[0m18:05:23.754830 [debug] [Thread-1 (]: On test.UrbanMove_dbt_project.not_null_stg_yellow_trips_pickup_datetime.069acef7ed: Close
[0m18:05:23.755432 [info ] [Thread-1 (]: 20 of 31 PASS not_null_stg_yellow_trips_pickup_datetime ........................ [[32mPASS[0m in 0.07s]
[0m18:05:23.755935 [debug] [Thread-1 (]: Finished running node test.UrbanMove_dbt_project.not_null_stg_yellow_trips_pickup_datetime.069acef7ed
[0m18:05:23.756257 [debug] [Thread-1 (]: Began running node test.UrbanMove_dbt_project.not_null_stg_yellow_trips_pickup_location_id.cf34a865b1
[0m18:05:23.756586 [info ] [Thread-1 (]: 21 of 31 START test not_null_stg_yellow_trips_pickup_location_id ............... [RUN]
[0m18:05:23.756978 [debug] [Thread-1 (]: Re-using an available connection from the pool (formerly test.UrbanMove_dbt_project.not_null_stg_yellow_trips_pickup_datetime.069acef7ed, now test.UrbanMove_dbt_project.not_null_stg_yellow_trips_pickup_location_id.cf34a865b1)
[0m18:05:23.757230 [debug] [Thread-1 (]: Began compiling node test.UrbanMove_dbt_project.not_null_stg_yellow_trips_pickup_location_id.cf34a865b1
[0m18:05:23.760914 [debug] [Thread-1 (]: Writing injected SQL for node "test.UrbanMove_dbt_project.not_null_stg_yellow_trips_pickup_location_id.cf34a865b1"
[0m18:05:23.761577 [debug] [Thread-1 (]: Began executing node test.UrbanMove_dbt_project.not_null_stg_yellow_trips_pickup_location_id.cf34a865b1
[0m18:05:23.763387 [debug] [Thread-1 (]: Writing runtime sql for node "test.UrbanMove_dbt_project.not_null_stg_yellow_trips_pickup_location_id.cf34a865b1"
[0m18:05:23.763940 [debug] [Thread-1 (]: Using postgres connection "test.UrbanMove_dbt_project.not_null_stg_yellow_trips_pickup_location_id.cf34a865b1"
[0m18:05:23.764226 [debug] [Thread-1 (]: On test.UrbanMove_dbt_project.not_null_stg_yellow_trips_pickup_location_id.cf34a865b1: BEGIN
[0m18:05:23.764480 [debug] [Thread-1 (]: Opening a new connection, currently in state closed
[0m18:05:23.772050 [debug] [Thread-1 (]: SQL status: BEGIN in 0.007 seconds
[0m18:05:23.772406 [debug] [Thread-1 (]: Using postgres connection "test.UrbanMove_dbt_project.not_null_stg_yellow_trips_pickup_location_id.cf34a865b1"
[0m18:05:23.772670 [debug] [Thread-1 (]: On test.UrbanMove_dbt_project.not_null_stg_yellow_trips_pickup_location_id.cf34a865b1: /* {"app": "dbt", "dbt_version": "1.8.0", "profile_name": "UrbanMove_dbt_project", "target_name": "dev", "node_id": "test.UrbanMove_dbt_project.not_null_stg_yellow_trips_pickup_location_id.cf34a865b1"} */
select
      count(*) as failures,
      count(*) != 0 as should_warn,
      count(*) != 0 as should_error
    from (
      
    
    



select pickup_location_id
from "taxi_db"."dbt_dev"."stg_yellow_trips"
where pickup_location_id is null



      
    ) dbt_internal_test
[0m18:05:23.832664 [debug] [Thread-1 (]: SQL status: SELECT 1 in 0.060 seconds
[0m18:05:23.835007 [debug] [Thread-1 (]: On test.UrbanMove_dbt_project.not_null_stg_yellow_trips_pickup_location_id.cf34a865b1: ROLLBACK
[0m18:05:23.835955 [debug] [Thread-1 (]: On test.UrbanMove_dbt_project.not_null_stg_yellow_trips_pickup_location_id.cf34a865b1: Close
[0m18:05:23.836539 [info ] [Thread-1 (]: 21 of 31 PASS not_null_stg_yellow_trips_pickup_location_id ..................... [[32mPASS[0m in 0.08s]
[0m18:05:23.837009 [debug] [Thread-1 (]: Finished running node test.UrbanMove_dbt_project.not_null_stg_yellow_trips_pickup_location_id.cf34a865b1
[0m18:05:23.837341 [debug] [Thread-1 (]: Began running node test.UrbanMove_dbt_project.not_null_stg_yellow_trips_trip_id.cf5e2695a1
[0m18:05:23.837705 [info ] [Thread-1 (]: 22 of 31 START test not_null_stg_yellow_trips_trip_id .......................... [RUN]
[0m18:05:23.838049 [debug] [Thread-1 (]: Re-using an available connection from the pool (formerly test.UrbanMove_dbt_project.not_null_stg_yellow_trips_pickup_location_id.cf34a865b1, now test.UrbanMove_dbt_project.not_null_stg_yellow_trips_trip_id.cf5e2695a1)
[0m18:05:23.838317 [debug] [Thread-1 (]: Began compiling node test.UrbanMove_dbt_project.not_null_stg_yellow_trips_trip_id.cf5e2695a1
[0m18:05:23.842810 [debug] [Thread-1 (]: Writing injected SQL for node "test.UrbanMove_dbt_project.not_null_stg_yellow_trips_trip_id.cf5e2695a1"
[0m18:05:23.843519 [debug] [Thread-1 (]: Began executing node test.UrbanMove_dbt_project.not_null_stg_yellow_trips_trip_id.cf5e2695a1
[0m18:05:23.845304 [debug] [Thread-1 (]: Writing runtime sql for node "test.UrbanMove_dbt_project.not_null_stg_yellow_trips_trip_id.cf5e2695a1"
[0m18:05:23.845930 [debug] [Thread-1 (]: Using postgres connection "test.UrbanMove_dbt_project.not_null_stg_yellow_trips_trip_id.cf5e2695a1"
[0m18:05:23.846224 [debug] [Thread-1 (]: On test.UrbanMove_dbt_project.not_null_stg_yellow_trips_trip_id.cf5e2695a1: BEGIN
[0m18:05:23.846473 [debug] [Thread-1 (]: Opening a new connection, currently in state closed
[0m18:05:23.853643 [debug] [Thread-1 (]: SQL status: BEGIN in 0.007 seconds
[0m18:05:23.853965 [debug] [Thread-1 (]: Using postgres connection "test.UrbanMove_dbt_project.not_null_stg_yellow_trips_trip_id.cf5e2695a1"
[0m18:05:23.854186 [debug] [Thread-1 (]: On test.UrbanMove_dbt_project.not_null_stg_yellow_trips_trip_id.cf5e2695a1: /* {"app": "dbt", "dbt_version": "1.8.0", "profile_name": "UrbanMove_dbt_project", "target_name": "dev", "node_id": "test.UrbanMove_dbt_project.not_null_stg_yellow_trips_trip_id.cf5e2695a1"} */
select
      count(*) as failures,
      count(*) != 0 as should_warn,
      count(*) != 0 as should_error
    from (
      
    
    



select trip_id
from "taxi_db"."dbt_dev"."stg_yellow_trips"
where trip_id is null



      
    ) dbt_internal_test
[0m18:05:23.960069 [debug] [Thread-1 (]: SQL status: SELECT 1 in 0.106 seconds
[0m18:05:23.962151 [debug] [Thread-1 (]: On test.UrbanMove_dbt_project.not_null_stg_yellow_trips_trip_id.cf5e2695a1: ROLLBACK
[0m18:05:23.962762 [debug] [Thread-1 (]: On test.UrbanMove_dbt_project.not_null_stg_yellow_trips_trip_id.cf5e2695a1: Close
[0m18:05:23.963243 [info ] [Thread-1 (]: 22 of 31 PASS not_null_stg_yellow_trips_trip_id ................................ [[32mPASS[0m in 0.13s]
[0m18:05:23.963773 [debug] [Thread-1 (]: Finished running node test.UrbanMove_dbt_project.not_null_stg_yellow_trips_trip_id.cf5e2695a1
[0m18:05:23.964110 [debug] [Thread-1 (]: Began running node test.UrbanMove_dbt_project.not_null_stg_yellow_trips_vendor_id.5bb8ca4a57
[0m18:05:23.964384 [info ] [Thread-1 (]: 23 of 31 START test not_null_stg_yellow_trips_vendor_id ........................ [RUN]
[0m18:05:23.964684 [debug] [Thread-1 (]: Re-using an available connection from the pool (formerly test.UrbanMove_dbt_project.not_null_stg_yellow_trips_trip_id.cf5e2695a1, now test.UrbanMove_dbt_project.not_null_stg_yellow_trips_vendor_id.5bb8ca4a57)
[0m18:05:23.964905 [debug] [Thread-1 (]: Began compiling node test.UrbanMove_dbt_project.not_null_stg_yellow_trips_vendor_id.5bb8ca4a57
[0m18:05:23.969371 [debug] [Thread-1 (]: Writing injected SQL for node "test.UrbanMove_dbt_project.not_null_stg_yellow_trips_vendor_id.5bb8ca4a57"
[0m18:05:23.970094 [debug] [Thread-1 (]: Began executing node test.UrbanMove_dbt_project.not_null_stg_yellow_trips_vendor_id.5bb8ca4a57
[0m18:05:23.972032 [debug] [Thread-1 (]: Writing runtime sql for node "test.UrbanMove_dbt_project.not_null_stg_yellow_trips_vendor_id.5bb8ca4a57"
[0m18:05:23.972600 [debug] [Thread-1 (]: Using postgres connection "test.UrbanMove_dbt_project.not_null_stg_yellow_trips_vendor_id.5bb8ca4a57"
[0m18:05:23.972815 [debug] [Thread-1 (]: On test.UrbanMove_dbt_project.not_null_stg_yellow_trips_vendor_id.5bb8ca4a57: BEGIN
[0m18:05:23.973064 [debug] [Thread-1 (]: Opening a new connection, currently in state closed
[0m18:05:23.979714 [debug] [Thread-1 (]: SQL status: BEGIN in 0.007 seconds
[0m18:05:23.980112 [debug] [Thread-1 (]: Using postgres connection "test.UrbanMove_dbt_project.not_null_stg_yellow_trips_vendor_id.5bb8ca4a57"
[0m18:05:23.980405 [debug] [Thread-1 (]: On test.UrbanMove_dbt_project.not_null_stg_yellow_trips_vendor_id.5bb8ca4a57: /* {"app": "dbt", "dbt_version": "1.8.0", "profile_name": "UrbanMove_dbt_project", "target_name": "dev", "node_id": "test.UrbanMove_dbt_project.not_null_stg_yellow_trips_vendor_id.5bb8ca4a57"} */
select
      count(*) as failures,
      count(*) != 0 as should_warn,
      count(*) != 0 as should_error
    from (
      
    
    



select vendor_id
from "taxi_db"."dbt_dev"."stg_yellow_trips"
where vendor_id is null



      
    ) dbt_internal_test
[0m18:05:24.013909 [debug] [Thread-1 (]: SQL status: SELECT 1 in 0.033 seconds
[0m18:05:24.016130 [debug] [Thread-1 (]: On test.UrbanMove_dbt_project.not_null_stg_yellow_trips_vendor_id.5bb8ca4a57: ROLLBACK
[0m18:05:24.017057 [debug] [Thread-1 (]: On test.UrbanMove_dbt_project.not_null_stg_yellow_trips_vendor_id.5bb8ca4a57: Close
[0m18:05:24.017618 [info ] [Thread-1 (]: 23 of 31 PASS not_null_stg_yellow_trips_vendor_id .............................. [[32mPASS[0m in 0.05s]
[0m18:05:24.018152 [debug] [Thread-1 (]: Finished running node test.UrbanMove_dbt_project.not_null_stg_yellow_trips_vendor_id.5bb8ca4a57
[0m18:05:24.018565 [debug] [Thread-1 (]: Began running node test.UrbanMove_dbt_project.unique_stg_yellow_trips_trip_id.a67db06965
[0m18:05:24.018887 [info ] [Thread-1 (]: 24 of 31 START test unique_stg_yellow_trips_trip_id ............................ [RUN]
[0m18:05:24.019262 [debug] [Thread-1 (]: Re-using an available connection from the pool (formerly test.UrbanMove_dbt_project.not_null_stg_yellow_trips_vendor_id.5bb8ca4a57, now test.UrbanMove_dbt_project.unique_stg_yellow_trips_trip_id.a67db06965)
[0m18:05:24.019550 [debug] [Thread-1 (]: Began compiling node test.UrbanMove_dbt_project.unique_stg_yellow_trips_trip_id.a67db06965
[0m18:05:24.025746 [debug] [Thread-1 (]: Writing injected SQL for node "test.UrbanMove_dbt_project.unique_stg_yellow_trips_trip_id.a67db06965"
[0m18:05:24.026383 [debug] [Thread-1 (]: Began executing node test.UrbanMove_dbt_project.unique_stg_yellow_trips_trip_id.a67db06965
[0m18:05:24.028855 [debug] [Thread-1 (]: Writing runtime sql for node "test.UrbanMove_dbt_project.unique_stg_yellow_trips_trip_id.a67db06965"
[0m18:05:24.029458 [debug] [Thread-1 (]: Using postgres connection "test.UrbanMove_dbt_project.unique_stg_yellow_trips_trip_id.a67db06965"
[0m18:05:24.029712 [debug] [Thread-1 (]: On test.UrbanMove_dbt_project.unique_stg_yellow_trips_trip_id.a67db06965: BEGIN
[0m18:05:24.029936 [debug] [Thread-1 (]: Opening a new connection, currently in state closed
[0m18:05:24.036471 [debug] [Thread-1 (]: SQL status: BEGIN in 0.006 seconds
[0m18:05:24.036849 [debug] [Thread-1 (]: Using postgres connection "test.UrbanMove_dbt_project.unique_stg_yellow_trips_trip_id.a67db06965"
[0m18:05:24.037121 [debug] [Thread-1 (]: On test.UrbanMove_dbt_project.unique_stg_yellow_trips_trip_id.a67db06965: /* {"app": "dbt", "dbt_version": "1.8.0", "profile_name": "UrbanMove_dbt_project", "target_name": "dev", "node_id": "test.UrbanMove_dbt_project.unique_stg_yellow_trips_trip_id.a67db06965"} */
select
      count(*) as failures,
      count(*) != 0 as should_warn,
      count(*) != 0 as should_error
    from (
      
    
    

select
    trip_id as unique_field,
    count(*) as n_records

from "taxi_db"."dbt_dev"."stg_yellow_trips"
where trip_id is not null
group by trip_id
having count(*) > 1



      
    ) dbt_internal_test
[0m18:05:25.136760 [debug] [Thread-1 (]: SQL status: SELECT 1 in 1.099 seconds
[0m18:05:25.138291 [debug] [Thread-1 (]: On test.UrbanMove_dbt_project.unique_stg_yellow_trips_trip_id.a67db06965: ROLLBACK
[0m18:05:25.138983 [debug] [Thread-1 (]: On test.UrbanMove_dbt_project.unique_stg_yellow_trips_trip_id.a67db06965: Close
[0m18:05:25.139408 [info ] [Thread-1 (]: 24 of 31 PASS unique_stg_yellow_trips_trip_id .................................. [[32mPASS[0m in 1.12s]
[0m18:05:25.139783 [debug] [Thread-1 (]: Finished running node test.UrbanMove_dbt_project.unique_stg_yellow_trips_trip_id.a67db06965
[0m18:05:25.140549 [debug] [Thread-1 (]: Began running node model.UrbanMove_dbt_project.fct_revenue_by_zone
[0m18:05:25.141184 [info ] [Thread-1 (]: 25 of 31 START sql table model dbt_dev.fct_revenue_by_zone ..................... [RUN]
[0m18:05:25.141491 [debug] [Thread-1 (]: Re-using an available connection from the pool (formerly test.UrbanMove_dbt_project.unique_stg_yellow_trips_trip_id.a67db06965, now model.UrbanMove_dbt_project.fct_revenue_by_zone)
[0m18:05:25.141699 [debug] [Thread-1 (]: Began compiling node model.UrbanMove_dbt_project.fct_revenue_by_zone
[0m18:05:25.144189 [debug] [Thread-1 (]: Writing injected SQL for node "model.UrbanMove_dbt_project.fct_revenue_by_zone"
[0m18:05:25.144849 [debug] [Thread-1 (]: Began executing node model.UrbanMove_dbt_project.fct_revenue_by_zone
[0m18:05:25.160918 [debug] [Thread-1 (]: Writing runtime sql for node "model.UrbanMove_dbt_project.fct_revenue_by_zone"
[0m18:05:25.161386 [debug] [Thread-1 (]: Using postgres connection "model.UrbanMove_dbt_project.fct_revenue_by_zone"
[0m18:05:25.161526 [debug] [Thread-1 (]: On model.UrbanMove_dbt_project.fct_revenue_by_zone: BEGIN
[0m18:05:25.161637 [debug] [Thread-1 (]: Opening a new connection, currently in state closed
[0m18:05:25.167633 [debug] [Thread-1 (]: SQL status: BEGIN in 0.006 seconds
[0m18:05:25.167820 [debug] [Thread-1 (]: Using postgres connection "model.UrbanMove_dbt_project.fct_revenue_by_zone"
[0m18:05:25.167943 [debug] [Thread-1 (]: On model.UrbanMove_dbt_project.fct_revenue_by_zone: /* {"app": "dbt", "dbt_version": "1.8.0", "profile_name": "UrbanMove_dbt_project", "target_name": "dev", "node_id": "model.UrbanMove_dbt_project.fct_revenue_by_zone"} */

  
    

  create  table "taxi_db"."dbt_dev"."fct_revenue_by_zone__dbt_tmp"
  
  
    as
  
  (
    






-- . Final transformation and output block
SELECT
    ROUND(SUM(fare_amount + tip_amount + tolls_amount + airport_fee)::numeric, 2) AS revenue,
    cast(pickup_datetime as date) AS pickup_date,
    extract(hour from pickup_datetime) AS pickup_hour,
    count(*) as trip_count,
    pickup_location_id as pickup_location_id
FROM "taxi_db"."dbt_dev"."stg_yellow_trips"
WHERE payment_type NOT IN (3, 4)
GROUP BY pickup_date, pickup_hour, pickup_location_id
ORDER BY revenue DESC
  );
  
[0m18:05:25.936264 [debug] [Thread-1 (]: SQL status: SELECT 108537 in 0.768 seconds
[0m18:05:25.939016 [debug] [Thread-1 (]: Using postgres connection "model.UrbanMove_dbt_project.fct_revenue_by_zone"
[0m18:05:25.939264 [debug] [Thread-1 (]: On model.UrbanMove_dbt_project.fct_revenue_by_zone: /* {"app": "dbt", "dbt_version": "1.8.0", "profile_name": "UrbanMove_dbt_project", "target_name": "dev", "node_id": "model.UrbanMove_dbt_project.fct_revenue_by_zone"} */
alter table "taxi_db"."dbt_dev"."fct_revenue_by_zone" rename to "fct_revenue_by_zone__dbt_backup"
[0m18:05:25.940042 [debug] [Thread-1 (]: SQL status: ALTER TABLE in 0.001 seconds
[0m18:05:25.944699 [debug] [Thread-1 (]: Using postgres connection "model.UrbanMove_dbt_project.fct_revenue_by_zone"
[0m18:05:25.945035 [debug] [Thread-1 (]: On model.UrbanMove_dbt_project.fct_revenue_by_zone: /* {"app": "dbt", "dbt_version": "1.8.0", "profile_name": "UrbanMove_dbt_project", "target_name": "dev", "node_id": "model.UrbanMove_dbt_project.fct_revenue_by_zone"} */
alter table "taxi_db"."dbt_dev"."fct_revenue_by_zone__dbt_tmp" rename to "fct_revenue_by_zone"
[0m18:05:25.945730 [debug] [Thread-1 (]: SQL status: ALTER TABLE in 0.000 seconds
[0m18:05:25.949798 [debug] [Thread-1 (]: On model.UrbanMove_dbt_project.fct_revenue_by_zone: COMMIT
[0m18:05:25.950137 [debug] [Thread-1 (]: Using postgres connection "model.UrbanMove_dbt_project.fct_revenue_by_zone"
[0m18:05:25.950412 [debug] [Thread-1 (]: On model.UrbanMove_dbt_project.fct_revenue_by_zone: COMMIT
[0m18:05:25.957557 [debug] [Thread-1 (]: SQL status: COMMIT in 0.007 seconds
[0m18:05:25.959748 [debug] [Thread-1 (]: Applying DROP to: "taxi_db"."dbt_dev"."fct_revenue_by_zone__dbt_backup"
[0m18:05:25.962320 [debug] [Thread-1 (]: Using postgres connection "model.UrbanMove_dbt_project.fct_revenue_by_zone"
[0m18:05:25.962674 [debug] [Thread-1 (]: On model.UrbanMove_dbt_project.fct_revenue_by_zone: /* {"app": "dbt", "dbt_version": "1.8.0", "profile_name": "UrbanMove_dbt_project", "target_name": "dev", "node_id": "model.UrbanMove_dbt_project.fct_revenue_by_zone"} */
drop table if exists "taxi_db"."dbt_dev"."fct_revenue_by_zone__dbt_backup" cascade
[0m18:05:25.964677 [debug] [Thread-1 (]: SQL status: DROP TABLE in 0.002 seconds
[0m18:05:25.965784 [debug] [Thread-1 (]: On model.UrbanMove_dbt_project.fct_revenue_by_zone: Close
[0m18:05:25.966222 [debug] [Thread-1 (]: Sending event: {'category': 'dbt', 'action': 'run_model', 'label': '087052a1-e6f5-41d5-84b5-cad3613318f0', 'context': [<snowplow_tracker.self_describing_json.SelfDescribingJson object at 0x10837bb70>]}
[0m18:05:25.966665 [info ] [Thread-1 (]: 25 of 31 OK created sql table model dbt_dev.fct_revenue_by_zone ................ [[32mSELECT 108537[0m in 0.82s]
[0m18:05:25.967040 [debug] [Thread-1 (]: Finished running node model.UrbanMove_dbt_project.fct_revenue_by_zone
[0m18:05:25.967616 [debug] [Thread-1 (]: Began running node test.UrbanMove_dbt_project.dbt_utils_expression_is_true_fct_revenue_by_zone_revenue___0.901a6b9c55
[0m18:05:25.967888 [info ] [Thread-1 (]: 26 of 31 START test dbt_utils_expression_is_true_fct_revenue_by_zone_revenue___0  [RUN]
[0m18:05:25.968172 [debug] [Thread-1 (]: Re-using an available connection from the pool (formerly model.UrbanMove_dbt_project.fct_revenue_by_zone, now test.UrbanMove_dbt_project.dbt_utils_expression_is_true_fct_revenue_by_zone_revenue___0.901a6b9c55)
[0m18:05:25.968388 [debug] [Thread-1 (]: Began compiling node test.UrbanMove_dbt_project.dbt_utils_expression_is_true_fct_revenue_by_zone_revenue___0.901a6b9c55
[0m18:05:25.972103 [debug] [Thread-1 (]: Writing injected SQL for node "test.UrbanMove_dbt_project.dbt_utils_expression_is_true_fct_revenue_by_zone_revenue___0.901a6b9c55"
[0m18:05:25.972698 [debug] [Thread-1 (]: Began executing node test.UrbanMove_dbt_project.dbt_utils_expression_is_true_fct_revenue_by_zone_revenue___0.901a6b9c55
[0m18:05:25.974166 [debug] [Thread-1 (]: Writing runtime sql for node "test.UrbanMove_dbt_project.dbt_utils_expression_is_true_fct_revenue_by_zone_revenue___0.901a6b9c55"
[0m18:05:25.974733 [debug] [Thread-1 (]: Using postgres connection "test.UrbanMove_dbt_project.dbt_utils_expression_is_true_fct_revenue_by_zone_revenue___0.901a6b9c55"
[0m18:05:25.974965 [debug] [Thread-1 (]: On test.UrbanMove_dbt_project.dbt_utils_expression_is_true_fct_revenue_by_zone_revenue___0.901a6b9c55: BEGIN
[0m18:05:25.975169 [debug] [Thread-1 (]: Opening a new connection, currently in state closed
[0m18:05:25.980894 [debug] [Thread-1 (]: SQL status: BEGIN in 0.006 seconds
[0m18:05:25.981161 [debug] [Thread-1 (]: Using postgres connection "test.UrbanMove_dbt_project.dbt_utils_expression_is_true_fct_revenue_by_zone_revenue___0.901a6b9c55"
[0m18:05:25.981402 [debug] [Thread-1 (]: On test.UrbanMove_dbt_project.dbt_utils_expression_is_true_fct_revenue_by_zone_revenue___0.901a6b9c55: /* {"app": "dbt", "dbt_version": "1.8.0", "profile_name": "UrbanMove_dbt_project", "target_name": "dev", "node_id": "test.UrbanMove_dbt_project.dbt_utils_expression_is_true_fct_revenue_by_zone_revenue___0.901a6b9c55"} */
select
      count(*) as failures,
      count(*) != 0 as should_warn,
      count(*) != 0 as should_error
    from (
      



select
    1
from "taxi_db"."dbt_dev"."fct_revenue_by_zone"

where not(revenue >= 0)


      
    ) dbt_internal_test
[0m18:05:25.988991 [debug] [Thread-1 (]: SQL status: SELECT 1 in 0.007 seconds
[0m18:05:25.990210 [debug] [Thread-1 (]: On test.UrbanMove_dbt_project.dbt_utils_expression_is_true_fct_revenue_by_zone_revenue___0.901a6b9c55: ROLLBACK
[0m18:05:25.990737 [debug] [Thread-1 (]: On test.UrbanMove_dbt_project.dbt_utils_expression_is_true_fct_revenue_by_zone_revenue___0.901a6b9c55: Close
[0m18:05:25.991164 [info ] [Thread-1 (]: 26 of 31 PASS dbt_utils_expression_is_true_fct_revenue_by_zone_revenue___0 ..... [[32mPASS[0m in 0.02s]
[0m18:05:25.991587 [debug] [Thread-1 (]: Finished running node test.UrbanMove_dbt_project.dbt_utils_expression_is_true_fct_revenue_by_zone_revenue___0.901a6b9c55
[0m18:05:25.991859 [debug] [Thread-1 (]: Began running node test.UrbanMove_dbt_project.not_null_fct_revenue_by_zone_pickup_date.2326fa6895
[0m18:05:25.992184 [info ] [Thread-1 (]: 27 of 31 START test not_null_fct_revenue_by_zone_pickup_date ................... [RUN]
[0m18:05:25.992520 [debug] [Thread-1 (]: Re-using an available connection from the pool (formerly test.UrbanMove_dbt_project.dbt_utils_expression_is_true_fct_revenue_by_zone_revenue___0.901a6b9c55, now test.UrbanMove_dbt_project.not_null_fct_revenue_by_zone_pickup_date.2326fa6895)
[0m18:05:25.992752 [debug] [Thread-1 (]: Began compiling node test.UrbanMove_dbt_project.not_null_fct_revenue_by_zone_pickup_date.2326fa6895
[0m18:05:25.994887 [debug] [Thread-1 (]: Writing injected SQL for node "test.UrbanMove_dbt_project.not_null_fct_revenue_by_zone_pickup_date.2326fa6895"
[0m18:05:25.995327 [debug] [Thread-1 (]: Began executing node test.UrbanMove_dbt_project.not_null_fct_revenue_by_zone_pickup_date.2326fa6895
[0m18:05:25.996406 [debug] [Thread-1 (]: Writing runtime sql for node "test.UrbanMove_dbt_project.not_null_fct_revenue_by_zone_pickup_date.2326fa6895"
[0m18:05:25.996684 [debug] [Thread-1 (]: Using postgres connection "test.UrbanMove_dbt_project.not_null_fct_revenue_by_zone_pickup_date.2326fa6895"
[0m18:05:25.996793 [debug] [Thread-1 (]: On test.UrbanMove_dbt_project.not_null_fct_revenue_by_zone_pickup_date.2326fa6895: BEGIN
[0m18:05:25.996892 [debug] [Thread-1 (]: Opening a new connection, currently in state closed
[0m18:05:26.003148 [debug] [Thread-1 (]: SQL status: BEGIN in 0.006 seconds
[0m18:05:26.003510 [debug] [Thread-1 (]: Using postgres connection "test.UrbanMove_dbt_project.not_null_fct_revenue_by_zone_pickup_date.2326fa6895"
[0m18:05:26.003747 [debug] [Thread-1 (]: On test.UrbanMove_dbt_project.not_null_fct_revenue_by_zone_pickup_date.2326fa6895: /* {"app": "dbt", "dbt_version": "1.8.0", "profile_name": "UrbanMove_dbt_project", "target_name": "dev", "node_id": "test.UrbanMove_dbt_project.not_null_fct_revenue_by_zone_pickup_date.2326fa6895"} */
select
      count(*) as failures,
      count(*) != 0 as should_warn,
      count(*) != 0 as should_error
    from (
      
    
    



select pickup_date
from "taxi_db"."dbt_dev"."fct_revenue_by_zone"
where pickup_date is null



      
    ) dbt_internal_test
[0m18:05:26.008070 [debug] [Thread-1 (]: SQL status: SELECT 1 in 0.004 seconds
[0m18:05:26.008829 [debug] [Thread-1 (]: On test.UrbanMove_dbt_project.not_null_fct_revenue_by_zone_pickup_date.2326fa6895: ROLLBACK
[0m18:05:26.009308 [debug] [Thread-1 (]: On test.UrbanMove_dbt_project.not_null_fct_revenue_by_zone_pickup_date.2326fa6895: Close
[0m18:05:26.009548 [info ] [Thread-1 (]: 27 of 31 PASS not_null_fct_revenue_by_zone_pickup_date ......................... [[32mPASS[0m in 0.02s]
[0m18:05:26.009843 [debug] [Thread-1 (]: Finished running node test.UrbanMove_dbt_project.not_null_fct_revenue_by_zone_pickup_date.2326fa6895
[0m18:05:26.009985 [debug] [Thread-1 (]: Began running node test.UrbanMove_dbt_project.not_null_fct_revenue_by_zone_pickup_hour.f75a51d0b4
[0m18:05:26.010099 [info ] [Thread-1 (]: 28 of 31 START test not_null_fct_revenue_by_zone_pickup_hour ................... [RUN]
[0m18:05:26.010274 [debug] [Thread-1 (]: Re-using an available connection from the pool (formerly test.UrbanMove_dbt_project.not_null_fct_revenue_by_zone_pickup_date.2326fa6895, now test.UrbanMove_dbt_project.not_null_fct_revenue_by_zone_pickup_hour.f75a51d0b4)
[0m18:05:26.010381 [debug] [Thread-1 (]: Began compiling node test.UrbanMove_dbt_project.not_null_fct_revenue_by_zone_pickup_hour.f75a51d0b4
[0m18:05:26.012282 [debug] [Thread-1 (]: Writing injected SQL for node "test.UrbanMove_dbt_project.not_null_fct_revenue_by_zone_pickup_hour.f75a51d0b4"
[0m18:05:26.012704 [debug] [Thread-1 (]: Began executing node test.UrbanMove_dbt_project.not_null_fct_revenue_by_zone_pickup_hour.f75a51d0b4
[0m18:05:26.013804 [debug] [Thread-1 (]: Writing runtime sql for node "test.UrbanMove_dbt_project.not_null_fct_revenue_by_zone_pickup_hour.f75a51d0b4"
[0m18:05:26.014085 [debug] [Thread-1 (]: Using postgres connection "test.UrbanMove_dbt_project.not_null_fct_revenue_by_zone_pickup_hour.f75a51d0b4"
[0m18:05:26.014204 [debug] [Thread-1 (]: On test.UrbanMove_dbt_project.not_null_fct_revenue_by_zone_pickup_hour.f75a51d0b4: BEGIN
[0m18:05:26.014316 [debug] [Thread-1 (]: Opening a new connection, currently in state closed
[0m18:05:26.019935 [debug] [Thread-1 (]: SQL status: BEGIN in 0.006 seconds
[0m18:05:26.020134 [debug] [Thread-1 (]: Using postgres connection "test.UrbanMove_dbt_project.not_null_fct_revenue_by_zone_pickup_hour.f75a51d0b4"
[0m18:05:26.020252 [debug] [Thread-1 (]: On test.UrbanMove_dbt_project.not_null_fct_revenue_by_zone_pickup_hour.f75a51d0b4: /* {"app": "dbt", "dbt_version": "1.8.0", "profile_name": "UrbanMove_dbt_project", "target_name": "dev", "node_id": "test.UrbanMove_dbt_project.not_null_fct_revenue_by_zone_pickup_hour.f75a51d0b4"} */
select
      count(*) as failures,
      count(*) != 0 as should_warn,
      count(*) != 0 as should_error
    from (
      
    
    



select pickup_hour
from "taxi_db"."dbt_dev"."fct_revenue_by_zone"
where pickup_hour is null



      
    ) dbt_internal_test
[0m18:05:26.024850 [debug] [Thread-1 (]: SQL status: SELECT 1 in 0.004 seconds
[0m18:05:26.025637 [debug] [Thread-1 (]: On test.UrbanMove_dbt_project.not_null_fct_revenue_by_zone_pickup_hour.f75a51d0b4: ROLLBACK
[0m18:05:26.026126 [debug] [Thread-1 (]: On test.UrbanMove_dbt_project.not_null_fct_revenue_by_zone_pickup_hour.f75a51d0b4: Close
[0m18:05:26.026373 [info ] [Thread-1 (]: 28 of 31 PASS not_null_fct_revenue_by_zone_pickup_hour ......................... [[32mPASS[0m in 0.02s]
[0m18:05:26.026577 [debug] [Thread-1 (]: Finished running node test.UrbanMove_dbt_project.not_null_fct_revenue_by_zone_pickup_hour.f75a51d0b4
[0m18:05:26.026722 [debug] [Thread-1 (]: Began running node test.UrbanMove_dbt_project.not_null_fct_revenue_by_zone_pickup_location_id.cc245f2f40
[0m18:05:26.026837 [info ] [Thread-1 (]: 29 of 31 START test not_null_fct_revenue_by_zone_pickup_location_id ............ [RUN]
[0m18:05:26.026973 [debug] [Thread-1 (]: Re-using an available connection from the pool (formerly test.UrbanMove_dbt_project.not_null_fct_revenue_by_zone_pickup_hour.f75a51d0b4, now test.UrbanMove_dbt_project.not_null_fct_revenue_by_zone_pickup_location_id.cc245f2f40)
[0m18:05:26.027084 [debug] [Thread-1 (]: Began compiling node test.UrbanMove_dbt_project.not_null_fct_revenue_by_zone_pickup_location_id.cc245f2f40
[0m18:05:26.028781 [debug] [Thread-1 (]: Writing injected SQL for node "test.UrbanMove_dbt_project.not_null_fct_revenue_by_zone_pickup_location_id.cc245f2f40"
[0m18:05:26.029163 [debug] [Thread-1 (]: Began executing node test.UrbanMove_dbt_project.not_null_fct_revenue_by_zone_pickup_location_id.cc245f2f40
[0m18:05:26.029928 [debug] [Thread-1 (]: Writing runtime sql for node "test.UrbanMove_dbt_project.not_null_fct_revenue_by_zone_pickup_location_id.cc245f2f40"
[0m18:05:26.030178 [debug] [Thread-1 (]: Using postgres connection "test.UrbanMove_dbt_project.not_null_fct_revenue_by_zone_pickup_location_id.cc245f2f40"
[0m18:05:26.030288 [debug] [Thread-1 (]: On test.UrbanMove_dbt_project.not_null_fct_revenue_by_zone_pickup_location_id.cc245f2f40: BEGIN
[0m18:05:26.030386 [debug] [Thread-1 (]: Opening a new connection, currently in state closed
[0m18:05:26.035888 [debug] [Thread-1 (]: SQL status: BEGIN in 0.005 seconds
[0m18:05:26.036074 [debug] [Thread-1 (]: Using postgres connection "test.UrbanMove_dbt_project.not_null_fct_revenue_by_zone_pickup_location_id.cc245f2f40"
[0m18:05:26.036191 [debug] [Thread-1 (]: On test.UrbanMove_dbt_project.not_null_fct_revenue_by_zone_pickup_location_id.cc245f2f40: /* {"app": "dbt", "dbt_version": "1.8.0", "profile_name": "UrbanMove_dbt_project", "target_name": "dev", "node_id": "test.UrbanMove_dbt_project.not_null_fct_revenue_by_zone_pickup_location_id.cc245f2f40"} */
select
      count(*) as failures,
      count(*) != 0 as should_warn,
      count(*) != 0 as should_error
    from (
      
    
    



select pickup_location_id
from "taxi_db"."dbt_dev"."fct_revenue_by_zone"
where pickup_location_id is null



      
    ) dbt_internal_test
[0m18:05:26.040682 [debug] [Thread-1 (]: SQL status: SELECT 1 in 0.004 seconds
[0m18:05:26.041368 [debug] [Thread-1 (]: On test.UrbanMove_dbt_project.not_null_fct_revenue_by_zone_pickup_location_id.cc245f2f40: ROLLBACK
[0m18:05:26.041849 [debug] [Thread-1 (]: On test.UrbanMove_dbt_project.not_null_fct_revenue_by_zone_pickup_location_id.cc245f2f40: Close
[0m18:05:26.042090 [info ] [Thread-1 (]: 29 of 31 PASS not_null_fct_revenue_by_zone_pickup_location_id .................. [[32mPASS[0m in 0.02s]
[0m18:05:26.042298 [debug] [Thread-1 (]: Finished running node test.UrbanMove_dbt_project.not_null_fct_revenue_by_zone_pickup_location_id.cc245f2f40
[0m18:05:26.042443 [debug] [Thread-1 (]: Began running node test.UrbanMove_dbt_project.not_null_fct_revenue_by_zone_revenue.6ed8048125
[0m18:05:26.042747 [info ] [Thread-1 (]: 30 of 31 START test not_null_fct_revenue_by_zone_revenue ....................... [RUN]
[0m18:05:26.043156 [debug] [Thread-1 (]: Re-using an available connection from the pool (formerly test.UrbanMove_dbt_project.not_null_fct_revenue_by_zone_pickup_location_id.cc245f2f40, now test.UrbanMove_dbt_project.not_null_fct_revenue_by_zone_revenue.6ed8048125)
[0m18:05:26.043287 [debug] [Thread-1 (]: Began compiling node test.UrbanMove_dbt_project.not_null_fct_revenue_by_zone_revenue.6ed8048125
[0m18:05:26.045668 [debug] [Thread-1 (]: Writing injected SQL for node "test.UrbanMove_dbt_project.not_null_fct_revenue_by_zone_revenue.6ed8048125"
[0m18:05:26.046201 [debug] [Thread-1 (]: Began executing node test.UrbanMove_dbt_project.not_null_fct_revenue_by_zone_revenue.6ed8048125
[0m18:05:26.047035 [debug] [Thread-1 (]: Writing runtime sql for node "test.UrbanMove_dbt_project.not_null_fct_revenue_by_zone_revenue.6ed8048125"
[0m18:05:26.047292 [debug] [Thread-1 (]: Using postgres connection "test.UrbanMove_dbt_project.not_null_fct_revenue_by_zone_revenue.6ed8048125"
[0m18:05:26.047400 [debug] [Thread-1 (]: On test.UrbanMove_dbt_project.not_null_fct_revenue_by_zone_revenue.6ed8048125: BEGIN
[0m18:05:26.047503 [debug] [Thread-1 (]: Opening a new connection, currently in state closed
[0m18:05:26.054548 [debug] [Thread-1 (]: SQL status: BEGIN in 0.007 seconds
[0m18:05:26.054724 [debug] [Thread-1 (]: Using postgres connection "test.UrbanMove_dbt_project.not_null_fct_revenue_by_zone_revenue.6ed8048125"
[0m18:05:26.054833 [debug] [Thread-1 (]: On test.UrbanMove_dbt_project.not_null_fct_revenue_by_zone_revenue.6ed8048125: /* {"app": "dbt", "dbt_version": "1.8.0", "profile_name": "UrbanMove_dbt_project", "target_name": "dev", "node_id": "test.UrbanMove_dbt_project.not_null_fct_revenue_by_zone_revenue.6ed8048125"} */
select
      count(*) as failures,
      count(*) != 0 as should_warn,
      count(*) != 0 as should_error
    from (
      
    
    



select revenue
from "taxi_db"."dbt_dev"."fct_revenue_by_zone"
where revenue is null



      
    ) dbt_internal_test
[0m18:05:26.058902 [debug] [Thread-1 (]: SQL status: SELECT 1 in 0.004 seconds
[0m18:05:26.059633 [debug] [Thread-1 (]: On test.UrbanMove_dbt_project.not_null_fct_revenue_by_zone_revenue.6ed8048125: ROLLBACK
[0m18:05:26.060065 [debug] [Thread-1 (]: On test.UrbanMove_dbt_project.not_null_fct_revenue_by_zone_revenue.6ed8048125: Close
[0m18:05:26.060311 [info ] [Thread-1 (]: 30 of 31 PASS not_null_fct_revenue_by_zone_revenue ............................. [[32mPASS[0m in 0.02s]
[0m18:05:26.060621 [debug] [Thread-1 (]: Finished running node test.UrbanMove_dbt_project.not_null_fct_revenue_by_zone_revenue.6ed8048125
[0m18:05:26.060756 [debug] [Thread-1 (]: Began running node test.UrbanMove_dbt_project.not_null_fct_revenue_by_zone_trip_count.b7e39735b4
[0m18:05:26.060860 [info ] [Thread-1 (]: 31 of 31 START test not_null_fct_revenue_by_zone_trip_count .................... [RUN]
[0m18:05:26.061026 [debug] [Thread-1 (]: Re-using an available connection from the pool (formerly test.UrbanMove_dbt_project.not_null_fct_revenue_by_zone_revenue.6ed8048125, now test.UrbanMove_dbt_project.not_null_fct_revenue_by_zone_trip_count.b7e39735b4)
[0m18:05:26.061127 [debug] [Thread-1 (]: Began compiling node test.UrbanMove_dbt_project.not_null_fct_revenue_by_zone_trip_count.b7e39735b4
[0m18:05:26.063026 [debug] [Thread-1 (]: Writing injected SQL for node "test.UrbanMove_dbt_project.not_null_fct_revenue_by_zone_trip_count.b7e39735b4"
[0m18:05:26.063384 [debug] [Thread-1 (]: Began executing node test.UrbanMove_dbt_project.not_null_fct_revenue_by_zone_trip_count.b7e39735b4
[0m18:05:26.064179 [debug] [Thread-1 (]: Writing runtime sql for node "test.UrbanMove_dbt_project.not_null_fct_revenue_by_zone_trip_count.b7e39735b4"
[0m18:05:26.064421 [debug] [Thread-1 (]: Using postgres connection "test.UrbanMove_dbt_project.not_null_fct_revenue_by_zone_trip_count.b7e39735b4"
[0m18:05:26.064516 [debug] [Thread-1 (]: On test.UrbanMove_dbt_project.not_null_fct_revenue_by_zone_trip_count.b7e39735b4: BEGIN
[0m18:05:26.064608 [debug] [Thread-1 (]: Opening a new connection, currently in state closed
[0m18:05:26.070679 [debug] [Thread-1 (]: SQL status: BEGIN in 0.006 seconds
[0m18:05:26.070825 [debug] [Thread-1 (]: Using postgres connection "test.UrbanMove_dbt_project.not_null_fct_revenue_by_zone_trip_count.b7e39735b4"
[0m18:05:26.070929 [debug] [Thread-1 (]: On test.UrbanMove_dbt_project.not_null_fct_revenue_by_zone_trip_count.b7e39735b4: /* {"app": "dbt", "dbt_version": "1.8.0", "profile_name": "UrbanMove_dbt_project", "target_name": "dev", "node_id": "test.UrbanMove_dbt_project.not_null_fct_revenue_by_zone_trip_count.b7e39735b4"} */
select
      count(*) as failures,
      count(*) != 0 as should_warn,
      count(*) != 0 as should_error
    from (
      
    
    



select trip_count
from "taxi_db"."dbt_dev"."fct_revenue_by_zone"
where trip_count is null



      
    ) dbt_internal_test
[0m18:05:26.075324 [debug] [Thread-1 (]: SQL status: SELECT 1 in 0.004 seconds
[0m18:05:26.076035 [debug] [Thread-1 (]: On test.UrbanMove_dbt_project.not_null_fct_revenue_by_zone_trip_count.b7e39735b4: ROLLBACK
[0m18:05:26.076462 [debug] [Thread-1 (]: On test.UrbanMove_dbt_project.not_null_fct_revenue_by_zone_trip_count.b7e39735b4: Close
[0m18:05:26.076709 [info ] [Thread-1 (]: 31 of 31 PASS not_null_fct_revenue_by_zone_trip_count .......................... [[32mPASS[0m in 0.02s]
[0m18:05:26.076922 [debug] [Thread-1 (]: Finished running node test.UrbanMove_dbt_project.not_null_fct_revenue_by_zone_trip_count.b7e39735b4
[0m18:05:26.077798 [debug] [MainThread]: Using postgres connection "master"
[0m18:05:26.077917 [debug] [MainThread]: On master: BEGIN
[0m18:05:26.078008 [debug] [MainThread]: Opening a new connection, currently in state closed
[0m18:05:26.083162 [debug] [MainThread]: SQL status: BEGIN in 0.005 seconds
[0m18:05:26.083328 [debug] [MainThread]: On master: COMMIT
[0m18:05:26.083418 [debug] [MainThread]: Using postgres connection "master"
[0m18:05:26.083502 [debug] [MainThread]: On master: COMMIT
[0m18:05:26.083758 [debug] [MainThread]: SQL status: COMMIT in 0.000 seconds
[0m18:05:26.083850 [debug] [MainThread]: On master: Close
[0m18:05:26.083996 [debug] [MainThread]: Connection 'master' was properly closed.
[0m18:05:26.084076 [debug] [MainThread]: Connection 'test.UrbanMove_dbt_project.not_null_fct_revenue_by_zone_trip_count.b7e39735b4' was properly closed.
[0m18:05:26.084206 [info ] [MainThread]: 
[0m18:05:26.084308 [info ] [MainThread]: Finished running 29 data tests, 1 view model, 1 table model in 0 hours 0 minutes and 4.85 seconds (4.85s).
[0m18:05:26.086008 [debug] [MainThread]: Command end result
[0m18:05:26.104094 [info ] [MainThread]: 
[0m18:05:26.104291 [info ] [MainThread]: [32mCompleted successfully[0m
[0m18:05:26.104396 [info ] [MainThread]: 
[0m18:05:26.104498 [info ] [MainThread]: Done. PASS=31 WARN=0 ERROR=0 SKIP=0 TOTAL=31
[0m18:05:26.106194 [debug] [MainThread]: Resource report: {"command_name": "build", "command_success": true, "command_wall_clock_time": 5.689764, "process_user_time": 1.72644, "process_kernel_time": 0.203129, "process_mem_max_rss": "143556608", "process_in_blocks": "0", "process_out_blocks": "0"}
[0m18:05:26.106408 [debug] [MainThread]: Command `dbt build` succeeded at 18:05:26.106364 after 5.69 seconds
[0m18:05:26.106554 [debug] [MainThread]: Sending event: {'category': 'dbt', 'action': 'invocation', 'label': 'end', 'context': [<snowplow_tracker.self_describing_json.SelfDescribingJson object at 0x108893a70>, <snowplow_tracker.self_describing_json.SelfDescribingJson object at 0x1088a34a0>, <snowplow_tracker.self_describing_json.SelfDescribingJson object at 0x106fa0950>]}
[0m18:05:26.106703 [debug] [MainThread]: Flushing usage events
