[2026-06-27T23:02:28.636+0000] {manager.py:470} INFO - Processing files using up to 2 processes at a time 
[2026-06-27T23:02:28.637+0000] {manager.py:471} INFO - Process each file at most once every 30 seconds
[2026-06-27T23:02:28.637+0000] {manager.py:472} INFO - Checking for new files in /opt/airflow/dags every 300 seconds
[2026-06-27T23:02:28.637+0000] {manager.py:737} INFO - Searching for files in /opt/airflow/dags
[2026-06-27T23:02:28.638+0000] {manager.py:740} INFO - There are 0 files in /opt/airflow/dags
[2026-06-27T23:07:29.162+0000] {manager.py:737} INFO - Searching for files in /opt/airflow/dags
[2026-06-27T23:07:29.183+0000] {manager.py:740} INFO - There are 0 files in /opt/airflow/dags
[2026-06-27T23:12:29.874+0000] {manager.py:737} INFO - Searching for files in /opt/airflow/dags
[2026-06-27T23:12:29.896+0000] {manager.py:740} INFO - There are 0 files in /opt/airflow/dags
[2026-06-27T23:17:30.484+0000] {manager.py:737} INFO - Searching for files in /opt/airflow/dags
[2026-06-27T23:17:30.507+0000] {manager.py:740} INFO - There are 1 files in /opt/airflow/dags
[2026-06-27T23:17:33.568+0000] {manager.py:878} INFO - 
================================================================================
DAG File Processing Stats

File Path                               PID    Runtime      # DAGs    # Errors  Last Runtime    Last Run
--------------------------------------  -----  ---------  --------  ----------  --------------  -------------------
/opt/airflow/dags/urbanmove_nightly.py                           1           0  0.16s           2026-06-27T23:17:30
================================================================================
[2026-06-27T23:18:03.759+0000] {manager.py:878} INFO - 
================================================================================
DAG File Processing Stats

File Path                               PID    Runtime      # DAGs    # Errors  Last Runtime    Last Run
--------------------------------------  -----  ---------  --------  ----------  --------------  -------------------
/opt/airflow/dags/urbanmove_nightly.py                           1           0  0.07s           2026-06-27T23:18:00
================================================================================
[2026-06-27T23:18:33.963+0000] {manager.py:878} INFO - 
================================================================================
DAG File Processing Stats

File Path                               PID    Runtime      # DAGs    # Errors  Last Runtime    Last Run
--------------------------------------  -----  ---------  --------  ----------  --------------  -------------------
/opt/airflow/dags/urbanmove_nightly.py                           1           0  0.07s           2026-06-27T23:18:30
================================================================================
[2026-06-27T23:19:04.152+0000] {manager.py:878} INFO - 
================================================================================
DAG File Processing Stats

File Path                               PID    Runtime      # DAGs    # Errors  Last Runtime    Last Run
--------------------------------------  -----  ---------  --------  ----------  --------------  -------------------
/opt/airflow/dags/urbanmove_nightly.py                           1           0  0.09s           2026-06-27T23:19:01
================================================================================
[2026-06-27T23:19:34.353+0000] {manager.py:878} INFO - 
================================================================================
DAG File Processing Stats

File Path                               PID    Runtime      # DAGs    # Errors  Last Runtime    Last Run
--------------------------------------  -----  ---------  --------  ----------  --------------  -------------------
/opt/airflow/dags/urbanmove_nightly.py                           1           0  0.07s           2026-06-27T23:19:31
================================================================================
[2026-06-27T23:20:04.560+0000] {manager.py:878} INFO - 
================================================================================
DAG File Processing Stats

File Path                               PID    Runtime      # DAGs    # Errors  Last Runtime    Last Run
--------------------------------------  -----  ---------  --------  ----------  --------------  -------------------
/opt/airflow/dags/urbanmove_nightly.py                           1           0  0.08s           2026-06-27T23:20:01
================================================================================
[2026-06-27T23:20:34.754+0000] {manager.py:878} INFO - 
================================================================================
DAG File Processing Stats

File Path                               PID    Runtime      # DAGs    # Errors  Last Runtime    Last Run
--------------------------------------  -----  ---------  --------  ----------  --------------  -------------------
/opt/airflow/dags/urbanmove_nightly.py                           1           0  0.06s           2026-06-27T23:20:31
================================================================================
[2026-06-27T23:21:04.958+0000] {manager.py:878} INFO - 
================================================================================
DAG File Processing Stats

File Path                               PID    Runtime      # DAGs    # Errors  Last Runtime    Last Run
--------------------------------------  -----  ---------  --------  ----------  --------------  -------------------
/opt/airflow/dags/urbanmove_nightly.py                           1           0  0.08s           2026-06-27T23:21:02
================================================================================
[2026-06-27T23:21:35.146+0000] {manager.py:878} INFO - 
================================================================================
DAG File Processing Stats

File Path                               PID    Runtime      # DAGs    # Errors  Last Runtime    Last Run
--------------------------------------  -----  ---------  --------  ----------  --------------  -------------------
/opt/airflow/dags/urbanmove_nightly.py                           1           0  0.06s           2026-06-27T23:21:32
================================================================================
[2026-06-27T23:22:05.345+0000] {manager.py:878} INFO - 
================================================================================
DAG File Processing Stats

File Path                               PID    Runtime      # DAGs    # Errors  Last Runtime    Last Run
--------------------------------------  -----  ---------  --------  ----------  --------------  -------------------
/opt/airflow/dags/urbanmove_nightly.py                           1           0  0.06s           2026-06-27T23:22:02
================================================================================
[2026-06-27T23:22:30.498+0000] {manager.py:737} INFO - Searching for files in /opt/airflow/dags
[2026-06-27T23:22:30.537+0000] {manager.py:740} INFO - There are 1 files in /opt/airflow/dags
[2026-06-27T23:22:35.581+0000] {manager.py:878} INFO - 
================================================================================
DAG File Processing Stats

File Path                               PID    Runtime      # DAGs    # Errors  Last Runtime    Last Run
--------------------------------------  -----  ---------  --------  ----------  --------------  -------------------
/opt/airflow/dags/urbanmove_nightly.py                           1           0  0.05s           2026-06-27T23:22:32
================================================================================
[2026-06-27T23:23:05.758+0000] {manager.py:878} INFO - 
================================================================================
DAG File Processing Stats

File Path                               PID    Runtime      # DAGs    # Errors  Last Runtime    Last Run
--------------------------------------  -----  ---------  --------  ----------  --------------  -------------------
/opt/airflow/dags/urbanmove_nightly.py                           1           0  0.05s           2026-06-27T23:23:02
================================================================================
[2026-06-27T23:23:35.954+0000] {manager.py:878} INFO - 
================================================================================
DAG File Processing Stats

File Path                               PID    Runtime      # DAGs    # Errors  Last Runtime    Last Run
--------------------------------------  -----  ---------  --------  ----------  --------------  -------------------
/opt/airflow/dags/urbanmove_nightly.py                           1           0  0.06s           2026-06-27T23:23:32
================================================================================
[2026-06-27T23:24:06.159+0000] {manager.py:878} INFO - 
================================================================================
DAG File Processing Stats

File Path                               PID    Runtime      # DAGs    # Errors  Last Runtime    Last Run
--------------------------------------  -----  ---------  --------  ----------  --------------  -------------------
/opt/airflow/dags/urbanmove_nightly.py                           1           0  0.07s           2026-06-27T23:24:03
================================================================================
[2026-06-27T23:24:36.346+0000] {manager.py:878} INFO - 
================================================================================
DAG File Processing Stats

File Path                               PID    Runtime      # DAGs    # Errors  Last Runtime    Last Run
--------------------------------------  -----  ---------  --------  ----------  --------------  -------------------
/opt/airflow/dags/urbanmove_nightly.py                           1           0  0.04s           2026-06-27T23:24:33
================================================================================
[2026-06-27T23:25:06.535+0000] {manager.py:878} INFO - 
================================================================================
DAG File Processing Stats

File Path                               PID    Runtime      # DAGs    # Errors  Last Runtime    Last Run
--------------------------------------  -----  ---------  --------  ----------  --------------  -------------------
/opt/airflow/dags/urbanmove_nightly.py                           1           0  0.07s           2026-06-27T23:25:03
================================================================================
[2026-06-27T23:25:36.729+0000] {manager.py:878} INFO - 
================================================================================
DAG File Processing Stats

File Path                               PID    Runtime      # DAGs    # Errors  Last Runtime    Last Run
--------------------------------------  -----  ---------  --------  ----------  --------------  -------------------
/opt/airflow/dags/urbanmove_nightly.py                           1           0  0.05s           2026-06-27T23:25:33
================================================================================
[2026-06-27T23:26:06.906+0000] {manager.py:878} INFO - 
================================================================================
DAG File Processing Stats

File Path                               PID    Runtime      # DAGs    # Errors  Last Runtime    Last Run
--------------------------------------  -----  ---------  --------  ----------  --------------  -------------------
/opt/airflow/dags/urbanmove_nightly.py                           1           0  0.05s           2026-06-27T23:26:03
================================================================================
[2026-06-27T23:26:37.081+0000] {manager.py:878} INFO - 
================================================================================
DAG File Processing Stats

File Path                               PID    Runtime      # DAGs    # Errors  Last Runtime    Last Run
--------------------------------------  -----  ---------  --------  ----------  --------------  -------------------
/opt/airflow/dags/urbanmove_nightly.py                           1           0  0.05s           2026-06-27T23:26:34
================================================================================
[2026-06-27T23:27:07.280+0000] {manager.py:878} INFO - 
================================================================================
DAG File Processing Stats

File Path                               PID    Runtime      # DAGs    # Errors  Last Runtime    Last Run
--------------------------------------  -----  ---------  --------  ----------  --------------  -------------------
/opt/airflow/dags/urbanmove_nightly.py                           1           0  0.06s           2026-06-27T23:27:04
================================================================================
[2026-06-27T23:27:31.415+0000] {manager.py:737} INFO - Searching for files in /opt/airflow/dags
[2026-06-27T23:27:31.439+0000] {manager.py:740} INFO - There are 1 files in /opt/airflow/dags
[2026-06-27T23:27:37.505+0000] {manager.py:878} INFO - 
================================================================================
DAG File Processing Stats

File Path                               PID    Runtime      # DAGs    # Errors  Last Runtime    Last Run
--------------------------------------  -----  ---------  --------  ----------  --------------  -------------------
/opt/airflow/dags/urbanmove_nightly.py                           1           0  0.07s           2026-06-27T23:27:34
================================================================================
[2026-06-27T23:28:07.698+0000] {manager.py:878} INFO - 
================================================================================
DAG File Processing Stats

File Path                               PID    Runtime      # DAGs    # Errors  Last Runtime    Last Run
--------------------------------------  -----  ---------  --------  ----------  --------------  -------------------
/opt/airflow/dags/urbanmove_nightly.py                           1           0  0.06s           2026-06-27T23:28:04
================================================================================
[2026-06-27T23:28:37.894+0000] {manager.py:878} INFO - 
================================================================================
DAG File Processing Stats

File Path                               PID    Runtime      # DAGs    # Errors  Last Runtime    Last Run
--------------------------------------  -----  ---------  --------  ----------  --------------  -------------------
/opt/airflow/dags/urbanmove_nightly.py                           1           0  0.06s           2026-06-27T23:28:34
================================================================================
[2026-06-27T23:29:08.115+0000] {manager.py:878} INFO - 
================================================================================
DAG File Processing Stats

File Path                               PID    Runtime      # DAGs    # Errors  Last Runtime    Last Run
--------------------------------------  -----  ---------  --------  ----------  --------------  -------------------
/opt/airflow/dags/urbanmove_nightly.py                           1           0  0.06s           2026-06-27T23:29:05
================================================================================
[2026-06-27T23:29:38.323+0000] {manager.py:878} INFO - 
================================================================================
DAG File Processing Stats

File Path                               PID    Runtime      # DAGs    # Errors  Last Runtime    Last Run
--------------------------------------  -----  ---------  --------  ----------  --------------  -------------------
/opt/airflow/dags/urbanmove_nightly.py                           1           0  0.06s           2026-06-27T23:29:35
================================================================================
[2026-06-27T23:30:08.515+0000] {manager.py:878} INFO - 
================================================================================
DAG File Processing Stats

File Path                               PID    Runtime      # DAGs    # Errors  Last Runtime    Last Run
--------------------------------------  -----  ---------  --------  ----------  --------------  -------------------
/opt/airflow/dags/urbanmove_nightly.py                           1           0  0.13s           2026-06-27T23:30:05
================================================================================
[2026-06-27T23:30:38.681+0000] {manager.py:878} INFO - 
================================================================================
DAG File Processing Stats

File Path                               PID    Runtime      # DAGs    # Errors  Last Runtime    Last Run
--------------------------------------  -----  ---------  --------  ----------  --------------  -------------------
/opt/airflow/dags/urbanmove_nightly.py                           1           0  0.07s           2026-06-27T23:30:35
================================================================================
[2026-06-27T23:31:08.886+0000] {manager.py:878} INFO - 
================================================================================
DAG File Processing Stats

File Path                               PID    Runtime      # DAGs    # Errors  Last Runtime    Last Run
--------------------------------------  -----  ---------  --------  ----------  --------------  -------------------
/opt/airflow/dags/urbanmove_nightly.py                           1           0  0.06s           2026-06-27T23:31:05
================================================================================
[2026-06-27T23:31:39.115+0000] {manager.py:878} INFO - 
================================================================================
DAG File Processing Stats

File Path                               PID    Runtime      # DAGs    # Errors  Last Runtime    Last Run
--------------------------------------  -----  ---------  --------  ----------  --------------  -------------------
/opt/airflow/dags/urbanmove_nightly.py                           1           0  0.05s           2026-06-27T23:31:36
================================================================================
[2026-06-27T23:32:09.336+0000] {manager.py:878} INFO - 
================================================================================
DAG File Processing Stats

File Path                               PID    Runtime      # DAGs    # Errors  Last Runtime    Last Run
--------------------------------------  -----  ---------  --------  ----------  --------------  -------------------
/opt/airflow/dags/urbanmove_nightly.py                           1           0  0.17s           2026-06-27T23:32:06
================================================================================
[2026-06-27T23:32:31.491+0000] {manager.py:737} INFO - Searching for files in /opt/airflow/dags
[2026-06-27T23:32:31.496+0000] {manager.py:740} INFO - There are 1 files in /opt/airflow/dags
[2026-06-27T23:32:39.565+0000] {manager.py:878} INFO - 
================================================================================
DAG File Processing Stats

File Path                               PID    Runtime      # DAGs    # Errors  Last Runtime    Last Run
--------------------------------------  -----  ---------  --------  ----------  --------------  -------------------
/opt/airflow/dags/urbanmove_nightly.py                           1           0  0.07s           2026-06-27T23:32:36
================================================================================
[2026-06-27T23:33:09.751+0000] {manager.py:878} INFO - 
================================================================================
DAG File Processing Stats

File Path                               PID    Runtime      # DAGs    # Errors  Last Runtime    Last Run
--------------------------------------  -----  ---------  --------  ----------  --------------  -------------------
/opt/airflow/dags/urbanmove_nightly.py                           1           0  0.07s           2026-06-27T23:33:06
================================================================================
[2026-06-27T23:33:39.953+0000] {manager.py:878} INFO - 
================================================================================
DAG File Processing Stats

File Path                               PID    Runtime      # DAGs    # Errors  Last Runtime    Last Run
--------------------------------------  -----  ---------  --------  ----------  --------------  -------------------
/opt/airflow/dags/urbanmove_nightly.py                           1           0  0.06s           2026-06-27T23:33:36
================================================================================
[2026-06-27T23:34:10.177+0000] {manager.py:878} INFO - 
================================================================================
DAG File Processing Stats

File Path                               PID    Runtime      # DAGs    # Errors  Last Runtime    Last Run
--------------------------------------  -----  ---------  --------  ----------  --------------  -------------------
/opt/airflow/dags/urbanmove_nightly.py                           1           0  0.06s           2026-06-27T23:34:07
================================================================================
[2026-06-27T23:34:40.423+0000] {manager.py:878} INFO - 
================================================================================
DAG File Processing Stats

File Path                               PID    Runtime      # DAGs    # Errors  Last Runtime    Last Run
--------------------------------------  -----  ---------  --------  ----------  --------------  -------------------
/opt/airflow/dags/urbanmove_nightly.py                           1           0  0.06s           2026-06-27T23:34:37
================================================================================
[2026-06-27T23:35:10.627+0000] {manager.py:878} INFO - 
================================================================================
DAG File Processing Stats

File Path                               PID    Runtime      # DAGs    # Errors  Last Runtime    Last Run
--------------------------------------  -----  ---------  --------  ----------  --------------  -------------------
/opt/airflow/dags/urbanmove_nightly.py                           1           0  0.05s           2026-06-27T23:35:07
================================================================================
[2026-06-27T23:35:40.812+0000] {manager.py:878} INFO - 
================================================================================
DAG File Processing Stats

File Path                               PID    Runtime      # DAGs    # Errors  Last Runtime    Last Run
--------------------------------------  -----  ---------  --------  ----------  --------------  -------------------
/opt/airflow/dags/urbanmove_nightly.py                           1           0  0.06s           2026-06-27T23:35:37
================================================================================
[2026-06-27T23:36:11.013+0000] {manager.py:878} INFO - 
================================================================================
DAG File Processing Stats

File Path                               PID    Runtime      # DAGs    # Errors  Last Runtime    Last Run
--------------------------------------  -----  ---------  --------  ----------  --------------  -------------------
/opt/airflow/dags/urbanmove_nightly.py                           1           0  0.07s           2026-06-27T23:36:08
================================================================================
[2026-06-27T23:36:41.187+0000] {manager.py:878} INFO - 
================================================================================
DAG File Processing Stats

File Path                               PID    Runtime      # DAGs    # Errors  Last Runtime    Last Run
--------------------------------------  -----  ---------  --------  ----------  --------------  -------------------
/opt/airflow/dags/urbanmove_nightly.py                           1           0  0.05s           2026-06-27T23:36:38
================================================================================
[2026-06-27T23:37:11.411+0000] {manager.py:878} INFO - 
================================================================================
DAG File Processing Stats

File Path                               PID    Runtime      # DAGs    # Errors  Last Runtime    Last Run
--------------------------------------  -----  ---------  --------  ----------  --------------  -------------------
/opt/airflow/dags/urbanmove_nightly.py                           1           0  0.08s           2026-06-27T23:37:08
================================================================================
[2026-06-27T23:37:31.532+0000] {manager.py:737} INFO - Searching for files in /opt/airflow/dags
[2026-06-27T23:37:31.554+0000] {manager.py:740} INFO - There are 1 files in /opt/airflow/dags
[2026-06-27T23:37:41.638+0000] {manager.py:878} INFO - 
================================================================================
DAG File Processing Stats

File Path                               PID    Runtime      # DAGs    # Errors  Last Runtime    Last Run
--------------------------------------  -----  ---------  --------  ----------  --------------  -------------------
/opt/airflow/dags/urbanmove_nightly.py                           1           0  0.07s           2026-06-27T23:37:38
================================================================================
[2026-06-27T23:38:11.855+0000] {manager.py:878} INFO - 
================================================================================
DAG File Processing Stats

File Path                               PID    Runtime      # DAGs    # Errors  Last Runtime    Last Run
--------------------------------------  -----  ---------  --------  ----------  --------------  -------------------
/opt/airflow/dags/urbanmove_nightly.py                           1           0  0.06s           2026-06-27T23:38:08
================================================================================
[2026-06-27T23:38:42.092+0000] {manager.py:878} INFO - 
================================================================================
DAG File Processing Stats

File Path                               PID    Runtime      # DAGs    # Errors  Last Runtime    Last Run
--------------------------------------  -----  ---------  --------  ----------  --------------  -------------------
/opt/airflow/dags/urbanmove_nightly.py                           1           0  0.07s           2026-06-27T23:38:39
================================================================================
[2026-06-27T23:39:12.315+0000] {manager.py:878} INFO - 
================================================================================
DAG File Processing Stats

File Path                               PID    Runtime      # DAGs    # Errors  Last Runtime    Last Run
--------------------------------------  -----  ---------  --------  ----------  --------------  -------------------
/opt/airflow/dags/urbanmove_nightly.py                           1           0  0.06s           2026-06-27T23:39:09
================================================================================
[2026-06-27T23:39:42.527+0000] {manager.py:878} INFO - 
================================================================================
DAG File Processing Stats

File Path                               PID    Runtime      # DAGs    # Errors  Last Runtime    Last Run
--------------------------------------  -----  ---------  --------  ----------  --------------  -------------------
/opt/airflow/dags/urbanmove_nightly.py                           1           0  0.06s           2026-06-27T23:39:39
================================================================================
[2026-06-27T23:40:12.808+0000] {manager.py:878} INFO - 
================================================================================
DAG File Processing Stats

File Path                               PID    Runtime      # DAGs    # Errors  Last Runtime    Last Run
--------------------------------------  -----  ---------  --------  ----------  --------------  -------------------
/opt/airflow/dags/urbanmove_nightly.py                           1           0  0.07s           2026-06-27T23:40:09
================================================================================
[2026-06-27T23:40:43.011+0000] {manager.py:878} INFO - 
================================================================================
DAG File Processing Stats

File Path                               PID    Runtime      # DAGs    # Errors  Last Runtime    Last Run
--------------------------------------  -----  ---------  --------  ----------  --------------  -------------------
/opt/airflow/dags/urbanmove_nightly.py                           1           0  0.07s           2026-06-27T23:40:40
================================================================================
[2026-06-27T23:41:13.219+0000] {manager.py:878} INFO - 
================================================================================
DAG File Processing Stats

File Path                               PID    Runtime      # DAGs    # Errors  Last Runtime    Last Run
--------------------------------------  -----  ---------  --------  ----------  --------------  -------------------
/opt/airflow/dags/urbanmove_nightly.py                           1           0  0.06s           2026-06-27T23:41:10
================================================================================
[2026-06-27T23:41:44.068+0000] {manager.py:878} INFO - 
================================================================================
DAG File Processing Stats

File Path                               PID    Runtime      # DAGs    # Errors  Last Runtime    Last Run
--------------------------------------  -----  ---------  --------  ----------  --------------  -------------------
/opt/airflow/dags/urbanmove_nightly.py                           1           0  0.07s           2026-06-27T23:41:41
================================================================================
[2026-06-27T23:43:45.587+0000] {manager.py:737} INFO - Searching for files in /opt/airflow/dags
[2026-06-27T23:43:45.592+0000] {manager.py:740} INFO - There are 1 files in /opt/airflow/dags
[2026-06-27T23:43:59.745+0000] {manager.py:878} INFO - 
================================================================================
DAG File Processing Stats

File Path                               PID    Runtime      # DAGs    # Errors  Last Runtime    Last Run
--------------------------------------  -----  ---------  --------  ----------  --------------  -------------------
/opt/airflow/dags/urbanmove_nightly.py                           1           0  0.06s           2026-06-27T23:43:45
================================================================================
[2026-06-27T23:49:24.260+0000] {manager.py:737} INFO - Searching for files in /opt/airflow/dags
[2026-06-27T23:49:24.284+0000] {manager.py:740} INFO - There are 1 files in /opt/airflow/dags
[2026-06-27T23:49:38.563+0000] {manager.py:878} INFO - 
================================================================================
DAG File Processing Stats

File Path                               PID    Runtime      # DAGs    # Errors  Last Runtime    Last Run
--------------------------------------  -----  ---------  --------  ----------  --------------  -------------------
/opt/airflow/dags/urbanmove_nightly.py                           1           0  0.06s           2026-06-27T23:49:24
================================================================================
[2026-06-27T23:51:26.605+0000] {manager.py:878} INFO - 
================================================================================
DAG File Processing Stats

File Path                               PID    Runtime      # DAGs    # Errors  Last Runtime    Last Run
--------------------------------------  -----  ---------  --------  ----------  --------------  -------------------
/opt/airflow/dags/urbanmove_nightly.py                           1           0  0.06s           2026-06-27T23:51:12
================================================================================
[2026-06-27T23:54:22.979+0000] {manager.py:878} INFO - 
================================================================================
DAG File Processing Stats

File Path                               PID    Runtime      # DAGs    # Errors  Last Runtime    Last Run
--------------------------------------  -----  ---------  --------  ----------  --------------  -------------------
/opt/airflow/dags/urbanmove_nightly.py                           1           0  0.07s           2026-06-27T23:54:07
================================================================================
[2026-06-27T23:54:24.995+0000] {manager.py:737} INFO - Searching for files in /opt/airflow/dags
[2026-06-27T23:54:25.015+0000] {manager.py:740} INFO - There are 1 files in /opt/airflow/dags
[2026-06-27T23:56:30.259+0000] {manager.py:878} INFO - 
================================================================================
DAG File Processing Stats

File Path                               PID    Runtime      # DAGs    # Errors  Last Runtime    Last Run
--------------------------------------  -----  ---------  --------  ----------  --------------  -------------------
/opt/airflow/dags/urbanmove_nightly.py                           1           0  0.06s           2026-06-27T23:56:15
================================================================================
[2026-06-28T00:02:45.555+0000] {manager.py:737} INFO - Searching for files in /opt/airflow/dags
[2026-06-28T00:02:45.574+0000] {manager.py:740} INFO - There are 1 files in /opt/airflow/dags
[2026-06-28T00:03:00.690+0000] {manager.py:878} INFO - 
================================================================================
DAG File Processing Stats

File Path                               PID    Runtime      # DAGs    # Errors  Last Runtime    Last Run
--------------------------------------  -----  ---------  --------  ----------  --------------  -------------------
/opt/airflow/dags/urbanmove_nightly.py                           1           0  0.06s           2026-06-28T00:02:45
================================================================================
[2026-06-28T00:07:14.252+0000] {manager.py:878} INFO - 
================================================================================
DAG File Processing Stats

File Path                               PID    Runtime      # DAGs    # Errors  Last Runtime    Last Run
--------------------------------------  -----  ---------  --------  ----------  --------------  -------------------
/opt/airflow/dags/urbanmove_nightly.py                           1           0  0.06s           2026-06-28T00:06:59
================================================================================
[2026-06-28T00:08:58.313+0000] {manager.py:737} INFO - Searching for files in /opt/airflow/dags
[2026-06-28T00:08:58.331+0000] {manager.py:740} INFO - There are 1 files in /opt/airflow/dags
[2026-06-28T00:09:14.446+0000] {manager.py:878} INFO - 
================================================================================
DAG File Processing Stats

File Path                               PID    Runtime      # DAGs    # Errors  Last Runtime    Last Run
--------------------------------------  -----  ---------  --------  ----------  --------------  -------------------
/opt/airflow/dags/urbanmove_nightly.py                           1           0  0.05s           2026-06-28T00:08:58
================================================================================
[2026-06-28T00:19:42.534+0000] {manager.py:737} INFO - Searching for files in /opt/airflow/dags
[2026-06-28T00:19:42.549+0000] {manager.py:740} INFO - There are 1 files in /opt/airflow/dags
[2026-06-28T00:19:58.659+0000] {manager.py:878} INFO - 
================================================================================
DAG File Processing Stats

File Path                               PID    Runtime      # DAGs    # Errors  Last Runtime    Last Run
--------------------------------------  -----  ---------  --------  ----------  --------------  -------------------
/opt/airflow/dags/urbanmove_nightly.py                           1           0  0.05s           2026-06-28T00:19:42
================================================================================
[2026-06-28T00:20:45.781+0000] {manager.py:878} INFO - 
================================================================================
DAG File Processing Stats

File Path                               PID    Runtime      # DAGs    # Errors  Last Runtime    Last Run
--------------------------------------  -----  ---------  --------  ----------  --------------  -------------------
/opt/airflow/dags/urbanmove_nightly.py                           1           0  0.07s           2026-06-28T00:20:29
================================================================================
[2026-06-28T00:22:57.776+0000] {manager.py:878} INFO - 
================================================================================
DAG File Processing Stats

File Path                               PID    Runtime      # DAGs    # Errors  Last Runtime    Last Run
--------------------------------------  -----  ---------  --------  ----------  --------------  -------------------
/opt/airflow/dags/urbanmove_nightly.py                           1           0  0.05s           2026-06-28T00:22:41
================================================================================
[2026-06-28T00:23:30.639+0000] {manager.py:878} INFO - 
================================================================================
DAG File Processing Stats

File Path                               PID    Runtime      # DAGs    # Errors  Last Runtime    Last Run
--------------------------------------  -----  ---------  --------  ----------  --------------  -------------------
/opt/airflow/dags/urbanmove_nightly.py                           1           0  0.07s           2026-06-28T00:23:13
================================================================================
[2026-06-28T00:38:40.429+0000] {manager.py:737} INFO - Searching for files in /opt/airflow/dags
[2026-06-28T00:38:40.450+0000] {manager.py:740} INFO - There are 1 files in /opt/airflow/dags
[2026-06-28T00:38:57.581+0000] {manager.py:878} INFO - 
================================================================================
DAG File Processing Stats

File Path                               PID    Runtime      # DAGs    # Errors  Last Runtime    Last Run
--------------------------------------  -----  ---------  --------  ----------  --------------  -------------------
/opt/airflow/dags/urbanmove_nightly.py                           1           0  0.05s           2026-06-28T00:38:40
================================================================================
[2026-06-28T00:46:26.975+0000] {manager.py:737} INFO - Searching for files in /opt/airflow/dags
[2026-06-28T00:46:26.977+0000] {manager.py:740} INFO - There are 1 files in /opt/airflow/dags
[2026-06-28T00:46:44.115+0000] {manager.py:878} INFO - 
================================================================================
DAG File Processing Stats

File Path                               PID    Runtime      # DAGs    # Errors  Last Runtime    Last Run
--------------------------------------  -----  ---------  --------  ----------  --------------  -------------------
/opt/airflow/dags/urbanmove_nightly.py                           1           0  0.05s           2026-06-28T00:46:27
================================================================================
[2026-06-28T00:55:01.752+0000] {manager.py:737} INFO - Searching for files in /opt/airflow/dags
[2026-06-28T00:55:01.774+0000] {manager.py:740} INFO - There are 1 files in /opt/airflow/dags
[2026-06-28T00:55:18.914+0000] {manager.py:878} INFO - 
================================================================================
DAG File Processing Stats

File Path                               PID    Runtime      # DAGs    # Errors  Last Runtime    Last Run
--------------------------------------  -----  ---------  --------  ----------  --------------  -------------------
/opt/airflow/dags/urbanmove_nightly.py                           1           0  0.06s           2026-06-28T00:55:01
================================================================================
[2026-06-28T01:00:15.205+0000] {manager.py:737} INFO - Searching for files in /opt/airflow/dags
[2026-06-28T01:00:15.226+0000] {manager.py:740} INFO - There are 1 files in /opt/airflow/dags
[2026-06-28T01:00:33.371+0000] {manager.py:878} INFO - 
================================================================================
DAG File Processing Stats

File Path                               PID    Runtime      # DAGs    # Errors  Last Runtime    Last Run
--------------------------------------  -----  ---------  --------  ----------  --------------  -------------------
/opt/airflow/dags/urbanmove_nightly.py                           1           0  0.06s           2026-06-28T01:00:15
================================================================================
[2026-06-28T01:01:03.650+0000] {manager.py:878} INFO - 
================================================================================
DAG File Processing Stats

File Path                               PID    Runtime      # DAGs    # Errors  Last Runtime    Last Run
--------------------------------------  -----  ---------  --------  ----------  --------------  -------------------
/opt/airflow/dags/urbanmove_nightly.py                           1           0  0.07s           2026-06-28T01:00:45
================================================================================
[2026-06-28T01:04:18.408+0000] {manager.py:878} INFO - 
================================================================================
DAG File Processing Stats

File Path                               PID    Runtime      # DAGs    # Errors  Last Runtime    Last Run
--------------------------------------  -----  ---------  --------  ----------  --------------  -------------------
/opt/airflow/dags/urbanmove_nightly.py                           1           0  0.06s           2026-06-28T01:04:00
================================================================================
[2026-06-28T01:05:10.478+0000] {manager.py:878} INFO - 
================================================================================
DAG File Processing Stats

File Path                               PID    Runtime      # DAGs    # Errors  Last Runtime    Last Run
--------------------------------------  -----  ---------  --------  ----------  --------------  -------------------
/opt/airflow/dags/urbanmove_nightly.py                           1           0  0.05s           2026-06-28T01:04:52
================================================================================
[2026-06-28T01:05:15.510+0000] {manager.py:737} INFO - Searching for files in /opt/airflow/dags
[2026-06-28T01:05:15.531+0000] {manager.py:740} INFO - There are 1 files in /opt/airflow/dags
[2026-06-28T01:20:04.022+0000] {manager.py:737} INFO - Searching for files in /opt/airflow/dags
[2026-06-28T01:20:04.042+0000] {manager.py:740} INFO - There are 1 files in /opt/airflow/dags
[2026-06-28T01:20:23.207+0000] {manager.py:878} INFO - 
================================================================================
DAG File Processing Stats

File Path                               PID    Runtime      # DAGs    # Errors  Last Runtime    Last Run
--------------------------------------  -----  ---------  --------  ----------  --------------  -------------------
/opt/airflow/dags/urbanmove_nightly.py                           1           0  0.06s           2026-06-28T01:20:04
================================================================================
[2026-06-28T01:22:29.181+0000] {manager.py:878} INFO - 
================================================================================
DAG File Processing Stats

File Path                               PID    Runtime      # DAGs    # Errors  Last Runtime    Last Run
--------------------------------------  -----  ---------  --------  ----------  --------------  -------------------
/opt/airflow/dags/urbanmove_nightly.py                           1           0  0.05s           2026-06-28T01:22:10
================================================================================
[2026-06-28T01:23:20.355+0000] {manager.py:878} INFO - 
================================================================================
DAG File Processing Stats

File Path                               PID    Runtime      # DAGs    # Errors  Last Runtime    Last Run
--------------------------------------  -----  ---------  --------  ----------  --------------  -------------------
/opt/airflow/dags/urbanmove_nightly.py                           1           0  0.05s           2026-06-28T01:23:01
================================================================================
[2026-06-28T01:36:21.812+0000] {manager.py:737} INFO - Searching for files in /opt/airflow/dags
[2026-06-28T01:36:21.835+0000] {manager.py:740} INFO - There are 1 files in /opt/airflow/dags
[2026-06-28T01:36:41.011+0000] {manager.py:878} INFO - 
================================================================================
DAG File Processing Stats

File Path                               PID    Runtime      # DAGs    # Errors  Last Runtime    Last Run
--------------------------------------  -----  ---------  --------  ----------  --------------  -------------------
/opt/airflow/dags/urbanmove_nightly.py                           1           0  0.06s           2026-06-28T01:36:21
================================================================================
[2026-06-28T01:39:34.662+0000] {manager.py:878} INFO - 
================================================================================
DAG File Processing Stats

File Path                               PID    Runtime      # DAGs    # Errors  Last Runtime    Last Run
--------------------------------------  -----  ---------  --------  ----------  --------------  -------------------
/opt/airflow/dags/urbanmove_nightly.py                           1           0  0.07s           2026-06-28T01:39:14
================================================================================
[2026-06-28T01:43:41.192+0000] {manager.py:737} INFO - Searching for files in /opt/airflow/dags
[2026-06-28T01:43:41.196+0000] {manager.py:740} INFO - There are 1 files in /opt/airflow/dags
[2026-06-28T01:44:01.373+0000] {manager.py:878} INFO - 
================================================================================
DAG File Processing Stats

File Path                               PID    Runtime      # DAGs    # Errors  Last Runtime    Last Run
--------------------------------------  -----  ---------  --------  ----------  --------------  -------------------
/opt/airflow/dags/urbanmove_nightly.py                           1           0  0.06s           2026-06-28T01:43:41
================================================================================
[2026-06-28T01:44:58.098+0000] {manager.py:878} INFO - 
================================================================================
DAG File Processing Stats

File Path                               PID    Runtime      # DAGs    # Errors  Last Runtime    Last Run
--------------------------------------  -----  ---------  --------  ----------  --------------  -------------------
/opt/airflow/dags/urbanmove_nightly.py                           1           0  0.07s           2026-06-28T01:44:37
================================================================================
[2026-06-28T01:47:30.774+0000] {manager.py:878} INFO - 
================================================================================
DAG File Processing Stats

File Path                               PID    Runtime      # DAGs    # Errors  Last Runtime    Last Run
--------------------------------------  -----  ---------  --------  ----------  --------------  -------------------
/opt/airflow/dags/urbanmove_nightly.py                           1           0  0.07s           2026-06-28T01:47:09
================================================================================
[2026-06-28T01:59:54.614+0000] {manager.py:737} INFO - Searching for files in /opt/airflow/dags
[2026-06-28T01:59:54.630+0000] {manager.py:740} INFO - There are 1 files in /opt/airflow/dags
[2026-06-28T02:00:15.805+0000] {manager.py:878} INFO - 
================================================================================
DAG File Processing Stats

File Path                               PID    Runtime      # DAGs    # Errors  Last Runtime    Last Run
--------------------------------------  -----  ---------  --------  ----------  --------------  -------------------
/opt/airflow/dags/urbanmove_nightly.py                           1           0  0.06s           2026-06-28T01:59:54
================================================================================
[2026-06-28T02:16:08.327+0000] {manager.py:737} INFO - Searching for files in /opt/airflow/dags
[2026-06-28T02:16:08.330+0000] {manager.py:740} INFO - There are 1 files in /opt/airflow/dags
[2026-06-28T02:16:29.685+0000] {manager.py:878} INFO - 
================================================================================
DAG File Processing Stats

File Path                               PID    Runtime      # DAGs    # Errors  Last Runtime    Last Run
--------------------------------------  -----  ---------  --------  ----------  --------------  -------------------
/opt/airflow/dags/urbanmove_nightly.py                           1           0  0.08s           2026-06-28T02:16:08
================================================================================
[2026-06-28T02:36:26.730+0000] {manager.py:737} INFO - Searching for files in /opt/airflow/dags
[2026-06-28T02:36:26.747+0000] {manager.py:740} INFO - There are 1 files in /opt/airflow/dags
[2026-06-28T02:36:48.926+0000] {manager.py:878} INFO - 
================================================================================
DAG File Processing Stats

File Path                               PID    Runtime      # DAGs    # Errors  Last Runtime    Last Run
--------------------------------------  -----  ---------  --------  ----------  --------------  -------------------
/opt/airflow/dags/urbanmove_nightly.py                           1           0  0.06s           2026-06-28T02:36:26
================================================================================
[2026-06-28T02:42:13.847+0000] {manager.py:737} INFO - Searching for files in /opt/airflow/dags
[2026-06-28T02:42:13.870+0000] {manager.py:740} INFO - There are 1 files in /opt/airflow/dags
[2026-06-28T02:42:35.945+0000] {manager.py:878} INFO - 
================================================================================
DAG File Processing Stats

File Path                               PID    Runtime      # DAGs    # Errors  Last Runtime    Last Run
--------------------------------------  -----  ---------  --------  ----------  --------------  -------------------
/opt/airflow/dags/urbanmove_nightly.py                           1           0  0.07s           2026-06-28T02:42:13
================================================================================
[2026-06-28T02:52:49.954+0000] {manager.py:737} INFO - Searching for files in /opt/airflow/dags
[2026-06-28T02:52:49.975+0000] {manager.py:740} INFO - There are 1 files in /opt/airflow/dags
[2026-06-28T02:53:12.168+0000] {manager.py:878} INFO - 
================================================================================
DAG File Processing Stats

File Path                               PID    Runtime      # DAGs    # Errors  Last Runtime    Last Run
--------------------------------------  -----  ---------  --------  ----------  --------------  -------------------
/opt/airflow/dags/urbanmove_nightly.py                           1           0  0.06s           2026-06-28T02:52:50
================================================================================
[2026-06-28T03:41:20.147+0000] {manager.py:737} INFO - Searching for files in /opt/airflow/dags
[2026-06-28T03:41:20.169+0000] {manager.py:740} INFO - There are 1 files in /opt/airflow/dags
[2026-06-28T03:41:42.321+0000] {manager.py:878} INFO - 
================================================================================
DAG File Processing Stats

File Path                               PID    Runtime      # DAGs    # Errors  Last Runtime    Last Run
--------------------------------------  -----  ---------  --------  ----------  --------------  -------------------
/opt/airflow/dags/urbanmove_nightly.py                           1           0  0.04s           2026-06-28T03:41:20
================================================================================
[2026-06-28T03:43:47.288+0000] {manager.py:878} INFO - 
================================================================================
DAG File Processing Stats

File Path                               PID    Runtime      # DAGs    # Errors  Last Runtime    Last Run
--------------------------------------  -----  ---------  --------  ----------  --------------  -------------------
/opt/airflow/dags/urbanmove_nightly.py                           1           0  0.06s           2026-06-28T03:43:24
================================================================================
[2026-06-28T04:19:43.655+0000] {manager.py:737} INFO - Searching for files in /opt/airflow/dags
[2026-06-28T04:19:43.675+0000] {manager.py:740} INFO - There are 1 files in /opt/airflow/dags
[2026-06-28T04:20:06.892+0000] {manager.py:878} INFO - 
================================================================================
DAG File Processing Stats

File Path                               PID    Runtime      # DAGs    # Errors  Last Runtime    Last Run
--------------------------------------  -----  ---------  --------  ----------  --------------  -------------------
/opt/airflow/dags/urbanmove_nightly.py                           1           0  0.06s           2026-06-28T04:19:43
================================================================================
[2026-06-28T05:00:06.746+0000] {manager.py:737} INFO - Searching for files in /opt/airflow/dags
[2026-06-28T05:00:06.750+0000] {manager.py:740} INFO - There are 1 files in /opt/airflow/dags
[2026-06-28T05:00:29.933+0000] {manager.py:878} INFO - 
================================================================================
DAG File Processing Stats

File Path                               PID    Runtime      # DAGs    # Errors  Last Runtime    Last Run
--------------------------------------  -----  ---------  --------  ----------  --------------  -------------------
/opt/airflow/dags/urbanmove_nightly.py                           1           0  0.05s           2026-06-28T05:00:06
================================================================================
[2026-06-28T05:01:00.202+0000] {manager.py:878} INFO - 
================================================================================
DAG File Processing Stats

File Path                               PID    Runtime      # DAGs    # Errors  Last Runtime    Last Run
--------------------------------------  -----  ---------  --------  ----------  --------------  -------------------
/opt/airflow/dags/urbanmove_nightly.py                           1           0  0.06s           2026-06-28T05:00:37
================================================================================
[2026-06-28T05:26:55.997+0000] {manager.py:737} INFO - Searching for files in /opt/airflow/dags
[2026-06-28T05:26:56.014+0000] {manager.py:740} INFO - There are 1 files in /opt/airflow/dags
[2026-06-28T05:27:20.191+0000] {manager.py:878} INFO - 
================================================================================
DAG File Processing Stats

File Path                               PID    Runtime      # DAGs    # Errors  Last Runtime    Last Run
--------------------------------------  -----  ---------  --------  ----------  --------------  -------------------
/opt/airflow/dags/urbanmove_nightly.py                           1           0  0.09s           2026-06-28T05:26:56
================================================================================
[2026-06-28T05:44:31.734+0000] {manager.py:737} INFO - Searching for files in /opt/airflow/dags
[2026-06-28T05:44:31.750+0000] {manager.py:740} INFO - There are 1 files in /opt/airflow/dags
[2026-06-28T05:44:55.896+0000] {manager.py:878} INFO - 
================================================================================
DAG File Processing Stats

File Path                               PID    Runtime      # DAGs    # Errors  Last Runtime    Last Run
--------------------------------------  -----  ---------  --------  ----------  --------------  -------------------
/opt/airflow/dags/urbanmove_nightly.py                           1           0  0.04s           2026-06-28T05:44:31
================================================================================
[2026-06-28T06:17:08.999+0000] {manager.py:737} INFO - Searching for files in /opt/airflow/dags
[2026-06-28T06:17:09.015+0000] {manager.py:740} INFO - There are 1 files in /opt/airflow/dags
[2026-06-28T06:17:33.199+0000] {manager.py:878} INFO - 
================================================================================
DAG File Processing Stats

File Path                               PID    Runtime      # DAGs    # Errors  Last Runtime    Last Run
--------------------------------------  -----  ---------  --------  ----------  --------------  -------------------
/opt/airflow/dags/urbanmove_nightly.py                           1           0  0.10s           2026-06-28T06:17:09
================================================================================
[2026-06-28T06:34:14.076+0000] {manager.py:737} INFO - Searching for files in /opt/airflow/dags
[2026-06-28T06:34:14.091+0000] {manager.py:740} INFO - There are 1 files in /opt/airflow/dags
[2026-06-28T06:34:39.269+0000] {manager.py:878} INFO - 
================================================================================
DAG File Processing Stats

File Path                               PID    Runtime      # DAGs    # Errors  Last Runtime    Last Run
--------------------------------------  -----  ---------  --------  ----------  --------------  -------------------
/opt/airflow/dags/urbanmove_nightly.py                           1           0  0.08s           2026-06-28T06:34:14
================================================================================
[2026-06-28T07:01:23.346+0000] {manager.py:737} INFO - Searching for files in /opt/airflow/dags
[2026-06-28T07:01:23.359+0000] {manager.py:740} INFO - There are 1 files in /opt/airflow/dags
[2026-06-28T07:01:48.678+0000] {manager.py:878} INFO - 
================================================================================
DAG File Processing Stats

File Path                               PID    Runtime      # DAGs    # Errors  Last Runtime    Last Run
--------------------------------------  -----  ---------  --------  ----------  --------------  -------------------
/opt/airflow/dags/urbanmove_nightly.py                           1           0  0.04s           2026-06-28T07:01:23
================================================================================
[2026-06-28T07:34:42.717+0000] {manager.py:737} INFO - Searching for files in /opt/airflow/dags
[2026-06-28T07:34:42.737+0000] {manager.py:740} INFO - There are 1 files in /opt/airflow/dags
[2026-06-28T07:35:07.925+0000] {manager.py:878} INFO - 
================================================================================
DAG File Processing Stats

File Path                               PID    Runtime      # DAGs    # Errors  Last Runtime    Last Run
--------------------------------------  -----  ---------  --------  ----------  --------------  -------------------
/opt/airflow/dags/urbanmove_nightly.py                           1           0  0.05s           2026-06-28T07:34:42
================================================================================
[2026-06-28T08:03:44.607+0000] {manager.py:737} INFO - Searching for files in /opt/airflow/dags
[2026-06-28T08:03:44.621+0000] {manager.py:740} INFO - There are 1 files in /opt/airflow/dags
[2026-06-28T08:04:10.863+0000] {manager.py:878} INFO - 
================================================================================
DAG File Processing Stats

File Path                               PID    Runtime      # DAGs    # Errors  Last Runtime    Last Run
--------------------------------------  -----  ---------  --------  ----------  --------------  -------------------
/opt/airflow/dags/urbanmove_nightly.py                           1           0  0.06s           2026-06-28T08:03:44
================================================================================
[2026-06-28T08:47:29.837+0000] {manager.py:737} INFO - Searching for files in /opt/airflow/dags
[2026-06-28T08:47:29.857+0000] {manager.py:740} INFO - There are 1 files in /opt/airflow/dags
[2026-06-28T08:47:56.129+0000] {manager.py:878} INFO - 
================================================================================
DAG File Processing Stats

File Path                               PID    Runtime      # DAGs    # Errors  Last Runtime    Last Run
--------------------------------------  -----  ---------  --------  ----------  --------------  -------------------
/opt/airflow/dags/urbanmove_nightly.py                           1           0  0.03s           2026-06-28T08:47:29
================================================================================
[2026-06-28T08:49:14.893+0000] {manager.py:878} INFO - 
================================================================================
DAG File Processing Stats

File Path                               PID    Runtime      # DAGs    # Errors  Last Runtime    Last Run
--------------------------------------  -----  ---------  --------  ----------  --------------  -------------------
/opt/airflow/dags/urbanmove_nightly.py                           1           0  0.06s           2026-06-28T08:48:48
================================================================================
[2026-06-28T08:53:52.857+0000] {manager.py:737} INFO - Searching for files in /opt/airflow/dags
[2026-06-28T08:53:52.861+0000] {manager.py:740} INFO - There are 1 files in /opt/airflow/dags
[2026-06-28T08:54:20.067+0000] {manager.py:878} INFO - 
================================================================================
DAG File Processing Stats

File Path                               PID    Runtime      # DAGs    # Errors  Last Runtime    Last Run
--------------------------------------  -----  ---------  --------  ----------  --------------  -------------------
/opt/airflow/dags/urbanmove_nightly.py                           1           0  0.06s           2026-06-28T08:53:52
================================================================================
[2026-06-28T09:03:05.773+0000] {manager.py:737} INFO - Searching for files in /opt/airflow/dags
[2026-06-28T09:03:05.786+0000] {manager.py:740} INFO - There are 1 files in /opt/airflow/dags
[2026-06-28T09:03:33.067+0000] {manager.py:878} INFO - 
================================================================================
DAG File Processing Stats

File Path                               PID    Runtime      # DAGs    # Errors  Last Runtime    Last Run
--------------------------------------  -----  ---------  --------  ----------  --------------  -------------------
/opt/airflow/dags/urbanmove_nightly.py                           1           0  0.10s           2026-06-28T09:03:05
================================================================================
[2026-06-28T09:21:22.850+0000] {manager.py:737} INFO - Searching for files in /opt/airflow/dags
[2026-06-28T09:21:22.867+0000] {manager.py:740} INFO - There are 1 files in /opt/airflow/dags
[2026-06-28T09:21:51.050+0000] {manager.py:878} INFO - 
================================================================================
DAG File Processing Stats

File Path                               PID    Runtime      # DAGs    # Errors  Last Runtime    Last Run
--------------------------------------  -----  ---------  --------  ----------  --------------  -------------------
/opt/airflow/dags/urbanmove_nightly.py                           1           0  0.05s           2026-06-28T09:21:22
================================================================================
[2026-06-28T09:48:25.071+0000] {manager.py:737} INFO - Searching for files in /opt/airflow/dags
[2026-06-28T09:48:25.090+0000] {manager.py:740} INFO - There are 1 files in /opt/airflow/dags
[2026-06-28T09:48:53.296+0000] {manager.py:878} INFO - 
================================================================================
DAG File Processing Stats

File Path                               PID    Runtime      # DAGs    # Errors  Last Runtime    Last Run
--------------------------------------  -----  ---------  --------  ----------  --------------  -------------------
/opt/airflow/dags/urbanmove_nightly.py                           1           0  0.05s           2026-06-28T09:48:25
================================================================================
[2026-06-28T10:00:22.424+0000] {manager.py:737} INFO - Searching for files in /opt/airflow/dags
[2026-06-28T10:00:22.443+0000] {manager.py:740} INFO - There are 1 files in /opt/airflow/dags
[2026-06-28T10:00:50.681+0000] {manager.py:878} INFO - 
================================================================================
DAG File Processing Stats

File Path                               PID    Runtime      # DAGs    # Errors  Last Runtime    Last Run
--------------------------------------  -----  ---------  --------  ----------  --------------  -------------------
/opt/airflow/dags/urbanmove_nightly.py                           1           0  0.06s           2026-06-28T10:00:22
================================================================================
[2026-06-28T10:17:21.558+0000] {manager.py:737} INFO - Searching for files in /opt/airflow/dags
[2026-06-28T10:17:21.577+0000] {manager.py:740} INFO - There are 1 files in /opt/airflow/dags
[2026-06-28T10:17:49.832+0000] {manager.py:878} INFO - 
================================================================================
DAG File Processing Stats

File Path                               PID    Runtime      # DAGs    # Errors  Last Runtime    Last Run
--------------------------------------  -----  ---------  --------  ----------  --------------  -------------------
/opt/airflow/dags/urbanmove_nightly.py                           1           0  0.07s           2026-06-28T10:17:21
================================================================================
[2026-06-28T10:42:06.999+0000] {manager.py:737} INFO - Searching for files in /opt/airflow/dags
[2026-06-28T10:42:07.005+0000] {manager.py:740} INFO - There are 1 files in /opt/airflow/dags
[2026-06-28T10:42:36.322+0000] {manager.py:878} INFO - 
================================================================================
DAG File Processing Stats

File Path                               PID    Runtime      # DAGs    # Errors  Last Runtime    Last Run
--------------------------------------  -----  ---------  --------  ----------  --------------  -------------------
/opt/airflow/dags/urbanmove_nightly.py                           1           0  0.05s           2026-06-28T10:42:07
================================================================================
[2026-06-28T10:51:31.215+0000] {manager.py:737} INFO - Searching for files in /opt/airflow/dags
[2026-06-28T10:51:31.238+0000] {manager.py:740} INFO - There are 1 files in /opt/airflow/dags
[2026-06-28T10:52:00.450+0000] {manager.py:878} INFO - 
================================================================================
DAG File Processing Stats

File Path                               PID    Runtime      # DAGs    # Errors  Last Runtime    Last Run
--------------------------------------  -----  ---------  --------  ----------  --------------  -------------------
/opt/airflow/dags/urbanmove_nightly.py                           1           0  0.06s           2026-06-28T10:51:31
================================================================================
[2026-06-28T10:58:08.494+0000] {manager.py:737} INFO - Searching for files in /opt/airflow/dags
[2026-06-28T10:58:08.513+0000] {manager.py:740} INFO - There are 1 files in /opt/airflow/dags
[2026-06-28T10:58:37.716+0000] {manager.py:878} INFO - 
================================================================================
DAG File Processing Stats

File Path                               PID    Runtime      # DAGs    # Errors  Last Runtime    Last Run
--------------------------------------  -----  ---------  --------  ----------  --------------  -------------------
/opt/airflow/dags/urbanmove_nightly.py                           1           0  0.05s           2026-06-28T10:58:08
================================================================================
[2026-06-28T10:59:52.674+0000] {manager.py:878} INFO - 
================================================================================
DAG File Processing Stats

File Path                                 PID  Runtime      # DAGs    # Errors  Last Runtime    Last Run
--------------------------------------  -----  ---------  --------  ----------  --------------  -------------------
/opt/airflow/dags/urbanmove_nightly.py   1082  0.01s             1           0  0.07s           2026-06-28T10:58:38
================================================================================
[2026-06-28T11:13:18.050+0000] {manager.py:737} INFO - Searching for files in /opt/airflow/dags
[2026-06-28T11:13:18.052+0000] {manager.py:740} INFO - There are 1 files in /opt/airflow/dags
[2026-06-28T11:13:18.062+0000] {manager.py:878} INFO - 
================================================================================
DAG File Processing Stats

File Path                                 PID  Runtime      # DAGs    # Errors  Last Runtime    Last Run
--------------------------------------  -----  ---------  --------  ----------  --------------  -------------------
/opt/airflow/dags/urbanmove_nightly.py   1087  0.00s             1           0  0.07s           2026-06-28T10:59:52
================================================================================
[2026-06-28T11:23:29.523+0000] {manager.py:737} INFO - Searching for files in /opt/airflow/dags
[2026-06-28T11:23:29.526+0000] {manager.py:740} INFO - There are 1 files in /opt/airflow/dags
[2026-06-28T11:23:29.535+0000] {manager.py:878} INFO - 
================================================================================
DAG File Processing Stats

File Path                                 PID  Runtime      # DAGs    # Errors  Last Runtime    Last Run
--------------------------------------  -----  ---------  --------  ----------  --------------  -------------------
/opt/airflow/dags/urbanmove_nightly.py   1092  0.00s             1           0  0.06s           2026-06-28T11:13:18
================================================================================
[2026-06-28T11:44:00.257+0000] {manager.py:737} INFO - Searching for files in /opt/airflow/dags
[2026-06-28T11:44:00.277+0000] {manager.py:740} INFO - There are 1 files in /opt/airflow/dags
[2026-06-28T11:44:01.302+0000] {manager.py:878} INFO - 
================================================================================
DAG File Processing Stats

File Path                               PID    Runtime      # DAGs    # Errors  Last Runtime    Last Run
--------------------------------------  -----  ---------  --------  ----------  --------------  -------------------
/opt/airflow/dags/urbanmove_nightly.py                           1           0  0.06s           2026-06-28T11:44:00
================================================================================
[2026-06-28T11:50:07.363+0000] {manager.py:737} INFO - Searching for files in /opt/airflow/dags
[2026-06-28T11:50:07.383+0000] {manager.py:740} INFO - There are 1 files in /opt/airflow/dags
[2026-06-28T11:50:08.405+0000] {manager.py:878} INFO - 
================================================================================
DAG File Processing Stats

File Path                               PID    Runtime      # DAGs    # Errors  Last Runtime    Last Run
--------------------------------------  -----  ---------  --------  ----------  --------------  -------------------
/opt/airflow/dags/urbanmove_nightly.py                           1           0  0.06s           2026-06-28T11:50:07
================================================================================
[2026-06-28T11:54:22.653+0000] {manager.py:878} INFO - 
================================================================================
DAG File Processing Stats

File Path                               PID    Runtime      # DAGs    # Errors  Last Runtime    Last Run
--------------------------------------  -----  ---------  --------  ----------  --------------  -------------------
/opt/airflow/dags/urbanmove_nightly.py                           1           0  0.06s           2026-06-28T11:54:21
================================================================================
[2026-06-28T11:55:56.158+0000] {manager.py:737} INFO - Searching for files in /opt/airflow/dags
[2026-06-28T11:55:56.184+0000] {manager.py:740} INFO - There are 1 files in /opt/airflow/dags
[2026-06-28T11:55:57.209+0000] {manager.py:878} INFO - 
================================================================================
DAG File Processing Stats

File Path                               PID    Runtime      # DAGs    # Errors  Last Runtime    Last Run
--------------------------------------  -----  ---------  --------  ----------  --------------  -------------------
/opt/airflow/dags/urbanmove_nightly.py                           1           0  0.06s           2026-06-28T11:55:56
================================================================================
[2026-06-28T12:18:19.966+0000] {manager.py:737} INFO - Searching for files in /opt/airflow/dags
[2026-06-28T12:18:19.991+0000] {manager.py:740} INFO - There are 1 files in /opt/airflow/dags
[2026-06-28T12:18:22.033+0000] {manager.py:878} INFO - 
================================================================================
DAG File Processing Stats

File Path                               PID    Runtime      # DAGs    # Errors  Last Runtime    Last Run
--------------------------------------  -----  ---------  --------  ----------  --------------  -------------------
/opt/airflow/dags/urbanmove_nightly.py                           1           0  0.05s           2026-06-28T12:18:20
================================================================================
[2026-06-28T12:41:30.451+0000] {manager.py:737} INFO - Searching for files in /opt/airflow/dags
[2026-06-28T12:41:30.475+0000] {manager.py:740} INFO - There are 1 files in /opt/airflow/dags
[2026-06-28T12:41:32.514+0000] {manager.py:878} INFO - 
================================================================================
DAG File Processing Stats

File Path                               PID    Runtime      # DAGs    # Errors  Last Runtime    Last Run
--------------------------------------  -----  ---------  --------  ----------  --------------  -------------------
/opt/airflow/dags/urbanmove_nightly.py                           1           0  0.06s           2026-06-28T12:41:30
================================================================================
[2026-06-28T12:42:02.742+0000] {manager.py:878} INFO - 
================================================================================
DAG File Processing Stats

File Path                               PID    Runtime      # DAGs    # Errors  Last Runtime    Last Run
--------------------------------------  -----  ---------  --------  ----------  --------------  -------------------
/opt/airflow/dags/urbanmove_nightly.py                           1           0  0.05s           2026-06-28T12:42:00
================================================================================
[2026-06-28T13:16:55.980+0000] {manager.py:737} INFO - Searching for files in /opt/airflow/dags
[2026-06-28T13:16:55.997+0000] {manager.py:740} INFO - There are 1 files in /opt/airflow/dags
[2026-06-28T13:16:58.037+0000] {manager.py:878} INFO - 
================================================================================
DAG File Processing Stats

File Path                               PID    Runtime      # DAGs    # Errors  Last Runtime    Last Run
--------------------------------------  -----  ---------  --------  ----------  --------------  -------------------
/opt/airflow/dags/urbanmove_nightly.py                           1           0  0.06s           2026-06-28T13:16:56
================================================================================
[2026-06-28T13:24:08.377+0000] {manager.py:737} INFO - Searching for files in /opt/airflow/dags
[2026-06-28T13:24:08.396+0000] {manager.py:740} INFO - There are 1 files in /opt/airflow/dags
[2026-06-28T13:24:11.430+0000] {manager.py:878} INFO - 
================================================================================
DAG File Processing Stats

File Path                               PID    Runtime      # DAGs    # Errors  Last Runtime    Last Run
--------------------------------------  -----  ---------  --------  ----------  --------------  -------------------
/opt/airflow/dags/urbanmove_nightly.py                           1           0  0.07s           2026-06-28T13:24:08
================================================================================
[2026-06-28T13:24:49.625+0000] {manager.py:878} INFO - 
================================================================================
DAG File Processing Stats

File Path                               PID    Runtime      # DAGs    # Errors  Last Runtime    Last Run
--------------------------------------  -----  ---------  --------  ----------  --------------  -------------------
/opt/airflow/dags/urbanmove_nightly.py                           1           0  0.05s           2026-06-28T13:24:46
================================================================================
[2026-06-28T13:25:53.341+0000] {manager.py:878} INFO - 
================================================================================
DAG File Processing Stats

File Path                               PID    Runtime      # DAGs    # Errors  Last Runtime    Last Run
--------------------------------------  -----  ---------  --------  ----------  --------------  -------------------
/opt/airflow/dags/urbanmove_nightly.py                           1           0  0.07s           2026-06-28T13:25:50
================================================================================
[2026-06-28T13:29:26.446+0000] {manager.py:737} INFO - Searching for files in /opt/airflow/dags
[2026-06-28T13:29:26.462+0000] {manager.py:740} INFO - There are 1 files in /opt/airflow/dags
[2026-06-28T13:29:29.489+0000] {manager.py:878} INFO - 
================================================================================
DAG File Processing Stats

File Path                               PID    Runtime      # DAGs    # Errors  Last Runtime    Last Run
--------------------------------------  -----  ---------  --------  ----------  --------------  -------------------
/opt/airflow/dags/urbanmove_nightly.py                           1           0  0.07s           2026-06-28T13:29:26
================================================================================
[2026-06-28T13:36:49.165+0000] {manager.py:737} INFO - Searching for files in /opt/airflow/dags
[2026-06-28T13:36:49.189+0000] {manager.py:740} INFO - There are 1 files in /opt/airflow/dags
[2026-06-28T13:36:53.235+0000] {manager.py:878} INFO - 
================================================================================
DAG File Processing Stats

File Path                               PID    Runtime      # DAGs    # Errors  Last Runtime    Last Run
--------------------------------------  -----  ---------  --------  ----------  --------------  -------------------
/opt/airflow/dags/urbanmove_nightly.py                           1           0  0.06s           2026-06-28T13:36:49
================================================================================
[2026-06-28T13:37:23.519+0000] {manager.py:878} INFO - 
================================================================================
DAG File Processing Stats

File Path                               PID    Runtime      # DAGs    # Errors  Last Runtime    Last Run
--------------------------------------  -----  ---------  --------  ----------  --------------  -------------------
/opt/airflow/dags/urbanmove_nightly.py                           1           0  0.06s           2026-06-28T13:37:19
================================================================================
[2026-06-28T13:38:00.518+0000] {manager.py:878} INFO - 
================================================================================
DAG File Processing Stats

File Path                               PID    Runtime      # DAGs    # Errors  Last Runtime    Last Run
--------------------------------------  -----  ---------  --------  ----------  --------------  -------------------
/opt/airflow/dags/urbanmove_nightly.py                           1           0  0.06s           2026-06-28T13:37:56
================================================================================
[2026-06-28T13:44:44.929+0000] {manager.py:737} INFO - Searching for files in /opt/airflow/dags
[2026-06-28T13:44:44.955+0000] {manager.py:740} INFO - There are 1 files in /opt/airflow/dags
[2026-06-28T13:44:50.014+0000] {manager.py:878} INFO - 
================================================================================
DAG File Processing Stats

File Path                               PID    Runtime      # DAGs    # Errors  Last Runtime    Last Run
--------------------------------------  -----  ---------  --------  ----------  --------------  -------------------
/opt/airflow/dags/urbanmove_nightly.py                           1           0  0.06s           2026-06-28T13:44:45
================================================================================
[2026-06-28T13:50:21.969+0000] {manager.py:737} INFO - Searching for files in /opt/airflow/dags
[2026-06-28T13:50:21.990+0000] {manager.py:740} INFO - There are 1 files in /opt/airflow/dags
[2026-06-28T13:50:27.130+0000] {manager.py:878} INFO - 
================================================================================
DAG File Processing Stats

File Path                               PID    Runtime      # DAGs    # Errors  Last Runtime    Last Run
--------------------------------------  -----  ---------  --------  ----------  --------------  -------------------
/opt/airflow/dags/urbanmove_nightly.py                           1           0  0.06s           2026-06-28T13:50:22
================================================================================
[2026-06-28T13:52:33.431+0000] {manager.py:878} INFO - 
================================================================================
DAG File Processing Stats

File Path                               PID    Runtime      # DAGs    # Errors  Last Runtime    Last Run
--------------------------------------  -----  ---------  --------  ----------  --------------  -------------------
/opt/airflow/dags/urbanmove_nightly.py                           1           0  0.06s           2026-06-28T13:52:28
================================================================================
[2026-06-28T13:54:46.340+0000] {manager.py:878} INFO - 
================================================================================
DAG File Processing Stats

File Path                               PID    Runtime      # DAGs    # Errors  Last Runtime    Last Run
--------------------------------------  -----  ---------  --------  ----------  --------------  -------------------
/opt/airflow/dags/urbanmove_nightly.py                           1           0  0.06s           2026-06-28T13:54:41
================================================================================
[2026-06-28T13:56:57.412+0000] {manager.py:737} INFO - Searching for files in /opt/airflow/dags
[2026-06-28T13:56:57.437+0000] {manager.py:740} INFO - There are 1 files in /opt/airflow/dags
[2026-06-28T13:57:03.488+0000] {manager.py:878} INFO - 
================================================================================
DAG File Processing Stats

File Path                               PID    Runtime      # DAGs    # Errors  Last Runtime    Last Run
--------------------------------------  -----  ---------  --------  ----------  --------------  -------------------
/opt/airflow/dags/urbanmove_nightly.py                           1           0  0.06s           2026-06-28T13:56:57
================================================================================
[2026-06-28T14:00:42.118+0000] {manager.py:878} INFO - 
================================================================================
DAG File Processing Stats

File Path                               PID    Runtime      # DAGs    # Errors  Last Runtime    Last Run
--------------------------------------  -----  ---------  --------  ----------  --------------  -------------------
/opt/airflow/dags/urbanmove_nightly.py                           1           0  0.06s           2026-06-28T14:00:36
================================================================================
[2026-06-28T14:01:18.210+0000] {manager.py:878} INFO - 
================================================================================
DAG File Processing Stats

File Path                               PID    Runtime      # DAGs    # Errors  Last Runtime    Last Run
--------------------------------------  -----  ---------  --------  ----------  --------------  -------------------
/opt/airflow/dags/urbanmove_nightly.py                           1           0  0.06s           2026-06-28T14:01:12
================================================================================
[2026-06-28T14:03:02.110+0000] {manager.py:737} INFO - Searching for files in /opt/airflow/dags
[2026-06-28T14:03:02.134+0000] {manager.py:740} INFO - There are 1 files in /opt/airflow/dags
[2026-06-28T14:03:08.216+0000] {manager.py:878} INFO - 
================================================================================
DAG File Processing Stats

File Path                               PID    Runtime      # DAGs    # Errors  Last Runtime    Last Run
--------------------------------------  -----  ---------  --------  ----------  --------------  -------------------
/opt/airflow/dags/urbanmove_nightly.py                           1           0  0.06s           2026-06-28T14:03:02
================================================================================
[2026-06-28T14:03:46.569+0000] {manager.py:878} INFO - 
================================================================================
DAG File Processing Stats

File Path                               PID    Runtime      # DAGs    # Errors  Last Runtime    Last Run
--------------------------------------  -----  ---------  --------  ----------  --------------  -------------------
/opt/airflow/dags/urbanmove_nightly.py                           1           0  0.06s           2026-06-28T14:03:39
================================================================================
[2026-06-28T14:14:52.599+0000] {manager.py:737} INFO - Searching for files in /opt/airflow/dags
[2026-06-28T14:14:52.623+0000] {manager.py:740} INFO - There are 1 files in /opt/airflow/dags
[2026-06-28T14:14:59.699+0000] {manager.py:878} INFO - 
================================================================================
DAG File Processing Stats

File Path                               PID    Runtime      # DAGs    # Errors  Last Runtime    Last Run
--------------------------------------  -----  ---------  --------  ----------  --------------  -------------------
/opt/airflow/dags/urbanmove_nightly.py                           1           0  0.09s           2026-06-28T14:14:52
================================================================================
[2026-06-28T14:15:29.925+0000] {manager.py:878} INFO - 
================================================================================
DAG File Processing Stats

File Path                               PID    Runtime      # DAGs    # Errors  Last Runtime    Last Run
--------------------------------------  -----  ---------  --------  ----------  --------------  -------------------
/opt/airflow/dags/urbanmove_nightly.py                           1           0  0.07s           2026-06-28T14:15:22
================================================================================
[2026-06-28T14:16:00.137+0000] {manager.py:878} INFO - 
================================================================================
DAG File Processing Stats

File Path                               PID    Runtime      # DAGs    # Errors  Last Runtime    Last Run
--------------------------------------  -----  ---------  --------  ----------  --------------  -------------------
/opt/airflow/dags/urbanmove_nightly.py                           1           0  0.06s           2026-06-28T14:15:53
================================================================================
[2026-06-28T14:16:30.341+0000] {manager.py:878} INFO - 
================================================================================
DAG File Processing Stats

File Path                               PID    Runtime      # DAGs    # Errors  Last Runtime    Last Run
--------------------------------------  -----  ---------  --------  ----------  --------------  -------------------
/opt/airflow/dags/urbanmove_nightly.py                           1           0  0.07s           2026-06-28T14:16:23
================================================================================
[2026-06-28T14:17:00.527+0000] {manager.py:878} INFO - 
================================================================================
DAG File Processing Stats

File Path                               PID    Runtime      # DAGs    # Errors  Last Runtime    Last Run
--------------------------------------  -----  ---------  --------  ----------  --------------  -------------------
/opt/airflow/dags/urbanmove_nightly.py                           1           0  0.08s           2026-06-28T14:16:53
================================================================================
[2026-06-28T14:17:30.726+0000] {manager.py:878} INFO - 
================================================================================
DAG File Processing Stats

File Path                               PID    Runtime      # DAGs    # Errors  Last Runtime    Last Run
--------------------------------------  -----  ---------  --------  ----------  --------------  -------------------
/opt/airflow/dags/urbanmove_nightly.py                           1           0  0.06s           2026-06-28T14:17:23
================================================================================
[2026-06-28T14:18:00.925+0000] {manager.py:878} INFO - 
================================================================================
DAG File Processing Stats

File Path                               PID    Runtime      # DAGs    # Errors  Last Runtime    Last Run
--------------------------------------  -----  ---------  --------  ----------  --------------  -------------------
/opt/airflow/dags/urbanmove_nightly.py                           1           0  0.05s           2026-06-28T14:17:53
================================================================================
[2026-06-28T14:18:31.117+0000] {manager.py:878} INFO - 
================================================================================
DAG File Processing Stats

File Path                               PID    Runtime      # DAGs    # Errors  Last Runtime    Last Run
--------------------------------------  -----  ---------  --------  ----------  --------------  -------------------
/opt/airflow/dags/urbanmove_nightly.py                           1           0  0.06s           2026-06-28T14:18:24
================================================================================
[2026-06-28T14:19:01.347+0000] {manager.py:878} INFO - 
================================================================================
DAG File Processing Stats

File Path                               PID    Runtime      # DAGs    # Errors  Last Runtime    Last Run
--------------------------------------  -----  ---------  --------  ----------  --------------  -------------------
/opt/airflow/dags/urbanmove_nightly.py                           1           0  0.06s           2026-06-28T14:18:54
================================================================================
[2026-06-28T14:19:31.564+0000] {manager.py:878} INFO - 
================================================================================
DAG File Processing Stats

File Path                               PID    Runtime      # DAGs    # Errors  Last Runtime    Last Run
--------------------------------------  -----  ---------  --------  ----------  --------------  -------------------
/opt/airflow/dags/urbanmove_nightly.py                           1           0  0.06s           2026-06-28T14:19:24
================================================================================
[2026-06-28T14:19:52.697+0000] {manager.py:737} INFO - Searching for files in /opt/airflow/dags
[2026-06-28T14:19:52.701+0000] {manager.py:740} INFO - There are 1 files in /opt/airflow/dags
[2026-06-28T14:20:01.777+0000] {manager.py:878} INFO - 
================================================================================
DAG File Processing Stats

File Path                               PID    Runtime      # DAGs    # Errors  Last Runtime    Last Run
--------------------------------------  -----  ---------  --------  ----------  --------------  -------------------
/opt/airflow/dags/urbanmove_nightly.py                           1           0  0.06s           2026-06-28T14:19:54
================================================================================
[2026-06-28T14:20:31.976+0000] {manager.py:878} INFO - 
================================================================================
DAG File Processing Stats

File Path                               PID    Runtime      # DAGs    # Errors  Last Runtime    Last Run
--------------------------------------  -----  ---------  --------  ----------  --------------  -------------------
/opt/airflow/dags/urbanmove_nightly.py                           1           0  0.06s           2026-06-28T14:20:24
================================================================================
[2026-06-28T14:21:02.180+0000] {manager.py:878} INFO - 
================================================================================
DAG File Processing Stats

File Path                               PID    Runtime      # DAGs    # Errors  Last Runtime    Last Run
--------------------------------------  -----  ---------  --------  ----------  --------------  -------------------
/opt/airflow/dags/urbanmove_nightly.py                           1           0  0.06s           2026-06-28T14:20:55
================================================================================
[2026-06-28T14:21:32.325+0000] {manager.py:878} INFO - 
================================================================================
DAG File Processing Stats

File Path                               PID    Runtime      # DAGs    # Errors  Last Runtime    Last Run
--------------------------------------  -----  ---------  --------  ----------  --------------  -------------------
/opt/airflow/dags/urbanmove_nightly.py                           1           0  0.05s           2026-06-28T14:21:25
================================================================================
[2026-06-28T14:22:02.447+0000] {manager.py:878} INFO - 
================================================================================
DAG File Processing Stats

File Path                               PID    Runtime      # DAGs    # Errors  Last Runtime    Last Run
--------------------------------------  -----  ---------  --------  ----------  --------------  -------------------
/opt/airflow/dags/urbanmove_nightly.py                           1           0  0.08s           2026-06-28T14:21:55
================================================================================
[2026-06-28T14:22:32.613+0000] {manager.py:878} INFO - 
================================================================================
DAG File Processing Stats

File Path                               PID    Runtime      # DAGs    # Errors  Last Runtime    Last Run
--------------------------------------  -----  ---------  --------  ----------  --------------  -------------------
/opt/airflow/dags/urbanmove_nightly.py                           1           0  0.04s           2026-06-28T14:22:25
================================================================================
[2026-06-28T14:23:02.768+0000] {manager.py:878} INFO - 
================================================================================
DAG File Processing Stats

File Path                               PID    Runtime      # DAGs    # Errors  Last Runtime    Last Run
--------------------------------------  -----  ---------  --------  ----------  --------------  -------------------
/opt/airflow/dags/urbanmove_nightly.py                           1           0  0.05s           2026-06-28T14:22:55
================================================================================
[2026-06-28T14:23:32.962+0000] {manager.py:878} INFO - 
================================================================================
DAG File Processing Stats

File Path                               PID    Runtime      # DAGs    # Errors  Last Runtime    Last Run
--------------------------------------  -----  ---------  --------  ----------  --------------  -------------------
/opt/airflow/dags/urbanmove_nightly.py                           1           0  0.07s           2026-06-28T14:23:25
================================================================================
[2026-06-28T14:24:03.174+0000] {manager.py:878} INFO - 
================================================================================
DAG File Processing Stats

File Path                               PID    Runtime      # DAGs    # Errors  Last Runtime    Last Run
--------------------------------------  -----  ---------  --------  ----------  --------------  -------------------
/opt/airflow/dags/urbanmove_nightly.py                           1           0  0.07s           2026-06-28T14:23:56
================================================================================
[2026-06-28T14:24:33.374+0000] {manager.py:878} INFO - 
================================================================================
DAG File Processing Stats

File Path                               PID    Runtime      # DAGs    # Errors  Last Runtime    Last Run
--------------------------------------  -----  ---------  --------  ----------  --------------  -------------------
/opt/airflow/dags/urbanmove_nightly.py                           1           0  0.07s           2026-06-28T14:24:26
================================================================================
[2026-06-28T14:24:53.514+0000] {manager.py:737} INFO - Searching for files in /opt/airflow/dags
[2026-06-28T14:24:53.518+0000] {manager.py:740} INFO - There are 1 files in /opt/airflow/dags
[2026-06-28T14:25:03.602+0000] {manager.py:878} INFO - 
================================================================================
DAG File Processing Stats

File Path                               PID    Runtime      # DAGs    # Errors  Last Runtime    Last Run
--------------------------------------  -----  ---------  --------  ----------  --------------  -------------------
/opt/airflow/dags/urbanmove_nightly.py                           1           0  0.07s           2026-06-28T14:24:56
================================================================================
[2026-06-28T14:25:33.797+0000] {manager.py:878} INFO - 
================================================================================
DAG File Processing Stats

File Path                               PID    Runtime      # DAGs    # Errors  Last Runtime    Last Run
--------------------------------------  -----  ---------  --------  ----------  --------------  -------------------
/opt/airflow/dags/urbanmove_nightly.py                           1           0  0.06s           2026-06-28T14:25:26
================================================================================
[2026-06-28T14:26:03.979+0000] {manager.py:878} INFO - 
================================================================================
DAG File Processing Stats

File Path                               PID    Runtime      # DAGs    # Errors  Last Runtime    Last Run
--------------------------------------  -----  ---------  --------  ----------  --------------  -------------------
/opt/airflow/dags/urbanmove_nightly.py                           1           0  0.04s           2026-06-28T14:25:56
================================================================================
[2026-06-28T14:26:34.164+0000] {manager.py:878} INFO - 
================================================================================
DAG File Processing Stats

File Path                               PID    Runtime      # DAGs    # Errors  Last Runtime    Last Run
--------------------------------------  -----  ---------  --------  ----------  --------------  -------------------
/opt/airflow/dags/urbanmove_nightly.py                           1           0  0.06s           2026-06-28T14:26:27
================================================================================
[2026-06-28T14:27:04.339+0000] {manager.py:878} INFO - 
================================================================================
DAG File Processing Stats

File Path                               PID    Runtime      # DAGs    # Errors  Last Runtime    Last Run
--------------------------------------  -----  ---------  --------  ----------  --------------  -------------------
/opt/airflow/dags/urbanmove_nightly.py                           1           0  0.05s           2026-06-28T14:26:57
================================================================================
[2026-06-28T14:27:34.515+0000] {manager.py:878} INFO - 
================================================================================
DAG File Processing Stats

File Path                               PID    Runtime      # DAGs    # Errors  Last Runtime    Last Run
--------------------------------------  -----  ---------  --------  ----------  --------------  -------------------
/opt/airflow/dags/urbanmove_nightly.py                           1           0  0.05s           2026-06-28T14:27:27
================================================================================
[2026-06-28T14:28:04.697+0000] {manager.py:878} INFO - 
================================================================================
DAG File Processing Stats

File Path                               PID    Runtime      # DAGs    # Errors  Last Runtime    Last Run
--------------------------------------  -----  ---------  --------  ----------  --------------  -------------------
/opt/airflow/dags/urbanmove_nightly.py                           1           0  0.06s           2026-06-28T14:27:57
================================================================================
[2026-06-28T14:28:34.890+0000] {manager.py:878} INFO - 
================================================================================
DAG File Processing Stats

File Path                               PID    Runtime      # DAGs    # Errors  Last Runtime    Last Run
--------------------------------------  -----  ---------  --------  ----------  --------------  -------------------
/opt/airflow/dags/urbanmove_nightly.py                           1           0  0.05s           2026-06-28T14:28:27
================================================================================
[2026-06-28T14:29:05.083+0000] {manager.py:878} INFO - 
================================================================================
DAG File Processing Stats

File Path                               PID    Runtime      # DAGs    # Errors  Last Runtime    Last Run
--------------------------------------  -----  ---------  --------  ----------  --------------  -------------------
/opt/airflow/dags/urbanmove_nightly.py                           1           0  0.06s           2026-06-28T14:28:58
================================================================================
[2026-06-28T14:29:35.264+0000] {manager.py:878} INFO - 
================================================================================
DAG File Processing Stats

File Path                               PID    Runtime      # DAGs    # Errors  Last Runtime    Last Run
--------------------------------------  -----  ---------  --------  ----------  --------------  -------------------
/opt/airflow/dags/urbanmove_nightly.py                           1           0  0.06s           2026-06-28T14:29:28
================================================================================
[2026-06-28T14:29:54.375+0000] {manager.py:737} INFO - Searching for files in /opt/airflow/dags
[2026-06-28T14:29:54.379+0000] {manager.py:740} INFO - There are 1 files in /opt/airflow/dags
[2026-06-28T14:30:05.468+0000] {manager.py:878} INFO - 
================================================================================
DAG File Processing Stats

File Path                               PID    Runtime      # DAGs    # Errors  Last Runtime    Last Run
--------------------------------------  -----  ---------  --------  ----------  --------------  -------------------
/opt/airflow/dags/urbanmove_nightly.py                           1           0  0.07s           2026-06-28T14:29:58
================================================================================
[2026-06-28T14:30:35.692+0000] {manager.py:878} INFO - 
================================================================================
DAG File Processing Stats

File Path                               PID    Runtime      # DAGs    # Errors  Last Runtime    Last Run
--------------------------------------  -----  ---------  --------  ----------  --------------  -------------------
/opt/airflow/dags/urbanmove_nightly.py                           1           0  0.07s           2026-06-28T14:30:28
================================================================================
[2026-06-28T14:31:05.903+0000] {manager.py:878} INFO - 
================================================================================
DAG File Processing Stats

File Path                               PID    Runtime      # DAGs    # Errors  Last Runtime    Last Run
--------------------------------------  -----  ---------  --------  ----------  --------------  -------------------
/opt/airflow/dags/urbanmove_nightly.py                           1           0  0.07s           2026-06-28T14:30:58
================================================================================
[2026-06-28T14:31:36.113+0000] {manager.py:878} INFO - 
================================================================================
DAG File Processing Stats

File Path                               PID    Runtime      # DAGs    # Errors  Last Runtime    Last Run
--------------------------------------  -----  ---------  --------  ----------  --------------  -------------------
/opt/airflow/dags/urbanmove_nightly.py                           1           0  0.06s           2026-06-28T14:31:29
================================================================================
[2026-06-28T14:32:06.296+0000] {manager.py:878} INFO - 
================================================================================
DAG File Processing Stats

File Path                               PID    Runtime      # DAGs    # Errors  Last Runtime    Last Run
--------------------------------------  -----  ---------  --------  ----------  --------------  -------------------
/opt/airflow/dags/urbanmove_nightly.py                           1           0  0.06s           2026-06-28T14:31:59
================================================================================
[2026-06-28T14:32:36.504+0000] {manager.py:878} INFO - 
================================================================================
DAG File Processing Stats

File Path                               PID    Runtime      # DAGs    # Errors  Last Runtime    Last Run
--------------------------------------  -----  ---------  --------  ----------  --------------  -------------------
/opt/airflow/dags/urbanmove_nightly.py                           1           0  0.08s           2026-06-28T14:32:29
================================================================================
[2026-06-28T14:33:06.704+0000] {manager.py:878} INFO - 
================================================================================
DAG File Processing Stats

File Path                               PID    Runtime      # DAGs    # Errors  Last Runtime    Last Run
--------------------------------------  -----  ---------  --------  ----------  --------------  -------------------
/opt/airflow/dags/urbanmove_nightly.py                           1           0  0.07s           2026-06-28T14:32:59
================================================================================
[2026-06-28T14:33:36.926+0000] {manager.py:878} INFO - 
================================================================================
DAG File Processing Stats

File Path                               PID    Runtime      # DAGs    # Errors  Last Runtime    Last Run
--------------------------------------  -----  ---------  --------  ----------  --------------  -------------------
/opt/airflow/dags/urbanmove_nightly.py                           1           0  0.07s           2026-06-28T14:33:29
================================================================================
[2026-06-28T14:34:07.132+0000] {manager.py:878} INFO - 
================================================================================
DAG File Processing Stats

File Path                               PID    Runtime      # DAGs    # Errors  Last Runtime    Last Run
--------------------------------------  -----  ---------  --------  ----------  --------------  -------------------
/opt/airflow/dags/urbanmove_nightly.py                           1           0  0.07s           2026-06-28T14:34:00
================================================================================
[2026-06-28T14:34:37.344+0000] {manager.py:878} INFO - 
================================================================================
DAG File Processing Stats

File Path                               PID    Runtime      # DAGs    # Errors  Last Runtime    Last Run
--------------------------------------  -----  ---------  --------  ----------  --------------  -------------------
/opt/airflow/dags/urbanmove_nightly.py                           1           0  0.06s           2026-06-28T14:34:30
================================================================================
[2026-06-28T14:34:54.454+0000] {manager.py:737} INFO - Searching for files in /opt/airflow/dags
[2026-06-28T14:34:54.458+0000] {manager.py:740} INFO - There are 1 files in /opt/airflow/dags
[2026-06-28T14:35:07.553+0000] {manager.py:878} INFO - 
================================================================================
DAG File Processing Stats

File Path                               PID    Runtime      # DAGs    # Errors  Last Runtime    Last Run
--------------------------------------  -----  ---------  --------  ----------  --------------  -------------------
/opt/airflow/dags/urbanmove_nightly.py                           1           0  0.06s           2026-06-28T14:35:00
================================================================================
[2026-06-28T14:35:37.768+0000] {manager.py:878} INFO - 
================================================================================
DAG File Processing Stats

File Path                               PID    Runtime      # DAGs    # Errors  Last Runtime    Last Run
--------------------------------------  -----  ---------  --------  ----------  --------------  -------------------
/opt/airflow/dags/urbanmove_nightly.py                           1           0  0.06s           2026-06-28T14:35:30
================================================================================
[2026-06-28T14:36:07.955+0000] {manager.py:878} INFO - 
================================================================================
DAG File Processing Stats

File Path                               PID    Runtime      # DAGs    # Errors  Last Runtime    Last Run
--------------------------------------  -----  ---------  --------  ----------  --------------  -------------------
/opt/airflow/dags/urbanmove_nightly.py                           1           0  0.06s           2026-06-28T14:36:00
================================================================================
[2026-06-28T14:36:38.161+0000] {manager.py:878} INFO - 
================================================================================
DAG File Processing Stats

File Path                               PID    Runtime      # DAGs    # Errors  Last Runtime    Last Run
--------------------------------------  -----  ---------  --------  ----------  --------------  -------------------
/opt/airflow/dags/urbanmove_nightly.py                           1           0  0.06s           2026-06-28T14:36:31
================================================================================
[2026-06-28T14:37:08.335+0000] {manager.py:878} INFO - 
================================================================================
DAG File Processing Stats

File Path                               PID    Runtime      # DAGs    # Errors  Last Runtime    Last Run
--------------------------------------  -----  ---------  --------  ----------  --------------  -------------------
/opt/airflow/dags/urbanmove_nightly.py                           1           0  0.06s           2026-06-28T14:37:01
================================================================================
[2026-06-28T14:37:38.529+0000] {manager.py:878} INFO - 
================================================================================
DAG File Processing Stats

File Path                               PID    Runtime      # DAGs    # Errors  Last Runtime    Last Run
--------------------------------------  -----  ---------  --------  ----------  --------------  -------------------
/opt/airflow/dags/urbanmove_nightly.py                           1           0  0.06s           2026-06-28T14:37:31
================================================================================
[2026-06-28T14:38:08.734+0000] {manager.py:878} INFO - 
================================================================================
DAG File Processing Stats

File Path                               PID    Runtime      # DAGs    # Errors  Last Runtime    Last Run
--------------------------------------  -----  ---------  --------  ----------  --------------  -------------------
/opt/airflow/dags/urbanmove_nightly.py                           1           0  0.07s           2026-06-28T14:38:01
================================================================================
[2026-06-28T14:38:38.932+0000] {manager.py:878} INFO - 
================================================================================
DAG File Processing Stats

File Path                               PID    Runtime      # DAGs    # Errors  Last Runtime    Last Run
--------------------------------------  -----  ---------  --------  ----------  --------------  -------------------
/opt/airflow/dags/urbanmove_nightly.py                           1           0  0.07s           2026-06-28T14:38:31
================================================================================
[2026-06-28T14:39:09.142+0000] {manager.py:878} INFO - 
================================================================================
DAG File Processing Stats

File Path                               PID    Runtime      # DAGs    # Errors  Last Runtime    Last Run
--------------------------------------  -----  ---------  --------  ----------  --------------  -------------------
/opt/airflow/dags/urbanmove_nightly.py                           1           0  0.08s           2026-06-28T14:39:02
================================================================================
[2026-06-28T14:39:39.362+0000] {manager.py:878} INFO - 
================================================================================
DAG File Processing Stats

File Path                               PID    Runtime      # DAGs    # Errors  Last Runtime    Last Run
--------------------------------------  -----  ---------  --------  ----------  --------------  -------------------
/opt/airflow/dags/urbanmove_nightly.py                           1           0  0.07s           2026-06-28T14:39:32
================================================================================
[2026-06-28T14:39:54.457+0000] {manager.py:737} INFO - Searching for files in /opt/airflow/dags
[2026-06-28T14:39:54.460+0000] {manager.py:740} INFO - There are 1 files in /opt/airflow/dags
[2026-06-28T14:40:09.576+0000] {manager.py:878} INFO - 
================================================================================
DAG File Processing Stats

File Path                               PID    Runtime      # DAGs    # Errors  Last Runtime    Last Run
--------------------------------------  -----  ---------  --------  ----------  --------------  -------------------
/opt/airflow/dags/urbanmove_nightly.py                           1           0  0.19s           2026-06-28T14:40:02
================================================================================
[2026-06-28T14:40:39.857+0000] {manager.py:878} INFO - 
================================================================================
DAG File Processing Stats

File Path                               PID    Runtime      # DAGs    # Errors  Last Runtime    Last Run
--------------------------------------  -----  ---------  --------  ----------  --------------  -------------------
/opt/airflow/dags/urbanmove_nightly.py                           1           0  0.06s           2026-06-28T14:40:32
================================================================================
[2026-06-28T14:41:09.964+0000] {manager.py:878} INFO - 
================================================================================
DAG File Processing Stats

File Path                               PID    Runtime      # DAGs    # Errors  Last Runtime    Last Run
--------------------------------------  -----  ---------  --------  ----------  --------------  -------------------
/opt/airflow/dags/urbanmove_nightly.py                           1           0  0.06s           2026-06-28T14:41:02
================================================================================
[2026-06-28T14:41:40.179+0000] {manager.py:878} INFO - 
================================================================================
DAG File Processing Stats

File Path                               PID    Runtime      # DAGs    # Errors  Last Runtime    Last Run
--------------------------------------  -----  ---------  --------  ----------  --------------  -------------------
/opt/airflow/dags/urbanmove_nightly.py                           1           0  0.09s           2026-06-28T14:41:33
================================================================================
[2026-06-28T14:42:10.384+0000] {manager.py:878} INFO - 
================================================================================
DAG File Processing Stats

File Path                               PID    Runtime      # DAGs    # Errors  Last Runtime    Last Run
--------------------------------------  -----  ---------  --------  ----------  --------------  -------------------
/opt/airflow/dags/urbanmove_nightly.py                           1           0  0.07s           2026-06-28T14:42:03
================================================================================
[2026-06-28T14:42:40.590+0000] {manager.py:878} INFO - 
================================================================================
DAG File Processing Stats

File Path                               PID    Runtime      # DAGs    # Errors  Last Runtime    Last Run
--------------------------------------  -----  ---------  --------  ----------  --------------  -------------------
/opt/airflow/dags/urbanmove_nightly.py                           1           0  0.07s           2026-06-28T14:42:33
================================================================================
[2026-06-28T14:43:10.806+0000] {manager.py:878} INFO - 
================================================================================
DAG File Processing Stats

File Path                               PID    Runtime      # DAGs    # Errors  Last Runtime    Last Run
--------------------------------------  -----  ---------  --------  ----------  --------------  -------------------
/opt/airflow/dags/urbanmove_nightly.py                           1           0  0.06s           2026-06-28T14:43:03
================================================================================
[2026-06-28T14:43:41.026+0000] {manager.py:878} INFO - 
================================================================================
DAG File Processing Stats

File Path                               PID    Runtime      # DAGs    # Errors  Last Runtime    Last Run
--------------------------------------  -----  ---------  --------  ----------  --------------  -------------------
/opt/airflow/dags/urbanmove_nightly.py                           1           0  0.11s           2026-06-28T14:43:14
================================================================================
[2026-06-28T14:44:11.222+0000] {manager.py:878} INFO - 
================================================================================
DAG File Processing Stats

File Path                               PID    Runtime      # DAGs    # Errors  Last Runtime    Last Run
--------------------------------------  -----  ---------  --------  ----------  --------------  -------------------
/opt/airflow/dags/urbanmove_nightly.py                           1           0  0.07s           2026-06-28T14:43:45
================================================================================
[2026-06-28T14:44:41.363+0000] {manager.py:878} INFO - 
================================================================================
DAG File Processing Stats

File Path                               PID    Runtime      # DAGs    # Errors  Last Runtime    Last Run
--------------------------------------  -----  ---------  --------  ----------  --------------  -------------------
/opt/airflow/dags/urbanmove_nightly.py                           1           0  0.04s           2026-06-28T14:44:15
================================================================================
[2026-06-28T14:44:54.496+0000] {manager.py:737} INFO - Searching for files in /opt/airflow/dags
[2026-06-28T14:44:54.501+0000] {manager.py:740} INFO - There are 1 files in /opt/airflow/dags
[2026-06-28T14:45:11.539+0000] {manager.py:878} INFO - 
================================================================================
DAG File Processing Stats

File Path                               PID    Runtime      # DAGs    # Errors  Last Runtime    Last Run
--------------------------------------  -----  ---------  --------  ----------  --------------  -------------------
/opt/airflow/dags/urbanmove_nightly.py                           1           0  0.07s           2026-06-28T14:44:45
================================================================================
[2026-06-28T14:45:41.731+0000] {manager.py:878} INFO - 
================================================================================
DAG File Processing Stats

File Path                               PID    Runtime      # DAGs    # Errors  Last Runtime    Last Run
--------------------------------------  -----  ---------  --------  ----------  --------------  -------------------
/opt/airflow/dags/urbanmove_nightly.py                           1           0  0.06s           2026-06-28T14:45:15
================================================================================
[2026-06-28T14:46:11.943+0000] {manager.py:878} INFO - 
================================================================================
DAG File Processing Stats

File Path                               PID    Runtime      # DAGs    # Errors  Last Runtime    Last Run
--------------------------------------  -----  ---------  --------  ----------  --------------  -------------------
/opt/airflow/dags/urbanmove_nightly.py                           1           0  0.06s           2026-06-28T14:45:45
================================================================================
[2026-06-28T14:46:42.145+0000] {manager.py:878} INFO - 
================================================================================
DAG File Processing Stats

File Path                               PID    Runtime      # DAGs    # Errors  Last Runtime    Last Run
--------------------------------------  -----  ---------  --------  ----------  --------------  -------------------
/opt/airflow/dags/urbanmove_nightly.py                           1           0  0.06s           2026-06-28T14:46:16
================================================================================
[2026-06-28T14:47:12.341+0000] {manager.py:878} INFO - 
================================================================================
DAG File Processing Stats

File Path                               PID    Runtime      # DAGs    # Errors  Last Runtime    Last Run
--------------------------------------  -----  ---------  --------  ----------  --------------  -------------------
/opt/airflow/dags/urbanmove_nightly.py                           1           0  0.06s           2026-06-28T14:46:46
================================================================================
[2026-06-28T14:47:42.587+0000] {manager.py:878} INFO - 
================================================================================
DAG File Processing Stats

File Path                               PID    Runtime      # DAGs    # Errors  Last Runtime    Last Run
--------------------------------------  -----  ---------  --------  ----------  --------------  -------------------
/opt/airflow/dags/urbanmove_nightly.py                           1           0  0.17s           2026-06-28T14:47:21
================================================================================
[2026-06-28T14:48:12.788+0000] {manager.py:878} INFO - 
================================================================================
DAG File Processing Stats

File Path                               PID    Runtime      # DAGs    # Errors  Last Runtime    Last Run
--------------------------------------  -----  ---------  --------  ----------  --------------  -------------------
/opt/airflow/dags/urbanmove_nightly.py                           1           0  0.06s           2026-06-28T14:47:51
================================================================================
[2026-06-28T14:48:42.942+0000] {manager.py:878} INFO - 
================================================================================
DAG File Processing Stats

File Path                               PID    Runtime      # DAGs    # Errors  Last Runtime    Last Run
--------------------------------------  -----  ---------  --------  ----------  --------------  -------------------
/opt/airflow/dags/urbanmove_nightly.py                           1           0  0.05s           2026-06-28T14:48:21
================================================================================
[2026-06-28T14:49:13.129+0000] {manager.py:878} INFO - 
================================================================================
DAG File Processing Stats

File Path                               PID    Runtime      # DAGs    # Errors  Last Runtime    Last Run
--------------------------------------  -----  ---------  --------  ----------  --------------  -------------------
/opt/airflow/dags/urbanmove_nightly.py                           1           0  0.04s           2026-06-28T14:48:52
================================================================================
[2026-06-28T14:49:43.334+0000] {manager.py:878} INFO - 
================================================================================
DAG File Processing Stats

File Path                               PID    Runtime      # DAGs    # Errors  Last Runtime    Last Run
--------------------------------------  -----  ---------  --------  ----------  --------------  -------------------
/opt/airflow/dags/urbanmove_nightly.py                           1           0  0.06s           2026-06-28T14:49:22
================================================================================
[2026-06-28T14:49:55.414+0000] {manager.py:737} INFO - Searching for files in /opt/airflow/dags
[2026-06-28T14:49:55.419+0000] {manager.py:740} INFO - There are 1 files in /opt/airflow/dags
[2026-06-28T14:50:13.521+0000] {manager.py:878} INFO - 
================================================================================
DAG File Processing Stats

File Path                               PID    Runtime      # DAGs    # Errors  Last Runtime    Last Run
--------------------------------------  -----  ---------  --------  ----------  --------------  -------------------
/opt/airflow/dags/urbanmove_nightly.py                           1           0  0.05s           2026-06-28T14:49:52
================================================================================
[2026-06-28T14:50:43.724+0000] {manager.py:878} INFO - 
================================================================================
DAG File Processing Stats

File Path                               PID    Runtime      # DAGs    # Errors  Last Runtime    Last Run
--------------------------------------  -----  ---------  --------  ----------  --------------  -------------------
/opt/airflow/dags/urbanmove_nightly.py                           1           0  0.07s           2026-06-28T14:50:22
================================================================================
[2026-06-28T14:51:13.924+0000] {manager.py:878} INFO - 
================================================================================
DAG File Processing Stats

File Path                               PID    Runtime      # DAGs    # Errors  Last Runtime    Last Run
--------------------------------------  -----  ---------  --------  ----------  --------------  -------------------
/opt/airflow/dags/urbanmove_nightly.py                           1           0  0.07s           2026-06-28T14:50:52
================================================================================
[2026-06-28T14:51:44.122+0000] {manager.py:878} INFO - 
================================================================================
DAG File Processing Stats

File Path                               PID    Runtime      # DAGs    # Errors  Last Runtime    Last Run
--------------------------------------  -----  ---------  --------  ----------  --------------  -------------------
/opt/airflow/dags/urbanmove_nightly.py                           1           0  0.06s           2026-06-28T14:51:23
================================================================================
[2026-06-28T14:52:14.300+0000] {manager.py:878} INFO - 
================================================================================
DAG File Processing Stats

File Path                               PID    Runtime      # DAGs    # Errors  Last Runtime    Last Run
--------------------------------------  -----  ---------  --------  ----------  --------------  -------------------
/opt/airflow/dags/urbanmove_nightly.py                           1           0  0.05s           2026-06-28T14:51:53
================================================================================
[2026-06-28T14:52:44.480+0000] {manager.py:878} INFO - 
================================================================================
DAG File Processing Stats

File Path                               PID    Runtime      # DAGs    # Errors  Last Runtime    Last Run
--------------------------------------  -----  ---------  --------  ----------  --------------  -------------------
/opt/airflow/dags/urbanmove_nightly.py                           1           0  0.05s           2026-06-28T14:52:23
================================================================================
[2026-06-28T14:53:14.692+0000] {manager.py:878} INFO - 
================================================================================
DAG File Processing Stats

File Path                               PID    Runtime      # DAGs    # Errors  Last Runtime    Last Run
--------------------------------------  -----  ---------  --------  ----------  --------------  -------------------
/opt/airflow/dags/urbanmove_nightly.py                           1           0  0.06s           2026-06-28T14:52:53
================================================================================
[2026-06-28T14:53:44.871+0000] {manager.py:878} INFO - 
================================================================================
DAG File Processing Stats

File Path                               PID    Runtime      # DAGs    # Errors  Last Runtime    Last Run
--------------------------------------  -----  ---------  --------  ----------  --------------  -------------------
/opt/airflow/dags/urbanmove_nightly.py                           1           0  0.07s           2026-06-28T14:53:23
================================================================================
[2026-06-28T14:54:15.088+0000] {manager.py:878} INFO - 
================================================================================
DAG File Processing Stats

File Path                               PID    Runtime      # DAGs    # Errors  Last Runtime    Last Run
--------------------------------------  -----  ---------  --------  ----------  --------------  -------------------
/opt/airflow/dags/urbanmove_nightly.py                           1           0  0.07s           2026-06-28T14:53:54
================================================================================
[2026-06-28T14:54:45.278+0000] {manager.py:878} INFO - 
================================================================================
DAG File Processing Stats

File Path                               PID    Runtime      # DAGs    # Errors  Last Runtime    Last Run
--------------------------------------  -----  ---------  --------  ----------  --------------  -------------------
/opt/airflow/dags/urbanmove_nightly.py                           1           0  0.06s           2026-06-28T14:54:24
================================================================================
[2026-06-28T14:54:56.355+0000] {manager.py:737} INFO - Searching for files in /opt/airflow/dags
[2026-06-28T14:54:56.359+0000] {manager.py:740} INFO - There are 1 files in /opt/airflow/dags
[2026-06-28T14:55:15.466+0000] {manager.py:878} INFO - 
================================================================================
DAG File Processing Stats

File Path                               PID    Runtime      # DAGs    # Errors  Last Runtime    Last Run
--------------------------------------  -----  ---------  --------  ----------  --------------  -------------------
/opt/airflow/dags/urbanmove_nightly.py                           1           0  0.07s           2026-06-28T14:54:54
================================================================================
[2026-06-28T14:55:45.663+0000] {manager.py:878} INFO - 
================================================================================
DAG File Processing Stats

File Path                               PID    Runtime      # DAGs    # Errors  Last Runtime    Last Run
--------------------------------------  -----  ---------  --------  ----------  --------------  -------------------
/opt/airflow/dags/urbanmove_nightly.py                           1           0  0.07s           2026-06-28T14:55:24
================================================================================
[2026-06-28T14:56:15.883+0000] {manager.py:878} INFO - 
================================================================================
DAG File Processing Stats

File Path                               PID    Runtime      # DAGs    # Errors  Last Runtime    Last Run
--------------------------------------  -----  ---------  --------  ----------  --------------  -------------------
/opt/airflow/dags/urbanmove_nightly.py                           1           0  0.06s           2026-06-28T14:55:54
================================================================================
[2026-06-28T15:25:54.452+0000] {manager.py:470} INFO - Processing files using up to 2 processes at a time 
[2026-06-28T15:25:54.453+0000] {manager.py:471} INFO - Process each file at most once every 30 seconds
[2026-06-28T15:25:54.453+0000] {manager.py:472} INFO - Checking for new files in /opt/airflow/dags every 300 seconds
[2026-06-28T15:25:54.453+0000] {manager.py:737} INFO - Searching for files in /opt/airflow/dags
[2026-06-28T15:25:54.456+0000] {manager.py:740} INFO - There are 1 files in /opt/airflow/dags
[2026-06-28T15:25:54.490+0000] {manager.py:878} INFO - 
================================================================================
DAG File Processing Stats

File Path                                 PID  Runtime      # DAGs    # Errors  Last Runtime    Last Run
--------------------------------------  -----  ---------  --------  ----------  --------------  ----------
/opt/airflow/dags/urbanmove_nightly.py    196  0.02s             0           0
================================================================================
[2026-06-28T15:26:24.668+0000] {manager.py:878} INFO - 
================================================================================
DAG File Processing Stats

File Path                                 PID  Runtime      # DAGs    # Errors  Last Runtime    Last Run
--------------------------------------  -----  ---------  --------  ----------  --------------  -------------------
/opt/airflow/dags/urbanmove_nightly.py    222  0.01s             1           0  0.11s           2026-06-28T15:25:54
================================================================================
[2026-06-28T15:26:54.922+0000] {manager.py:878} INFO - 
================================================================================
DAG File Processing Stats

File Path                                 PID  Runtime      # DAGs    # Errors  Last Runtime    Last Run
--------------------------------------  -----  ---------  --------  ----------  --------------  -------------------
/opt/airflow/dags/urbanmove_nightly.py    227  0.01s             1           0  0.06s           2026-06-28T15:26:24
================================================================================
[2026-06-28T15:27:25.083+0000] {manager.py:878} INFO - 
================================================================================
DAG File Processing Stats

File Path                                 PID  Runtime      # DAGs    # Errors  Last Runtime    Last Run
--------------------------------------  -----  ---------  --------  ----------  --------------  -------------------
/opt/airflow/dags/urbanmove_nightly.py    232  0.00s             1           0  0.06s           2026-06-28T15:26:54
================================================================================
[2026-06-28T15:27:55.263+0000] {manager.py:878} INFO - 
================================================================================
DAG File Processing Stats

File Path                                 PID  Runtime      # DAGs    # Errors  Last Runtime    Last Run
--------------------------------------  -----  ---------  --------  ----------  --------------  -------------------
/opt/airflow/dags/urbanmove_nightly.py    237  0.00s             1           0  0.05s           2026-06-28T15:27:25
================================================================================
[2026-06-28T15:28:25.445+0000] {manager.py:878} INFO - 
================================================================================
DAG File Processing Stats

File Path                                 PID  Runtime      # DAGs    # Errors  Last Runtime    Last Run
--------------------------------------  -----  ---------  --------  ----------  --------------  -------------------
/opt/airflow/dags/urbanmove_nightly.py    242  0.00s             1           0  0.04s           2026-06-28T15:27:55
================================================================================
[2026-06-28T15:28:55.632+0000] {manager.py:878} INFO - 
================================================================================
DAG File Processing Stats

File Path                                 PID  Runtime      # DAGs    # Errors  Last Runtime    Last Run
--------------------------------------  -----  ---------  --------  ----------  --------------  -------------------
/opt/airflow/dags/urbanmove_nightly.py    247  0.00s             1           0  0.06s           2026-06-28T15:28:25
================================================================================
[2026-06-28T15:29:25.816+0000] {manager.py:878} INFO - 
================================================================================
DAG File Processing Stats

File Path                                 PID  Runtime      # DAGs    # Errors  Last Runtime    Last Run
--------------------------------------  -----  ---------  --------  ----------  --------------  -------------------
/opt/airflow/dags/urbanmove_nightly.py    252  0.00s             1           0  0.06s           2026-06-28T15:28:55
================================================================================
[2026-06-28T15:29:56.054+0000] {manager.py:878} INFO - 
================================================================================
DAG File Processing Stats

File Path                                 PID  Runtime      # DAGs    # Errors  Last Runtime    Last Run
--------------------------------------  -----  ---------  --------  ----------  --------------  -------------------
/opt/airflow/dags/urbanmove_nightly.py    257  0.00s             1           0  0.06s           2026-06-28T15:29:25
================================================================================
[2026-06-28T15:30:26.250+0000] {manager.py:878} INFO - 
================================================================================
DAG File Processing Stats

File Path                                 PID  Runtime      # DAGs    # Errors  Last Runtime    Last Run
--------------------------------------  -----  ---------  --------  ----------  --------------  -------------------
/opt/airflow/dags/urbanmove_nightly.py    262  0.00s             1           0  0.06s           2026-06-28T15:29:56
================================================================================
[2026-06-28T15:30:55.422+0000] {manager.py:737} INFO - Searching for files in /opt/airflow/dags
[2026-06-28T15:30:55.428+0000] {manager.py:740} INFO - There are 1 files in /opt/airflow/dags
[2026-06-28T15:30:56.449+0000] {manager.py:878} INFO - 
================================================================================
DAG File Processing Stats

File Path                                 PID  Runtime      # DAGs    # Errors  Last Runtime    Last Run
--------------------------------------  -----  ---------  --------  ----------  --------------  -------------------
/opt/airflow/dags/urbanmove_nightly.py    267  0.00s             1           0  0.06s           2026-06-28T15:30:26
================================================================================
[2026-06-28T15:31:26.642+0000] {manager.py:878} INFO - 
================================================================================
DAG File Processing Stats

File Path                                 PID  Runtime      # DAGs    # Errors  Last Runtime    Last Run
--------------------------------------  -----  ---------  --------  ----------  --------------  -------------------
/opt/airflow/dags/urbanmove_nightly.py    272  0.00s             1           0  0.06s           2026-06-28T15:30:56
================================================================================
[2026-06-28T15:31:56.820+0000] {manager.py:878} INFO - 
================================================================================
DAG File Processing Stats

File Path                                 PID  Runtime      # DAGs    # Errors  Last Runtime    Last Run
--------------------------------------  -----  ---------  --------  ----------  --------------  -------------------
/opt/airflow/dags/urbanmove_nightly.py    277  0.00s             1           0  0.05s           2026-06-28T15:31:26
================================================================================
[2026-06-28T15:32:26.983+0000] {manager.py:878} INFO - 
================================================================================
DAG File Processing Stats

File Path                                 PID  Runtime      # DAGs    # Errors  Last Runtime    Last Run
--------------------------------------  -----  ---------  --------  ----------  --------------  -------------------
/opt/airflow/dags/urbanmove_nightly.py    282  0.00s             1           0  0.05s           2026-06-28T15:31:56
================================================================================
[2026-06-28T15:32:57.216+0000] {manager.py:878} INFO - 
================================================================================
DAG File Processing Stats

File Path                                 PID  Runtime      # DAGs    # Errors  Last Runtime    Last Run
--------------------------------------  -----  ---------  --------  ----------  --------------  -------------------
/opt/airflow/dags/urbanmove_nightly.py    287  0.00s             1           0  0.07s           2026-06-28T15:32:27
================================================================================
[2026-06-28T15:33:27.429+0000] {manager.py:878} INFO - 
================================================================================
DAG File Processing Stats

File Path                                 PID  Runtime      # DAGs    # Errors  Last Runtime    Last Run
--------------------------------------  -----  ---------  --------  ----------  --------------  -------------------
/opt/airflow/dags/urbanmove_nightly.py    292  0.00s             1           0  0.05s           2026-06-28T15:32:57
================================================================================
[2026-06-28T15:33:57.657+0000] {manager.py:878} INFO - 
================================================================================
DAG File Processing Stats

File Path                                 PID  Runtime      # DAGs    # Errors  Last Runtime    Last Run
--------------------------------------  -----  ---------  --------  ----------  --------------  -------------------
/opt/airflow/dags/urbanmove_nightly.py    297  0.00s             1           0  0.06s           2026-06-28T15:33:27
================================================================================
[2026-06-28T15:34:27.880+0000] {manager.py:878} INFO - 
================================================================================
DAG File Processing Stats

File Path                                 PID  Runtime      # DAGs    # Errors  Last Runtime    Last Run
--------------------------------------  -----  ---------  --------  ----------  --------------  -------------------
/opt/airflow/dags/urbanmove_nightly.py    302  0.00s             1           0  0.06s           2026-06-28T15:33:57
================================================================================
[2026-06-28T15:34:58.089+0000] {manager.py:878} INFO - 
================================================================================
DAG File Processing Stats

File Path                                 PID  Runtime      # DAGs    # Errors  Last Runtime    Last Run
--------------------------------------  -----  ---------  --------  ----------  --------------  -------------------
/opt/airflow/dags/urbanmove_nightly.py    307  0.00s             1           0  0.06s           2026-06-28T15:34:27
================================================================================
[2026-06-28T15:35:28.322+0000] {manager.py:878} INFO - 
================================================================================
DAG File Processing Stats

File Path                                 PID  Runtime      # DAGs    # Errors  Last Runtime    Last Run
--------------------------------------  -----  ---------  --------  ----------  --------------  -------------------
/opt/airflow/dags/urbanmove_nightly.py    312  0.00s             1           0  0.06s           2026-06-28T15:34:58
================================================================================
[2026-06-28T15:35:55.513+0000] {manager.py:737} INFO - Searching for files in /opt/airflow/dags
[2026-06-28T15:35:55.518+0000] {manager.py:740} INFO - There are 1 files in /opt/airflow/dags
[2026-06-28T15:35:58.554+0000] {manager.py:878} INFO - 
================================================================================
DAG File Processing Stats

File Path                                 PID  Runtime      # DAGs    # Errors  Last Runtime    Last Run
--------------------------------------  -----  ---------  --------  ----------  --------------  -------------------
/opt/airflow/dags/urbanmove_nightly.py    317  0.00s             1           0  0.06s           2026-06-28T15:35:28
================================================================================
[2026-06-28T15:36:28.782+0000] {manager.py:878} INFO - 
================================================================================
DAG File Processing Stats

File Path                                 PID  Runtime      # DAGs    # Errors  Last Runtime    Last Run
--------------------------------------  -----  ---------  --------  ----------  --------------  -------------------
/opt/airflow/dags/urbanmove_nightly.py    322  0.00s             1           0  0.06s           2026-06-28T15:35:58
================================================================================
[2026-06-28T15:36:58.983+0000] {manager.py:878} INFO - 
================================================================================
DAG File Processing Stats

File Path                                 PID  Runtime      # DAGs    # Errors  Last Runtime    Last Run
--------------------------------------  -----  ---------  --------  ----------  --------------  -------------------
/opt/airflow/dags/urbanmove_nightly.py    327  0.00s             1           0  0.06s           2026-06-28T15:36:28
================================================================================
[2026-06-28T15:37:29.192+0000] {manager.py:878} INFO - 
================================================================================
DAG File Processing Stats

File Path                                 PID  Runtime      # DAGs    # Errors  Last Runtime    Last Run
--------------------------------------  -----  ---------  --------  ----------  --------------  -------------------
/opt/airflow/dags/urbanmove_nightly.py    332  0.00s             1           0  0.07s           2026-06-28T15:36:59
================================================================================
[2026-06-28T15:37:59.387+0000] {manager.py:878} INFO - 
================================================================================
DAG File Processing Stats

File Path                                 PID  Runtime      # DAGs    # Errors  Last Runtime    Last Run
--------------------------------------  -----  ---------  --------  ----------  --------------  -------------------
/opt/airflow/dags/urbanmove_nightly.py    337  0.00s             1           0  0.05s           2026-06-28T15:37:29
================================================================================
[2026-06-28T15:38:29.569+0000] {manager.py:878} INFO - 
================================================================================
DAG File Processing Stats

File Path                                 PID  Runtime      # DAGs    # Errors  Last Runtime    Last Run
--------------------------------------  -----  ---------  --------  ----------  --------------  -------------------
/opt/airflow/dags/urbanmove_nightly.py    342  0.00s             1           0  0.05s           2026-06-28T15:37:59
================================================================================
[2026-06-28T15:38:59.789+0000] {manager.py:878} INFO - 
================================================================================
DAG File Processing Stats

File Path                                 PID  Runtime      # DAGs    # Errors  Last Runtime    Last Run
--------------------------------------  -----  ---------  --------  ----------  --------------  -------------------
/opt/airflow/dags/urbanmove_nightly.py    347  0.01s             1           0  0.06s           2026-06-28T15:38:29
================================================================================
[2026-06-28T15:39:09.116+0000] {manager.py:470} INFO - Processing files using up to 2 processes at a time 
[2026-06-28T15:39:09.116+0000] {manager.py:471} INFO - Process each file at most once every 30 seconds
[2026-06-28T15:39:09.116+0000] {manager.py:472} INFO - Checking for new files in /opt/airflow/dags every 300 seconds
[2026-06-28T15:39:09.116+0000] {manager.py:737} INFO - Searching for files in /opt/airflow/dags
[2026-06-28T15:39:09.119+0000] {manager.py:740} INFO - There are 1 files in /opt/airflow/dags
[2026-06-28T15:39:09.164+0000] {manager.py:878} INFO - 
================================================================================
DAG File Processing Stats

File Path                                 PID  Runtime      # DAGs    # Errors  Last Runtime    Last Run
--------------------------------------  -----  ---------  --------  ----------  --------------  ----------
/opt/airflow/dags/urbanmove_nightly.py    196  0.02s             0           0
================================================================================
[2026-06-28T15:39:39.332+0000] {manager.py:878} INFO - 
================================================================================
DAG File Processing Stats

File Path                                 PID  Runtime      # DAGs    # Errors  Last Runtime    Last Run
--------------------------------------  -----  ---------  --------  ----------  --------------  -------------------
/opt/airflow/dags/urbanmove_nightly.py    238  0.00s             1           0  0.14s           2026-06-28T15:39:09
================================================================================
[2026-06-28T15:40:09.494+0000] {manager.py:878} INFO - 
================================================================================
DAG File Processing Stats

File Path                                 PID  Runtime      # DAGs    # Errors  Last Runtime    Last Run
--------------------------------------  -----  ---------  --------  ----------  --------------  -------------------
/opt/airflow/dags/urbanmove_nightly.py    243  0.00s             1           0  0.05s           2026-06-28T15:39:39
================================================================================
[2026-06-28T15:40:39.690+0000] {manager.py:878} INFO - 
================================================================================
DAG File Processing Stats

File Path                                 PID  Runtime      # DAGs    # Errors  Last Runtime    Last Run
--------------------------------------  -----  ---------  --------  ----------  --------------  -------------------
/opt/airflow/dags/urbanmove_nightly.py    265  0.00s             1           0  0.05s           2026-06-28T15:40:09
================================================================================
[2026-06-28T15:41:09.900+0000] {manager.py:878} INFO - 
================================================================================
DAG File Processing Stats

File Path                                 PID  Runtime      # DAGs    # Errors  Last Runtime    Last Run
--------------------------------------  -----  ---------  --------  ----------  --------------  -------------------
/opt/airflow/dags/urbanmove_nightly.py    270  0.00s             1           0  0.06s           2026-06-28T15:40:39
================================================================================
[2026-06-28T15:41:40.108+0000] {manager.py:878} INFO - 
================================================================================
DAG File Processing Stats

File Path                                 PID  Runtime      # DAGs    # Errors  Last Runtime    Last Run
--------------------------------------  -----  ---------  --------  ----------  --------------  -------------------
/opt/airflow/dags/urbanmove_nightly.py    275  0.00s             1           0  0.06s           2026-06-28T15:41:09
================================================================================
[2026-06-28T15:42:10.292+0000] {manager.py:878} INFO - 
================================================================================
DAG File Processing Stats

File Path                                 PID  Runtime      # DAGs    # Errors  Last Runtime    Last Run
--------------------------------------  -----  ---------  --------  ----------  --------------  -------------------
/opt/airflow/dags/urbanmove_nightly.py    280  0.00s             1           0  0.05s           2026-06-28T15:41:40
================================================================================
[2026-06-28T15:42:40.467+0000] {manager.py:878} INFO - 
================================================================================
DAG File Processing Stats

File Path                                 PID  Runtime      # DAGs    # Errors  Last Runtime    Last Run
--------------------------------------  -----  ---------  --------  ----------  --------------  -------------------
/opt/airflow/dags/urbanmove_nightly.py    285  0.00s             1           0  0.07s           2026-06-28T15:42:10
================================================================================
[2026-06-28T15:43:10.651+0000] {manager.py:878} INFO - 
================================================================================
DAG File Processing Stats

File Path                                 PID  Runtime      # DAGs    # Errors  Last Runtime    Last Run
--------------------------------------  -----  ---------  --------  ----------  --------------  -------------------
/opt/airflow/dags/urbanmove_nightly.py    296  0.00s             1           0  0.07s           2026-06-28T15:42:40
================================================================================
[2026-06-28T15:43:40.860+0000] {manager.py:878} INFO - 
================================================================================
DAG File Processing Stats

File Path                                 PID  Runtime      # DAGs    # Errors  Last Runtime    Last Run
--------------------------------------  -----  ---------  --------  ----------  --------------  -------------------
/opt/airflow/dags/urbanmove_nightly.py    301  0.01s             1           0  0.06s           2026-06-28T15:43:10
================================================================================
[2026-06-28T15:44:10.043+0000] {manager.py:737} INFO - Searching for files in /opt/airflow/dags
[2026-06-28T15:44:10.066+0000] {manager.py:740} INFO - There are 1 files in /opt/airflow/dags
[2026-06-28T15:44:11.086+0000] {manager.py:878} INFO - 
================================================================================
DAG File Processing Stats

File Path                                 PID  Runtime      # DAGs    # Errors  Last Runtime    Last Run
--------------------------------------  -----  ---------  --------  ----------  --------------  -------------------
/opt/airflow/dags/urbanmove_nightly.py    306  0.00s             1           0  0.07s           2026-06-28T15:43:40
================================================================================
[2026-06-28T15:44:41.282+0000] {manager.py:878} INFO - 
================================================================================
DAG File Processing Stats

File Path                                 PID  Runtime      # DAGs    # Errors  Last Runtime    Last Run
--------------------------------------  -----  ---------  --------  ----------  --------------  -------------------
/opt/airflow/dags/urbanmove_nightly.py    311  0.00s             1           0  0.05s           2026-06-28T15:44:11
================================================================================
[2026-06-28T15:45:27.560+0000] {manager.py:878} INFO - 
================================================================================
DAG File Processing Stats

File Path                                 PID  Runtime      # DAGs    # Errors  Last Runtime    Last Run
--------------------------------------  -----  ---------  --------  ----------  --------------  -------------------
/opt/airflow/dags/urbanmove_nightly.py    316  0.03s             1           0  0.05s           2026-06-28T15:44:41
================================================================================
[2026-06-28T15:46:13.092+0000] {manager.py:878} INFO - 
================================================================================
DAG File Processing Stats

File Path                               PID    Runtime      # DAGs    # Errors  Last Runtime    Last Run
--------------------------------------  -----  ---------  --------  ----------  --------------  -------------------
/opt/airflow/dags/urbanmove_nightly.py                           1           0  0.07s           2026-06-28T15:45:58
================================================================================
[2026-06-28T15:46:43.303+0000] {manager.py:878} INFO - 
================================================================================
DAG File Processing Stats

File Path                               PID    Runtime      # DAGs    # Errors  Last Runtime    Last Run
--------------------------------------  -----  ---------  --------  ----------  --------------  -------------------
/opt/airflow/dags/urbanmove_nightly.py                           1           0  0.06s           2026-06-28T15:46:28
================================================================================
[2026-06-28T15:47:13.509+0000] {manager.py:878} INFO - 
================================================================================
DAG File Processing Stats

File Path                               PID    Runtime      # DAGs    # Errors  Last Runtime    Last Run
--------------------------------------  -----  ---------  --------  ----------  --------------  -------------------
/opt/airflow/dags/urbanmove_nightly.py                           1           0  0.17s           2026-06-28T15:46:58
================================================================================
[2026-06-28T15:47:43.694+0000] {manager.py:878} INFO - 
================================================================================
DAG File Processing Stats

File Path                               PID    Runtime      # DAGs    # Errors  Last Runtime    Last Run
--------------------------------------  -----  ---------  --------  ----------  --------------  -------------------
/opt/airflow/dags/urbanmove_nightly.py                           1           0  0.07s           2026-06-28T15:47:28
================================================================================
[2026-06-28T15:48:13.884+0000] {manager.py:878} INFO - 
================================================================================
DAG File Processing Stats

File Path                               PID    Runtime      # DAGs    # Errors  Last Runtime    Last Run
--------------------------------------  -----  ---------  --------  ----------  --------------  -------------------
/opt/airflow/dags/urbanmove_nightly.py                           1           0  0.08s           2026-06-28T15:47:58
================================================================================
[2026-06-28T15:48:44.098+0000] {manager.py:878} INFO - 
================================================================================
DAG File Processing Stats

File Path                               PID    Runtime      # DAGs    # Errors  Last Runtime    Last Run
--------------------------------------  -----  ---------  --------  ----------  --------------  -------------------
/opt/airflow/dags/urbanmove_nightly.py                           1           0  0.09s           2026-06-28T15:48:29
================================================================================
[2026-06-28T15:49:10.279+0000] {manager.py:737} INFO - Searching for files in /opt/airflow/dags
[2026-06-28T15:49:10.300+0000] {manager.py:740} INFO - There are 1 files in /opt/airflow/dags
[2026-06-28T15:49:14.336+0000] {manager.py:878} INFO - 
================================================================================
DAG File Processing Stats

File Path                               PID    Runtime      # DAGs    # Errors  Last Runtime    Last Run
--------------------------------------  -----  ---------  --------  ----------  --------------  -------------------
/opt/airflow/dags/urbanmove_nightly.py                           1           0  0.06s           2026-06-28T15:48:59
================================================================================
[2026-06-28T15:49:44.517+0000] {manager.py:878} INFO - 
================================================================================
DAG File Processing Stats

File Path                               PID    Runtime      # DAGs    # Errors  Last Runtime    Last Run
--------------------------------------  -----  ---------  --------  ----------  --------------  -------------------
/opt/airflow/dags/urbanmove_nightly.py                           1           0  0.06s           2026-06-28T15:49:29
================================================================================
[2026-06-28T15:50:14.739+0000] {manager.py:878} INFO - 
================================================================================
DAG File Processing Stats

File Path                               PID    Runtime      # DAGs    # Errors  Last Runtime    Last Run
--------------------------------------  -----  ---------  --------  ----------  --------------  -------------------
/opt/airflow/dags/urbanmove_nightly.py                           1           0  0.07s           2026-06-28T15:49:59
================================================================================
[2026-06-28T16:21:44.383+0000] {manager.py:470} INFO - Processing files using up to 2 processes at a time 
[2026-06-28T16:21:44.384+0000] {manager.py:471} INFO - Process each file at most once every 30 seconds
[2026-06-28T16:21:44.384+0000] {manager.py:472} INFO - Checking for new files in /opt/airflow/dags every 300 seconds
[2026-06-28T16:21:44.384+0000] {manager.py:737} INFO - Searching for files in /opt/airflow/dags
[2026-06-28T16:21:44.386+0000] {manager.py:740} INFO - There are 1 files in /opt/airflow/dags
[2026-06-28T16:21:44.420+0000] {manager.py:878} INFO - 
================================================================================
DAG File Processing Stats

File Path                                 PID  Runtime      # DAGs    # Errors  Last Runtime    Last Run
--------------------------------------  -----  ---------  --------  ----------  --------------  ----------
/opt/airflow/dags/urbanmove_nightly.py    195  0.02s             0           0
================================================================================
[2026-06-28T16:22:14.584+0000] {manager.py:878} INFO - 
================================================================================
DAG File Processing Stats

File Path                                 PID  Runtime      # DAGs    # Errors  Last Runtime    Last Run
--------------------------------------  -----  ---------  --------  ----------  --------------  -------------------
/opt/airflow/dags/urbanmove_nightly.py    221  0.00s             1           0  0.12s           2026-06-28T16:21:44
================================================================================
[2026-06-28T16:22:44.792+0000] {manager.py:878} INFO - 
================================================================================
DAG File Processing Stats

File Path                                 PID  Runtime      # DAGs    # Errors  Last Runtime    Last Run
--------------------------------------  -----  ---------  --------  ----------  --------------  -------------------
/opt/airflow/dags/urbanmove_nightly.py    226  0.00s             1           0  0.06s           2026-06-28T16:22:14
================================================================================
[2026-06-28T16:23:14.968+0000] {manager.py:878} INFO - 
================================================================================
DAG File Processing Stats

File Path                                 PID  Runtime      # DAGs    # Errors  Last Runtime    Last Run
--------------------------------------  -----  ---------  --------  ----------  --------------  -------------------
/opt/airflow/dags/urbanmove_nightly.py    248  0.00s             1           0  0.06s           2026-06-28T16:22:44
================================================================================
[2026-06-28T16:23:45.160+0000] {manager.py:878} INFO - 
================================================================================
DAG File Processing Stats

File Path                                 PID  Runtime      # DAGs    # Errors  Last Runtime    Last Run
--------------------------------------  -----  ---------  --------  ----------  --------------  -------------------
/opt/airflow/dags/urbanmove_nightly.py    310  0.00s             1           0  0.06s           2026-06-28T16:23:15
================================================================================
[2026-06-28T16:24:15.277+0000] {manager.py:878} INFO - 
================================================================================
DAG File Processing Stats

File Path                                 PID  Runtime      # DAGs    # Errors  Last Runtime    Last Run
--------------------------------------  -----  ---------  --------  ----------  --------------  -------------------
/opt/airflow/dags/urbanmove_nightly.py    315  0.00s             1           0  0.04s           2026-06-28T16:23:45
================================================================================
[2026-06-28T16:24:45.419+0000] {manager.py:878} INFO - 
================================================================================
DAG File Processing Stats

File Path                                 PID  Runtime      # DAGs    # Errors  Last Runtime    Last Run
--------------------------------------  -----  ---------  --------  ----------  --------------  -------------------
/opt/airflow/dags/urbanmove_nightly.py    326  0.00s             1           0  0.04s           2026-06-28T16:24:15
================================================================================
[2026-06-28T16:25:15.608+0000] {manager.py:878} INFO - 
================================================================================
DAG File Processing Stats

File Path                                 PID  Runtime      # DAGs    # Errors  Last Runtime    Last Run
--------------------------------------  -----  ---------  --------  ----------  --------------  -------------------
/opt/airflow/dags/urbanmove_nightly.py    331  0.00s             1           0  0.06s           2026-06-28T16:24:45
================================================================================
[2026-06-28T16:25:45.825+0000] {manager.py:878} INFO - 
================================================================================
DAG File Processing Stats

File Path                                 PID  Runtime      # DAGs    # Errors  Last Runtime    Last Run
--------------------------------------  -----  ---------  --------  ----------  --------------  -------------------
/opt/airflow/dags/urbanmove_nightly.py    336  0.00s             1           0  0.07s           2026-06-28T16:25:15
================================================================================
[2026-06-28T16:26:16.006+0000] {manager.py:878} INFO - 
================================================================================
DAG File Processing Stats

File Path                                 PID  Runtime      # DAGs    # Errors  Last Runtime    Last Run
--------------------------------------  -----  ---------  --------  ----------  --------------  -------------------
/opt/airflow/dags/urbanmove_nightly.py    341  0.00s             1           0  0.07s           2026-06-28T16:25:45
================================================================================
[2026-06-28T16:26:45.172+0000] {manager.py:737} INFO - Searching for files in /opt/airflow/dags
[2026-06-28T16:26:45.177+0000] {manager.py:740} INFO - There are 1 files in /opt/airflow/dags
[2026-06-28T16:26:46.198+0000] {manager.py:878} INFO - 
================================================================================
DAG File Processing Stats

File Path                                 PID  Runtime      # DAGs    # Errors  Last Runtime    Last Run
--------------------------------------  -----  ---------  --------  ----------  --------------  -------------------
/opt/airflow/dags/urbanmove_nightly.py    346  0.00s             1           0  0.06s           2026-06-28T16:26:16
================================================================================
[2026-06-28T16:27:16.361+0000] {manager.py:878} INFO - 
================================================================================
DAG File Processing Stats

File Path                                 PID  Runtime      # DAGs    # Errors  Last Runtime    Last Run
--------------------------------------  -----  ---------  --------  ----------  --------------  -------------------
/opt/airflow/dags/urbanmove_nightly.py    351  0.00s             1           0  0.06s           2026-06-28T16:26:46
================================================================================
[2026-06-28T16:27:46.586+0000] {manager.py:878} INFO - 
================================================================================
DAG File Processing Stats

File Path                                 PID  Runtime      # DAGs    # Errors  Last Runtime    Last Run
--------------------------------------  -----  ---------  --------  ----------  --------------  -------------------
/opt/airflow/dags/urbanmove_nightly.py    356  0.00s             1           0  0.06s           2026-06-28T16:27:16
================================================================================
[2026-06-28T16:28:16.787+0000] {manager.py:878} INFO - 
================================================================================
DAG File Processing Stats

File Path                                 PID  Runtime      # DAGs    # Errors  Last Runtime    Last Run
--------------------------------------  -----  ---------  --------  ----------  --------------  -------------------
/opt/airflow/dags/urbanmove_nightly.py    361  0.00s             1           0  0.06s           2026-06-28T16:27:46
================================================================================
[2026-06-28T16:28:46.978+0000] {manager.py:878} INFO - 
================================================================================
DAG File Processing Stats

File Path                                 PID  Runtime      # DAGs    # Errors  Last Runtime    Last Run
--------------------------------------  -----  ---------  --------  ----------  --------------  -------------------
/opt/airflow/dags/urbanmove_nightly.py    366  0.00s             1           0  0.06s           2026-06-28T16:28:16
================================================================================
[2026-06-28T16:29:17.193+0000] {manager.py:878} INFO - 
================================================================================
DAG File Processing Stats

File Path                                 PID  Runtime      # DAGs    # Errors  Last Runtime    Last Run
--------------------------------------  -----  ---------  --------  ----------  --------------  -------------------
/opt/airflow/dags/urbanmove_nightly.py    371  0.01s             1           0  0.05s           2026-06-28T16:28:47
================================================================================
[2026-06-28T16:29:47.340+0000] {manager.py:878} INFO - 
================================================================================
DAG File Processing Stats

File Path                                 PID  Runtime      # DAGs    # Errors  Last Runtime    Last Run
--------------------------------------  -----  ---------  --------  ----------  --------------  -------------------
/opt/airflow/dags/urbanmove_nightly.py    404  0.00s             1           0  0.08s           2026-06-28T16:29:17
================================================================================
[2026-06-28T16:30:17.507+0000] {manager.py:878} INFO - 
================================================================================
DAG File Processing Stats

File Path                                 PID  Runtime      # DAGs    # Errors  Last Runtime    Last Run
--------------------------------------  -----  ---------  --------  ----------  --------------  -------------------
/opt/airflow/dags/urbanmove_nightly.py    409  0.00s             1           0  0.04s           2026-06-28T16:29:47
================================================================================
[2026-06-28T16:30:47.736+0000] {manager.py:878} INFO - 
================================================================================
DAG File Processing Stats

File Path                                 PID  Runtime      # DAGs    # Errors  Last Runtime    Last Run
--------------------------------------  -----  ---------  --------  ----------  --------------  -------------------
/opt/airflow/dags/urbanmove_nightly.py    420  0.00s             1           0  0.10s           2026-06-28T16:30:17
================================================================================
[2026-06-28T16:31:17.873+0000] {manager.py:878} INFO - 
================================================================================
DAG File Processing Stats

File Path                                 PID  Runtime      # DAGs    # Errors  Last Runtime    Last Run
--------------------------------------  -----  ---------  --------  ----------  --------------  -------------------
/opt/airflow/dags/urbanmove_nightly.py    425  0.00s             1           0  0.07s           2026-06-28T16:30:47
================================================================================
[2026-06-28T16:31:46.055+0000] {manager.py:737} INFO - Searching for files in /opt/airflow/dags
[2026-06-28T16:31:46.073+0000] {manager.py:740} INFO - There are 1 files in /opt/airflow/dags
[2026-06-28T16:31:48.100+0000] {manager.py:878} INFO - 
================================================================================
DAG File Processing Stats

File Path                                 PID  Runtime      # DAGs    # Errors  Last Runtime    Last Run
--------------------------------------  -----  ---------  --------  ----------  --------------  -------------------
/opt/airflow/dags/urbanmove_nightly.py    430  0.00s             1           0  0.08s           2026-06-28T16:31:17
================================================================================
[2026-06-28T16:32:18.263+0000] {manager.py:878} INFO - 
================================================================================
DAG File Processing Stats

File Path                                 PID  Runtime      # DAGs    # Errors  Last Runtime    Last Run
--------------------------------------  -----  ---------  --------  ----------  --------------  -------------------
/opt/airflow/dags/urbanmove_nightly.py    435  0.00s             1           0  0.11s           2026-06-28T16:31:48
================================================================================
[2026-06-28T16:32:48.465+0000] {manager.py:878} INFO - 
================================================================================
DAG File Processing Stats

File Path                                 PID  Runtime      # DAGs    # Errors  Last Runtime    Last Run
--------------------------------------  -----  ---------  --------  ----------  --------------  -------------------
/opt/airflow/dags/urbanmove_nightly.py    440  0.00s             1           0  0.08s           2026-06-28T16:32:18
================================================================================
[2026-06-28T16:33:18.637+0000] {manager.py:878} INFO - 
================================================================================
DAG File Processing Stats

File Path                                 PID  Runtime      # DAGs    # Errors  Last Runtime    Last Run
--------------------------------------  -----  ---------  --------  ----------  --------------  -------------------
/opt/airflow/dags/urbanmove_nightly.py    445  0.00s             1           0  0.07s           2026-06-28T16:32:48
================================================================================
[2026-06-28T16:33:48.813+0000] {manager.py:878} INFO - 
================================================================================
DAG File Processing Stats

File Path                                 PID  Runtime      # DAGs    # Errors  Last Runtime    Last Run
--------------------------------------  -----  ---------  --------  ----------  --------------  -------------------
/opt/airflow/dags/urbanmove_nightly.py    450  0.00s             1           0  0.06s           2026-06-28T16:33:18
================================================================================
[2026-06-28T16:34:18.962+0000] {manager.py:878} INFO - 
================================================================================
DAG File Processing Stats

File Path                                 PID  Runtime      # DAGs    # Errors  Last Runtime    Last Run
--------------------------------------  -----  ---------  --------  ----------  --------------  -------------------
/opt/airflow/dags/urbanmove_nightly.py    455  0.01s             1           0  0.10s           2026-06-28T16:33:48
================================================================================
[2026-06-28T16:34:49.194+0000] {manager.py:878} INFO - 
================================================================================
DAG File Processing Stats

File Path                                 PID  Runtime      # DAGs    # Errors  Last Runtime    Last Run
--------------------------------------  -----  ---------  --------  ----------  --------------  -------------------
/opt/airflow/dags/urbanmove_nightly.py    460  0.00s             1           0  0.07s           2026-06-28T16:34:19
================================================================================
[2026-06-28T16:35:19.371+0000] {manager.py:878} INFO - 
================================================================================
DAG File Processing Stats

File Path                                 PID  Runtime      # DAGs    # Errors  Last Runtime    Last Run
--------------------------------------  -----  ---------  --------  ----------  --------------  -------------------
/opt/airflow/dags/urbanmove_nightly.py    465  0.00s             1           0  0.07s           2026-06-28T16:34:49
================================================================================
[2026-06-28T16:35:49.586+0000] {manager.py:878} INFO - 
================================================================================
DAG File Processing Stats

File Path                                 PID  Runtime      # DAGs    # Errors  Last Runtime    Last Run
--------------------------------------  -----  ---------  --------  ----------  --------------  -------------------
/opt/airflow/dags/urbanmove_nightly.py    470  0.00s             1           0  0.07s           2026-06-28T16:35:19
================================================================================
[2026-06-28T16:36:19.766+0000] {manager.py:878} INFO - 
================================================================================
DAG File Processing Stats

File Path                                 PID  Runtime      # DAGs    # Errors  Last Runtime    Last Run
--------------------------------------  -----  ---------  --------  ----------  --------------  -------------------
/opt/airflow/dags/urbanmove_nightly.py    475  0.00s             1           0  0.07s           2026-06-28T16:35:49
================================================================================
[2026-06-28T16:36:46.937+0000] {manager.py:737} INFO - Searching for files in /opt/airflow/dags
[2026-06-28T16:36:46.942+0000] {manager.py:740} INFO - There are 1 files in /opt/airflow/dags
[2026-06-28T16:36:49.977+0000] {manager.py:878} INFO - 
================================================================================
DAG File Processing Stats

File Path                                 PID  Runtime      # DAGs    # Errors  Last Runtime    Last Run
--------------------------------------  -----  ---------  --------  ----------  --------------  -------------------
/opt/airflow/dags/urbanmove_nightly.py    480  0.01s             1           0  0.07s           2026-06-28T16:36:19
================================================================================
[2026-06-28T16:37:20.147+0000] {manager.py:878} INFO - 
================================================================================
DAG File Processing Stats

File Path                                 PID  Runtime      # DAGs    # Errors  Last Runtime    Last Run
--------------------------------------  -----  ---------  --------  ----------  --------------  -------------------
/opt/airflow/dags/urbanmove_nightly.py    485  0.00s             1           0  0.07s           2026-06-28T16:36:50
================================================================================
[2026-06-28T16:37:50.368+0000] {manager.py:878} INFO - 
================================================================================
DAG File Processing Stats

File Path                                 PID  Runtime      # DAGs    # Errors  Last Runtime    Last Run
--------------------------------------  -----  ---------  --------  ----------  --------------  -------------------
/opt/airflow/dags/urbanmove_nightly.py    490  0.00s             1           0  0.05s           2026-06-28T16:37:20
================================================================================
[2026-06-28T16:38:20.582+0000] {manager.py:878} INFO - 
================================================================================
DAG File Processing Stats

File Path                                 PID  Runtime      # DAGs    # Errors  Last Runtime    Last Run
--------------------------------------  -----  ---------  --------  ----------  --------------  -------------------
/opt/airflow/dags/urbanmove_nightly.py    495  0.00s             1           0  0.06s           2026-06-28T16:37:50
================================================================================
[2026-06-28T16:38:50.773+0000] {manager.py:878} INFO - 
================================================================================
DAG File Processing Stats

File Path                                 PID  Runtime      # DAGs    # Errors  Last Runtime    Last Run
--------------------------------------  -----  ---------  --------  ----------  --------------  -------------------
/opt/airflow/dags/urbanmove_nightly.py    500  0.00s             1           0  0.06s           2026-06-28T16:38:20
================================================================================
[2026-06-28T16:39:20.968+0000] {manager.py:878} INFO - 
================================================================================
DAG File Processing Stats

File Path                                 PID  Runtime      # DAGs    # Errors  Last Runtime    Last Run
--------------------------------------  -----  ---------  --------  ----------  --------------  -------------------
/opt/airflow/dags/urbanmove_nightly.py    505  0.00s             1           0  0.06s           2026-06-28T16:38:50
================================================================================
[2026-06-28T16:39:51.147+0000] {manager.py:878} INFO - 
================================================================================
DAG File Processing Stats

File Path                                 PID  Runtime      # DAGs    # Errors  Last Runtime    Last Run
--------------------------------------  -----  ---------  --------  ----------  --------------  -------------------
/opt/airflow/dags/urbanmove_nightly.py    510  0.00s             1           0  0.06s           2026-06-28T16:39:21
================================================================================
[2026-06-28T16:40:21.319+0000] {manager.py:878} INFO - 
================================================================================
DAG File Processing Stats

File Path                                 PID  Runtime      # DAGs    # Errors  Last Runtime    Last Run
--------------------------------------  -----  ---------  --------  ----------  --------------  -------------------
/opt/airflow/dags/urbanmove_nightly.py    515  0.00s             1           0  0.05s           2026-06-28T16:39:51
================================================================================
[2026-06-28T16:40:51.505+0000] {manager.py:878} INFO - 
================================================================================
DAG File Processing Stats

File Path                                 PID  Runtime      # DAGs    # Errors  Last Runtime    Last Run
--------------------------------------  -----  ---------  --------  ----------  --------------  -------------------
/opt/airflow/dags/urbanmove_nightly.py    520  0.00s             1           0  0.05s           2026-06-28T16:40:21
================================================================================
[2026-06-28T16:41:21.681+0000] {manager.py:878} INFO - 
================================================================================
DAG File Processing Stats

File Path                                 PID  Runtime      # DAGs    # Errors  Last Runtime    Last Run
--------------------------------------  -----  ---------  --------  ----------  --------------  -------------------
/opt/airflow/dags/urbanmove_nightly.py    525  0.00s             1           0  0.06s           2026-06-28T16:40:51
================================================================================
[2026-06-28T16:41:47.850+0000] {manager.py:737} INFO - Searching for files in /opt/airflow/dags
[2026-06-28T16:41:47.855+0000] {manager.py:740} INFO - There are 1 files in /opt/airflow/dags
[2026-06-28T16:41:51.895+0000] {manager.py:878} INFO - 
================================================================================
DAG File Processing Stats

File Path                                 PID  Runtime      # DAGs    # Errors  Last Runtime    Last Run
--------------------------------------  -----  ---------  --------  ----------  --------------  -------------------
/opt/airflow/dags/urbanmove_nightly.py    530  0.00s             1           0  0.05s           2026-06-28T16:41:21
================================================================================
[2026-06-28T16:42:22.102+0000] {manager.py:878} INFO - 
================================================================================
DAG File Processing Stats

File Path                                 PID  Runtime      # DAGs    # Errors  Last Runtime    Last Run
--------------------------------------  -----  ---------  --------  ----------  --------------  -------------------
/opt/airflow/dags/urbanmove_nightly.py    535  0.00s             1           0  0.06s           2026-06-28T16:41:51
================================================================================
[2026-06-28T16:42:52.294+0000] {manager.py:878} INFO - 
================================================================================
DAG File Processing Stats

File Path                                 PID  Runtime      # DAGs    # Errors  Last Runtime    Last Run
--------------------------------------  -----  ---------  --------  ----------  --------------  -------------------
/opt/airflow/dags/urbanmove_nightly.py    540  0.00s             1           0  0.06s           2026-06-28T16:42:22
================================================================================
[2026-06-28T16:43:22.490+0000] {manager.py:878} INFO - 
================================================================================
DAG File Processing Stats

File Path                                 PID  Runtime      # DAGs    # Errors  Last Runtime    Last Run
--------------------------------------  -----  ---------  --------  ----------  --------------  -------------------
/opt/airflow/dags/urbanmove_nightly.py    545  0.00s             1           0  0.06s           2026-06-28T16:42:52
================================================================================
[2026-06-28T16:43:52.686+0000] {manager.py:878} INFO - 
================================================================================
DAG File Processing Stats

File Path                                 PID  Runtime      # DAGs    # Errors  Last Runtime    Last Run
--------------------------------------  -----  ---------  --------  ----------  --------------  -------------------
/opt/airflow/dags/urbanmove_nightly.py    550  0.00s             1           0  0.06s           2026-06-28T16:43:22
================================================================================
[2026-06-28T16:44:22.869+0000] {manager.py:878} INFO - 
================================================================================
DAG File Processing Stats

File Path                                 PID  Runtime      # DAGs    # Errors  Last Runtime    Last Run
--------------------------------------  -----  ---------  --------  ----------  --------------  -------------------
/opt/airflow/dags/urbanmove_nightly.py    555  0.00s             1           0  0.05s           2026-06-28T16:43:52
================================================================================
[2026-06-28T16:44:53.066+0000] {manager.py:878} INFO - 
================================================================================
DAG File Processing Stats

File Path                                 PID  Runtime      # DAGs    # Errors  Last Runtime    Last Run
--------------------------------------  -----  ---------  --------  ----------  --------------  -------------------
/opt/airflow/dags/urbanmove_nightly.py    560  0.00s             1           0  0.05s           2026-06-28T16:44:22
================================================================================
[2026-06-28T16:45:23.265+0000] {manager.py:878} INFO - 
================================================================================
DAG File Processing Stats

File Path                                 PID  Runtime      # DAGs    # Errors  Last Runtime    Last Run
--------------------------------------  -----  ---------  --------  ----------  --------------  -------------------
/opt/airflow/dags/urbanmove_nightly.py    565  0.00s             1           0  0.05s           2026-06-28T16:44:53
================================================================================
[2026-06-28T16:45:53.446+0000] {manager.py:878} INFO - 
================================================================================
DAG File Processing Stats

File Path                                 PID  Runtime      # DAGs    # Errors  Last Runtime    Last Run
--------------------------------------  -----  ---------  --------  ----------  --------------  -------------------
/opt/airflow/dags/urbanmove_nightly.py    570  0.00s             1           0  0.05s           2026-06-28T16:45:23
================================================================================
[2026-06-28T16:46:23.643+0000] {manager.py:878} INFO - 
================================================================================
DAG File Processing Stats

File Path                                 PID  Runtime      # DAGs    # Errors  Last Runtime    Last Run
--------------------------------------  -----  ---------  --------  ----------  --------------  -------------------
/opt/airflow/dags/urbanmove_nightly.py    575  0.00s             1           0  0.05s           2026-06-28T16:45:53
================================================================================
[2026-06-28T16:46:48.782+0000] {manager.py:737} INFO - Searching for files in /opt/airflow/dags
[2026-06-28T16:46:48.787+0000] {manager.py:740} INFO - There are 1 files in /opt/airflow/dags
[2026-06-28T16:46:53.828+0000] {manager.py:878} INFO - 
================================================================================
DAG File Processing Stats

File Path                                 PID  Runtime      # DAGs    # Errors  Last Runtime    Last Run
--------------------------------------  -----  ---------  --------  ----------  --------------  -------------------
/opt/airflow/dags/urbanmove_nightly.py    580  0.00s             1           0  0.06s           2026-06-28T16:46:23
================================================================================
[2026-06-28T16:47:24.037+0000] {manager.py:878} INFO - 
================================================================================
DAG File Processing Stats

File Path                                 PID  Runtime      # DAGs    # Errors  Last Runtime    Last Run
--------------------------------------  -----  ---------  --------  ----------  --------------  -------------------
/opt/airflow/dags/urbanmove_nightly.py    585  0.00s             1           0  0.06s           2026-06-28T16:46:53
================================================================================
[2026-06-28T16:47:54.217+0000] {manager.py:878} INFO - 
================================================================================
DAG File Processing Stats

File Path                                 PID  Runtime      # DAGs    # Errors  Last Runtime    Last Run
--------------------------------------  -----  ---------  --------  ----------  --------------  -------------------
/opt/airflow/dags/urbanmove_nightly.py    590  0.00s             1           0  0.06s           2026-06-28T16:47:24
================================================================================
[2026-06-28T16:48:24.409+0000] {manager.py:878} INFO - 
================================================================================
DAG File Processing Stats

File Path                                 PID  Runtime      # DAGs    # Errors  Last Runtime    Last Run
--------------------------------------  -----  ---------  --------  ----------  --------------  -------------------
/opt/airflow/dags/urbanmove_nightly.py    595  0.00s             1           0  0.05s           2026-06-28T16:47:54
================================================================================
[2026-06-28T16:48:54.590+0000] {manager.py:878} INFO - 
================================================================================
DAG File Processing Stats

File Path                                 PID  Runtime      # DAGs    # Errors  Last Runtime    Last Run
--------------------------------------  -----  ---------  --------  ----------  --------------  -------------------
/opt/airflow/dags/urbanmove_nightly.py    600  0.00s             1           0  0.05s           2026-06-28T16:48:24
================================================================================
[2026-06-28T16:49:24.765+0000] {manager.py:878} INFO - 
================================================================================
DAG File Processing Stats

File Path                                 PID  Runtime      # DAGs    # Errors  Last Runtime    Last Run
--------------------------------------  -----  ---------  --------  ----------  --------------  -------------------
/opt/airflow/dags/urbanmove_nightly.py    605  0.00s             1           0  0.05s           2026-06-28T16:48:54
================================================================================
[2026-06-28T16:49:54.971+0000] {manager.py:878} INFO - 
================================================================================
DAG File Processing Stats

File Path                                 PID  Runtime      # DAGs    # Errors  Last Runtime    Last Run
--------------------------------------  -----  ---------  --------  ----------  --------------  -------------------
/opt/airflow/dags/urbanmove_nightly.py    610  0.00s             1           0  0.06s           2026-06-28T16:49:24
================================================================================
[2026-06-28T16:50:25.161+0000] {manager.py:878} INFO - 
================================================================================
DAG File Processing Stats

File Path                                 PID  Runtime      # DAGs    # Errors  Last Runtime    Last Run
--------------------------------------  -----  ---------  --------  ----------  --------------  -------------------
/opt/airflow/dags/urbanmove_nightly.py    615  0.00s             1           0  0.06s           2026-06-28T16:49:55
================================================================================
[2026-06-28T16:50:55.340+0000] {manager.py:878} INFO - 
================================================================================
DAG File Processing Stats

File Path                                 PID  Runtime      # DAGs    # Errors  Last Runtime    Last Run
--------------------------------------  -----  ---------  --------  ----------  --------------  -------------------
/opt/airflow/dags/urbanmove_nightly.py    620  0.00s             1           0  0.05s           2026-06-28T16:50:25
================================================================================
[2026-06-28T16:51:25.519+0000] {manager.py:878} INFO - 
================================================================================
DAG File Processing Stats

File Path                                 PID  Runtime      # DAGs    # Errors  Last Runtime    Last Run
--------------------------------------  -----  ---------  --------  ----------  --------------  -------------------
/opt/airflow/dags/urbanmove_nightly.py    625  0.00s             1           0  0.05s           2026-06-28T16:50:55
================================================================================
[2026-06-28T16:51:49.674+0000] {manager.py:737} INFO - Searching for files in /opt/airflow/dags
[2026-06-28T16:51:49.678+0000] {manager.py:740} INFO - There are 1 files in /opt/airflow/dags
[2026-06-28T16:51:55.726+0000] {manager.py:878} INFO - 
================================================================================
DAG File Processing Stats

File Path                                 PID  Runtime      # DAGs    # Errors  Last Runtime    Last Run
--------------------------------------  -----  ---------  --------  ----------  --------------  -------------------
/opt/airflow/dags/urbanmove_nightly.py    630  0.00s             1           0  0.06s           2026-06-28T16:51:25
================================================================================
[2026-06-28T16:52:25.902+0000] {manager.py:878} INFO - 
================================================================================
DAG File Processing Stats

File Path                                 PID  Runtime      # DAGs    # Errors  Last Runtime    Last Run
--------------------------------------  -----  ---------  --------  ----------  --------------  -------------------
/opt/airflow/dags/urbanmove_nightly.py    635  0.00s             1           0  0.06s           2026-06-28T16:51:55
================================================================================
[2026-06-28T16:52:56.082+0000] {manager.py:878} INFO - 
================================================================================
DAG File Processing Stats

File Path                                 PID  Runtime      # DAGs    # Errors  Last Runtime    Last Run
--------------------------------------  -----  ---------  --------  ----------  --------------  -------------------
/opt/airflow/dags/urbanmove_nightly.py    640  0.00s             1           0  0.05s           2026-06-28T16:52:25
================================================================================
[2026-06-28T16:53:26.252+0000] {manager.py:878} INFO - 
================================================================================
DAG File Processing Stats

File Path                                 PID  Runtime      # DAGs    # Errors  Last Runtime    Last Run
--------------------------------------  -----  ---------  --------  ----------  --------------  -------------------
/opt/airflow/dags/urbanmove_nightly.py    645  0.00s             1           0  0.06s           2026-06-28T16:52:56
================================================================================
[2026-06-28T16:53:56.471+0000] {manager.py:878} INFO - 
================================================================================
DAG File Processing Stats

File Path                                 PID  Runtime      # DAGs    # Errors  Last Runtime    Last Run
--------------------------------------  -----  ---------  --------  ----------  --------------  -------------------
/opt/airflow/dags/urbanmove_nightly.py    650  0.00s             1           0  0.05s           2026-06-28T16:53:26
================================================================================
[2026-06-28T16:54:26.679+0000] {manager.py:878} INFO - 
================================================================================
DAG File Processing Stats

File Path                                 PID  Runtime      # DAGs    # Errors  Last Runtime    Last Run
--------------------------------------  -----  ---------  --------  ----------  --------------  -------------------
/opt/airflow/dags/urbanmove_nightly.py    655  0.01s             1           0  0.05s           2026-06-28T16:53:56
================================================================================
[2026-06-28T16:54:56.861+0000] {manager.py:878} INFO - 
================================================================================
DAG File Processing Stats

File Path                                 PID  Runtime      # DAGs    # Errors  Last Runtime    Last Run
--------------------------------------  -----  ---------  --------  ----------  --------------  -------------------
/opt/airflow/dags/urbanmove_nightly.py    660  0.00s             1           0  0.07s           2026-06-28T16:54:26
================================================================================
[2026-06-28T16:55:27.061+0000] {manager.py:878} INFO - 
================================================================================
DAG File Processing Stats

File Path                                 PID  Runtime      # DAGs    # Errors  Last Runtime    Last Run
--------------------------------------  -----  ---------  --------  ----------  --------------  -------------------
/opt/airflow/dags/urbanmove_nightly.py    665  0.00s             1           0  0.05s           2026-06-28T16:54:56
================================================================================
[2026-06-28T16:55:57.255+0000] {manager.py:878} INFO - 
================================================================================
DAG File Processing Stats

File Path                                 PID  Runtime      # DAGs    # Errors  Last Runtime    Last Run
--------------------------------------  -----  ---------  --------  ----------  --------------  -------------------
/opt/airflow/dags/urbanmove_nightly.py    670  0.00s             1           0  0.06s           2026-06-28T16:55:27
================================================================================
[2026-06-28T16:56:27.434+0000] {manager.py:878} INFO - 
================================================================================
DAG File Processing Stats

File Path                                 PID  Runtime      # DAGs    # Errors  Last Runtime    Last Run
--------------------------------------  -----  ---------  --------  ----------  --------------  -------------------
/opt/airflow/dags/urbanmove_nightly.py    675  0.00s             1           0  0.06s           2026-06-28T16:55:57
================================================================================
[2026-06-28T16:56:50.594+0000] {manager.py:737} INFO - Searching for files in /opt/airflow/dags
[2026-06-28T16:56:50.599+0000] {manager.py:740} INFO - There are 1 files in /opt/airflow/dags
[2026-06-28T16:56:57.659+0000] {manager.py:878} INFO - 
================================================================================
DAG File Processing Stats

File Path                                 PID  Runtime      # DAGs    # Errors  Last Runtime    Last Run
--------------------------------------  -----  ---------  --------  ----------  --------------  -------------------
/opt/airflow/dags/urbanmove_nightly.py    680  0.00s             1           0  0.06s           2026-06-28T16:56:27
================================================================================
[2026-06-28T16:57:27.865+0000] {manager.py:878} INFO - 
================================================================================
DAG File Processing Stats

File Path                                 PID  Runtime      # DAGs    # Errors  Last Runtime    Last Run
--------------------------------------  -----  ---------  --------  ----------  --------------  -------------------
/opt/airflow/dags/urbanmove_nightly.py    685  0.00s             1           0  0.07s           2026-06-28T16:56:57
================================================================================
[2026-06-28T16:57:58.055+0000] {manager.py:878} INFO - 
================================================================================
DAG File Processing Stats

File Path                                 PID  Runtime      # DAGs    # Errors  Last Runtime    Last Run
--------------------------------------  -----  ---------  --------  ----------  --------------  -------------------
/opt/airflow/dags/urbanmove_nightly.py    690  0.00s             1           0  0.06s           2026-06-28T16:57:27
================================================================================
[2026-06-28T16:58:28.280+0000] {manager.py:878} INFO - 
================================================================================
DAG File Processing Stats

File Path                                 PID  Runtime      # DAGs    # Errors  Last Runtime    Last Run
--------------------------------------  -----  ---------  --------  ----------  --------------  -------------------
/opt/airflow/dags/urbanmove_nightly.py    695  0.00s             1           0  0.06s           2026-06-28T16:57:58
================================================================================
[2026-06-28T16:58:58.472+0000] {manager.py:878} INFO - 
================================================================================
DAG File Processing Stats

File Path                                 PID  Runtime      # DAGs    # Errors  Last Runtime    Last Run
--------------------------------------  -----  ---------  --------  ----------  --------------  -------------------
/opt/airflow/dags/urbanmove_nightly.py    700  0.00s             1           0  0.06s           2026-06-28T16:58:28
================================================================================
[2026-06-28T16:59:28.659+0000] {manager.py:878} INFO - 
================================================================================
DAG File Processing Stats

File Path                                 PID  Runtime      # DAGs    # Errors  Last Runtime    Last Run
--------------------------------------  -----  ---------  --------  ----------  --------------  -------------------
/opt/airflow/dags/urbanmove_nightly.py    705  0.00s             1           0  0.05s           2026-06-28T16:58:58
================================================================================
[2026-06-28T16:59:58.854+0000] {manager.py:878} INFO - 
================================================================================
DAG File Processing Stats

File Path                                 PID  Runtime      # DAGs    # Errors  Last Runtime    Last Run
--------------------------------------  -----  ---------  --------  ----------  --------------  -------------------
/opt/airflow/dags/urbanmove_nightly.py    710  0.01s             1           0  0.06s           2026-06-28T16:59:28
================================================================================
[2026-06-28T17:00:29.071+0000] {manager.py:878} INFO - 
================================================================================
DAG File Processing Stats

File Path                                 PID  Runtime      # DAGs    # Errors  Last Runtime    Last Run
--------------------------------------  -----  ---------  --------  ----------  --------------  -------------------
/opt/airflow/dags/urbanmove_nightly.py    715  0.00s             1           0  0.07s           2026-06-28T16:59:58
================================================================================
[2026-06-28T17:00:59.272+0000] {manager.py:878} INFO - 
================================================================================
DAG File Processing Stats

File Path                                 PID  Runtime      # DAGs    # Errors  Last Runtime    Last Run
--------------------------------------  -----  ---------  --------  ----------  --------------  -------------------
/opt/airflow/dags/urbanmove_nightly.py    720  0.00s             1           0  0.06s           2026-06-28T17:00:29
================================================================================
[2026-06-28T17:01:29.470+0000] {manager.py:878} INFO - 
================================================================================
DAG File Processing Stats

File Path                                 PID  Runtime      # DAGs    # Errors  Last Runtime    Last Run
--------------------------------------  -----  ---------  --------  ----------  --------------  -------------------
/opt/airflow/dags/urbanmove_nightly.py    725  0.00s             1           0  0.06s           2026-06-28T17:00:59
================================================================================
[2026-06-28T17:01:50.598+0000] {manager.py:737} INFO - Searching for files in /opt/airflow/dags
[2026-06-28T17:01:50.602+0000] {manager.py:740} INFO - There are 1 files in /opt/airflow/dags
[2026-06-28T17:01:59.672+0000] {manager.py:878} INFO - 
================================================================================
DAG File Processing Stats

File Path                                 PID  Runtime      # DAGs    # Errors  Last Runtime    Last Run
--------------------------------------  -----  ---------  --------  ----------  --------------  -------------------
/opt/airflow/dags/urbanmove_nightly.py    730  0.00s             1           0  0.06s           2026-06-28T17:01:29
================================================================================
[2026-06-28T17:02:29.863+0000] {manager.py:878} INFO - 
================================================================================
DAG File Processing Stats

File Path                                 PID  Runtime      # DAGs    # Errors  Last Runtime    Last Run
--------------------------------------  -----  ---------  --------  ----------  --------------  -------------------
/opt/airflow/dags/urbanmove_nightly.py    735  0.00s             1           0  0.06s           2026-06-28T17:01:59
================================================================================
[2026-06-28T17:03:00.065+0000] {manager.py:878} INFO - 
================================================================================
DAG File Processing Stats

File Path                                 PID  Runtime      # DAGs    # Errors  Last Runtime    Last Run
--------------------------------------  -----  ---------  --------  ----------  --------------  -------------------
/opt/airflow/dags/urbanmove_nightly.py    740  0.00s             1           0  0.06s           2026-06-28T17:02:29
================================================================================
[2026-06-28T17:03:30.274+0000] {manager.py:878} INFO - 
================================================================================
DAG File Processing Stats

File Path                                 PID  Runtime      # DAGs    # Errors  Last Runtime    Last Run
--------------------------------------  -----  ---------  --------  ----------  --------------  -------------------
/opt/airflow/dags/urbanmove_nightly.py    745  0.00s             1           0  0.06s           2026-06-28T17:03:00
================================================================================
[2026-06-28T17:04:00.471+0000] {manager.py:878} INFO - 
================================================================================
DAG File Processing Stats

File Path                                 PID  Runtime      # DAGs    # Errors  Last Runtime    Last Run
--------------------------------------  -----  ---------  --------  ----------  --------------  -------------------
/opt/airflow/dags/urbanmove_nightly.py    750  0.00s             1           0  0.07s           2026-06-28T17:03:30
================================================================================
[2026-06-28T17:04:30.666+0000] {manager.py:878} INFO - 
================================================================================
DAG File Processing Stats

File Path                                 PID  Runtime      # DAGs    # Errors  Last Runtime    Last Run
--------------------------------------  -----  ---------  --------  ----------  --------------  -------------------
/opt/airflow/dags/urbanmove_nightly.py    755  0.00s             1           0  0.06s           2026-06-28T17:04:00
================================================================================
[2026-06-28T17:05:00.858+0000] {manager.py:878} INFO - 
================================================================================
DAG File Processing Stats

File Path                                 PID  Runtime      # DAGs    # Errors  Last Runtime    Last Run
--------------------------------------  -----  ---------  --------  ----------  --------------  -------------------
/opt/airflow/dags/urbanmove_nightly.py    760  0.00s             1           0  0.07s           2026-06-28T17:04:30
================================================================================
[2026-06-28T17:05:31.053+0000] {manager.py:878} INFO - 
================================================================================
DAG File Processing Stats

File Path                                 PID  Runtime      # DAGs    # Errors  Last Runtime    Last Run
--------------------------------------  -----  ---------  --------  ----------  --------------  -------------------
/opt/airflow/dags/urbanmove_nightly.py    765  0.00s             1           0  0.06s           2026-06-28T17:05:00
================================================================================
[2026-06-28T17:06:01.251+0000] {manager.py:878} INFO - 
================================================================================
DAG File Processing Stats

File Path                                 PID  Runtime      # DAGs    # Errors  Last Runtime    Last Run
--------------------------------------  -----  ---------  --------  ----------  --------------  -------------------
/opt/airflow/dags/urbanmove_nightly.py    770  0.00s             1           0  0.06s           2026-06-28T17:05:31
================================================================================
[2026-06-28T17:06:31.460+0000] {manager.py:878} INFO - 
================================================================================
DAG File Processing Stats

File Path                                 PID  Runtime      # DAGs    # Errors  Last Runtime    Last Run
--------------------------------------  -----  ---------  --------  ----------  --------------  -------------------
/opt/airflow/dags/urbanmove_nightly.py    775  0.00s             1           0  0.06s           2026-06-28T17:06:01
================================================================================
[2026-06-28T17:06:50.612+0000] {manager.py:737} INFO - Searching for files in /opt/airflow/dags
[2026-06-28T17:06:50.617+0000] {manager.py:740} INFO - There are 1 files in /opt/airflow/dags
[2026-06-28T17:07:01.655+0000] {manager.py:878} INFO - 
================================================================================
DAG File Processing Stats

File Path                                 PID  Runtime      # DAGs    # Errors  Last Runtime    Last Run
--------------------------------------  -----  ---------  --------  ----------  --------------  -------------------
/opt/airflow/dags/urbanmove_nightly.py    780  0.00s             1           0  0.06s           2026-06-28T17:06:31
================================================================================
[2026-06-28T17:07:31.858+0000] {manager.py:878} INFO - 
================================================================================
DAG File Processing Stats

File Path                                 PID  Runtime      # DAGs    # Errors  Last Runtime    Last Run
--------------------------------------  -----  ---------  --------  ----------  --------------  -------------------
/opt/airflow/dags/urbanmove_nightly.py    785  0.00s             1           0  0.06s           2026-06-28T17:07:01
================================================================================
[2026-06-28T17:08:02.039+0000] {manager.py:878} INFO - 
================================================================================
DAG File Processing Stats

File Path                                 PID  Runtime      # DAGs    # Errors  Last Runtime    Last Run
--------------------------------------  -----  ---------  --------  ----------  --------------  -------------------
/opt/airflow/dags/urbanmove_nightly.py    790  0.01s             1           0  0.05s           2026-06-28T17:07:31
================================================================================
[2026-06-28T17:08:32.203+0000] {manager.py:878} INFO - 
================================================================================
DAG File Processing Stats

File Path                                 PID  Runtime      # DAGs    # Errors  Last Runtime    Last Run
--------------------------------------  -----  ---------  --------  ----------  --------------  -------------------
/opt/airflow/dags/urbanmove_nightly.py    795  0.00s             1           0  0.07s           2026-06-28T17:08:02
================================================================================
[2026-06-28T17:09:02.403+0000] {manager.py:878} INFO - 
================================================================================
DAG File Processing Stats

File Path                                 PID  Runtime      # DAGs    # Errors  Last Runtime    Last Run
--------------------------------------  -----  ---------  --------  ----------  --------------  -------------------
/opt/airflow/dags/urbanmove_nightly.py    800  0.00s             1           0  0.07s           2026-06-28T17:08:32
================================================================================
[2026-06-28T17:09:32.597+0000] {manager.py:878} INFO - 
================================================================================
DAG File Processing Stats

File Path                                 PID  Runtime      # DAGs    # Errors  Last Runtime    Last Run
--------------------------------------  -----  ---------  --------  ----------  --------------  -------------------
/opt/airflow/dags/urbanmove_nightly.py    805  0.00s             1           0  0.06s           2026-06-28T17:09:02
================================================================================
