[2026-06-28T00:02:45.598+0000] {processor.py:161} INFO - Started process (PID=771) to work on /opt/airflow/dags/urbanmove_nightly.py
[2026-06-28T00:02:45.599+0000] {processor.py:830} INFO - Processing file /opt/airflow/dags/urbanmove_nightly.py for tasks to queue
[2026-06-28T00:02:45.600+0000] {logging_mixin.py:188} INFO - [2026-06-28T00:02:45.600+0000] {dagbag.py:545} INFO - Filling up the DagBag from /opt/airflow/dags/urbanmove_nightly.py
[2026-06-28T00:02:45.608+0000] {processor.py:840} INFO - DAG(s) 'urbanmove_nightly_pipeline' retrieved from /opt/airflow/dags/urbanmove_nightly.py
[2026-06-28T00:02:45.623+0000] {logging_mixin.py:188} INFO - [2026-06-28T00:02:45.623+0000] {dag.py:3096} INFO - Sync 1 DAGs
[2026-06-28T00:02:45.631+0000] {logging_mixin.py:188} INFO - [2026-06-28T00:02:45.631+0000] {dag.py:3954} INFO - Setting next_dagrun for urbanmove_nightly_pipeline to 2026-06-27 02:00:00+00:00, run_after=2026-06-28 02:00:00+00:00
[2026-06-28T00:02:45.637+0000] {processor.py:183} INFO - Processing /opt/airflow/dags/urbanmove_nightly.py took 0.043 seconds
[2026-06-28T00:06:59.150+0000] {processor.py:161} INFO - Started process (PID=776) to work on /opt/airflow/dags/urbanmove_nightly.py
[2026-06-28T00:06:59.150+0000] {processor.py:830} INFO - Processing file /opt/airflow/dags/urbanmove_nightly.py for tasks to queue
[2026-06-28T00:06:59.152+0000] {logging_mixin.py:188} INFO - [2026-06-28T00:06:59.152+0000] {dagbag.py:545} INFO - Filling up the DagBag from /opt/airflow/dags/urbanmove_nightly.py
[2026-06-28T00:06:59.160+0000] {processor.py:840} INFO - DAG(s) 'urbanmove_nightly_pipeline' retrieved from /opt/airflow/dags/urbanmove_nightly.py
[2026-06-28T00:06:59.173+0000] {logging_mixin.py:188} INFO - [2026-06-28T00:06:59.173+0000] {dag.py:3096} INFO - Sync 1 DAGs
[2026-06-28T00:06:59.182+0000] {logging_mixin.py:188} INFO - [2026-06-28T00:06:59.182+0000] {dag.py:3954} INFO - Setting next_dagrun for urbanmove_nightly_pipeline to 2026-06-27 02:00:00+00:00, run_after=2026-06-28 02:00:00+00:00
[2026-06-28T00:06:59.189+0000] {processor.py:183} INFO - Processing /opt/airflow/dags/urbanmove_nightly.py took 0.044 seconds
[2026-06-28T00:08:58.350+0000] {processor.py:161} INFO - Started process (PID=781) to work on /opt/airflow/dags/urbanmove_nightly.py
[2026-06-28T00:08:58.350+0000] {processor.py:830} INFO - Processing file /opt/airflow/dags/urbanmove_nightly.py for tasks to queue
[2026-06-28T00:08:58.351+0000] {logging_mixin.py:188} INFO - [2026-06-28T00:08:58.351+0000] {dagbag.py:545} INFO - Filling up the DagBag from /opt/airflow/dags/urbanmove_nightly.py
[2026-06-28T00:08:58.356+0000] {processor.py:840} INFO - DAG(s) 'urbanmove_nightly_pipeline' retrieved from /opt/airflow/dags/urbanmove_nightly.py
[2026-06-28T00:08:58.369+0000] {logging_mixin.py:188} INFO - [2026-06-28T00:08:58.369+0000] {dag.py:3096} INFO - Sync 1 DAGs
[2026-06-28T00:08:58.378+0000] {logging_mixin.py:188} INFO - [2026-06-28T00:08:58.378+0000] {dag.py:3954} INFO - Setting next_dagrun for urbanmove_nightly_pipeline to 2026-06-27 02:00:00+00:00, run_after=2026-06-28 02:00:00+00:00
[2026-06-28T00:08:58.385+0000] {processor.py:183} INFO - Processing /opt/airflow/dags/urbanmove_nightly.py took 0.038 seconds
[2026-06-28T00:19:42.564+0000] {processor.py:161} INFO - Started process (PID=786) to work on /opt/airflow/dags/urbanmove_nightly.py
[2026-06-28T00:19:42.564+0000] {processor.py:830} INFO - Processing file /opt/airflow/dags/urbanmove_nightly.py for tasks to queue
[2026-06-28T00:19:42.565+0000] {logging_mixin.py:188} INFO - [2026-06-28T00:19:42.565+0000] {dagbag.py:545} INFO - Filling up the DagBag from /opt/airflow/dags/urbanmove_nightly.py
[2026-06-28T00:19:42.570+0000] {processor.py:840} INFO - DAG(s) 'urbanmove_nightly_pipeline' retrieved from /opt/airflow/dags/urbanmove_nightly.py
[2026-06-28T00:19:42.582+0000] {logging_mixin.py:188} INFO - [2026-06-28T00:19:42.582+0000] {dag.py:3096} INFO - Sync 1 DAGs
[2026-06-28T00:19:42.592+0000] {logging_mixin.py:188} INFO - [2026-06-28T00:19:42.592+0000] {dag.py:3954} INFO - Setting next_dagrun for urbanmove_nightly_pipeline to 2026-06-27 02:00:00+00:00, run_after=2026-06-28 02:00:00+00:00
[2026-06-28T00:19:42.598+0000] {processor.py:183} INFO - Processing /opt/airflow/dags/urbanmove_nightly.py took 0.037 seconds
[2026-06-28T00:20:29.683+0000] {processor.py:161} INFO - Started process (PID=791) to work on /opt/airflow/dags/urbanmove_nightly.py
[2026-06-28T00:20:29.685+0000] {processor.py:830} INFO - Processing file /opt/airflow/dags/urbanmove_nightly.py for tasks to queue
[2026-06-28T00:20:29.686+0000] {logging_mixin.py:188} INFO - [2026-06-28T00:20:29.686+0000] {dagbag.py:545} INFO - Filling up the DagBag from /opt/airflow/dags/urbanmove_nightly.py
[2026-06-28T00:20:29.695+0000] {processor.py:840} INFO - DAG(s) 'urbanmove_nightly_pipeline' retrieved from /opt/airflow/dags/urbanmove_nightly.py
[2026-06-28T00:20:29.711+0000] {logging_mixin.py:188} INFO - [2026-06-28T00:20:29.710+0000] {dag.py:3096} INFO - Sync 1 DAGs
[2026-06-28T00:20:29.720+0000] {logging_mixin.py:188} INFO - [2026-06-28T00:20:29.720+0000] {dag.py:3954} INFO - Setting next_dagrun for urbanmove_nightly_pipeline to 2026-06-27 02:00:00+00:00, run_after=2026-06-28 02:00:00+00:00
[2026-06-28T00:20:29.726+0000] {processor.py:183} INFO - Processing /opt/airflow/dags/urbanmove_nightly.py took 0.050 seconds
[2026-06-28T00:22:41.674+0000] {processor.py:161} INFO - Started process (PID=796) to work on /opt/airflow/dags/urbanmove_nightly.py
[2026-06-28T00:22:41.675+0000] {processor.py:830} INFO - Processing file /opt/airflow/dags/urbanmove_nightly.py for tasks to queue
[2026-06-28T00:22:41.676+0000] {logging_mixin.py:188} INFO - [2026-06-28T00:22:41.675+0000] {dagbag.py:545} INFO - Filling up the DagBag from /opt/airflow/dags/urbanmove_nightly.py
[2026-06-28T00:22:41.681+0000] {processor.py:840} INFO - DAG(s) 'urbanmove_nightly_pipeline' retrieved from /opt/airflow/dags/urbanmove_nightly.py
[2026-06-28T00:22:41.694+0000] {logging_mixin.py:188} INFO - [2026-06-28T00:22:41.694+0000] {dag.py:3096} INFO - Sync 1 DAGs
[2026-06-28T00:22:41.703+0000] {logging_mixin.py:188} INFO - [2026-06-28T00:22:41.703+0000] {dag.py:3954} INFO - Setting next_dagrun for urbanmove_nightly_pipeline to 2026-06-27 02:00:00+00:00, run_after=2026-06-28 02:00:00+00:00
[2026-06-28T00:22:41.711+0000] {processor.py:183} INFO - Processing /opt/airflow/dags/urbanmove_nightly.py took 0.040 seconds
[2026-06-28T00:23:13.401+0000] {processor.py:161} INFO - Started process (PID=801) to work on /opt/airflow/dags/urbanmove_nightly.py
[2026-06-28T00:23:13.402+0000] {processor.py:830} INFO - Processing file /opt/airflow/dags/urbanmove_nightly.py for tasks to queue
[2026-06-28T00:23:13.403+0000] {logging_mixin.py:188} INFO - [2026-06-28T00:23:13.403+0000] {dagbag.py:545} INFO - Filling up the DagBag from /opt/airflow/dags/urbanmove_nightly.py
[2026-06-28T00:23:13.415+0000] {processor.py:840} INFO - DAG(s) 'urbanmove_nightly_pipeline' retrieved from /opt/airflow/dags/urbanmove_nightly.py
[2026-06-28T00:23:13.435+0000] {logging_mixin.py:188} INFO - [2026-06-28T00:23:13.435+0000] {dag.py:3096} INFO - Sync 1 DAGs
[2026-06-28T00:23:13.445+0000] {logging_mixin.py:188} INFO - [2026-06-28T00:23:13.444+0000] {dag.py:3954} INFO - Setting next_dagrun for urbanmove_nightly_pipeline to 2026-06-27 02:00:00+00:00, run_after=2026-06-28 02:00:00+00:00
[2026-06-28T00:23:13.453+0000] {processor.py:183} INFO - Processing /opt/airflow/dags/urbanmove_nightly.py took 0.058 seconds
[2026-06-28T00:38:40.472+0000] {processor.py:161} INFO - Started process (PID=806) to work on /opt/airflow/dags/urbanmove_nightly.py
[2026-06-28T00:38:40.473+0000] {processor.py:830} INFO - Processing file /opt/airflow/dags/urbanmove_nightly.py for tasks to queue
[2026-06-28T00:38:40.474+0000] {logging_mixin.py:188} INFO - [2026-06-28T00:38:40.473+0000] {dagbag.py:545} INFO - Filling up the DagBag from /opt/airflow/dags/urbanmove_nightly.py
[2026-06-28T00:38:40.482+0000] {processor.py:840} INFO - DAG(s) 'urbanmove_nightly_pipeline' retrieved from /opt/airflow/dags/urbanmove_nightly.py
[2026-06-28T00:38:40.497+0000] {logging_mixin.py:188} INFO - [2026-06-28T00:38:40.497+0000] {dag.py:3096} INFO - Sync 1 DAGs
[2026-06-28T00:38:40.506+0000] {logging_mixin.py:188} INFO - [2026-06-28T00:38:40.506+0000] {dag.py:3954} INFO - Setting next_dagrun for urbanmove_nightly_pipeline to 2026-06-27 02:00:00+00:00, run_after=2026-06-28 02:00:00+00:00
[2026-06-28T00:38:40.512+0000] {processor.py:183} INFO - Processing /opt/airflow/dags/urbanmove_nightly.py took 0.044 seconds
[2026-06-28T00:46:26.995+0000] {processor.py:161} INFO - Started process (PID=811) to work on /opt/airflow/dags/urbanmove_nightly.py
[2026-06-28T00:46:26.996+0000] {processor.py:830} INFO - Processing file /opt/airflow/dags/urbanmove_nightly.py for tasks to queue
[2026-06-28T00:46:26.997+0000] {logging_mixin.py:188} INFO - [2026-06-28T00:46:26.997+0000] {dagbag.py:545} INFO - Filling up the DagBag from /opt/airflow/dags/urbanmove_nightly.py
[2026-06-28T00:46:27.004+0000] {processor.py:840} INFO - DAG(s) 'urbanmove_nightly_pipeline' retrieved from /opt/airflow/dags/urbanmove_nightly.py
[2026-06-28T00:46:27.019+0000] {logging_mixin.py:188} INFO - [2026-06-28T00:46:27.019+0000] {dag.py:3096} INFO - Sync 1 DAGs
[2026-06-28T00:46:27.027+0000] {logging_mixin.py:188} INFO - [2026-06-28T00:46:27.027+0000] {dag.py:3954} INFO - Setting next_dagrun for urbanmove_nightly_pipeline to 2026-06-27 02:00:00+00:00, run_after=2026-06-28 02:00:00+00:00
[2026-06-28T00:46:27.035+0000] {processor.py:183} INFO - Processing /opt/airflow/dags/urbanmove_nightly.py took 0.044 seconds
[2026-06-28T00:55:01.799+0000] {processor.py:161} INFO - Started process (PID=816) to work on /opt/airflow/dags/urbanmove_nightly.py
[2026-06-28T00:55:01.800+0000] {processor.py:830} INFO - Processing file /opt/airflow/dags/urbanmove_nightly.py for tasks to queue
[2026-06-28T00:55:01.801+0000] {logging_mixin.py:188} INFO - [2026-06-28T00:55:01.801+0000] {dagbag.py:545} INFO - Filling up the DagBag from /opt/airflow/dags/urbanmove_nightly.py
[2026-06-28T00:55:01.810+0000] {processor.py:840} INFO - DAG(s) 'urbanmove_nightly_pipeline' retrieved from /opt/airflow/dags/urbanmove_nightly.py
[2026-06-28T00:55:01.827+0000] {logging_mixin.py:188} INFO - [2026-06-28T00:55:01.826+0000] {dag.py:3096} INFO - Sync 1 DAGs
[2026-06-28T00:55:01.835+0000] {logging_mixin.py:188} INFO - [2026-06-28T00:55:01.835+0000] {dag.py:3954} INFO - Setting next_dagrun for urbanmove_nightly_pipeline to 2026-06-27 02:00:00+00:00, run_after=2026-06-28 02:00:00+00:00
[2026-06-28T00:55:01.841+0000] {processor.py:183} INFO - Processing /opt/airflow/dags/urbanmove_nightly.py took 0.046 seconds
[2026-06-28T01:00:15.255+0000] {processor.py:161} INFO - Started process (PID=821) to work on /opt/airflow/dags/urbanmove_nightly.py
[2026-06-28T01:00:15.256+0000] {processor.py:830} INFO - Processing file /opt/airflow/dags/urbanmove_nightly.py for tasks to queue
[2026-06-28T01:00:15.258+0000] {logging_mixin.py:188} INFO - [2026-06-28T01:00:15.257+0000] {dagbag.py:545} INFO - Filling up the DagBag from /opt/airflow/dags/urbanmove_nightly.py
[2026-06-28T01:00:15.266+0000] {processor.py:840} INFO - DAG(s) 'urbanmove_nightly_pipeline' retrieved from /opt/airflow/dags/urbanmove_nightly.py
[2026-06-28T01:00:15.284+0000] {logging_mixin.py:188} INFO - [2026-06-28T01:00:15.284+0000] {dag.py:3096} INFO - Sync 1 DAGs
[2026-06-28T01:00:15.293+0000] {logging_mixin.py:188} INFO - [2026-06-28T01:00:15.293+0000] {dag.py:3954} INFO - Setting next_dagrun for urbanmove_nightly_pipeline to 2026-06-27 02:00:00+00:00, run_after=2026-06-28 02:00:00+00:00
[2026-06-28T01:00:15.299+0000] {processor.py:183} INFO - Processing /opt/airflow/dags/urbanmove_nightly.py took 0.049 seconds
[2026-06-28T01:00:45.491+0000] {processor.py:161} INFO - Started process (PID=826) to work on /opt/airflow/dags/urbanmove_nightly.py
[2026-06-28T01:00:45.492+0000] {processor.py:830} INFO - Processing file /opt/airflow/dags/urbanmove_nightly.py for tasks to queue
[2026-06-28T01:00:45.494+0000] {logging_mixin.py:188} INFO - [2026-06-28T01:00:45.494+0000] {dagbag.py:545} INFO - Filling up the DagBag from /opt/airflow/dags/urbanmove_nightly.py
[2026-06-28T01:00:45.504+0000] {processor.py:840} INFO - DAG(s) 'urbanmove_nightly_pipeline' retrieved from /opt/airflow/dags/urbanmove_nightly.py
[2026-06-28T01:00:45.522+0000] {logging_mixin.py:188} INFO - [2026-06-28T01:00:45.522+0000] {dag.py:3096} INFO - Sync 1 DAGs
[2026-06-28T01:00:45.532+0000] {logging_mixin.py:188} INFO - [2026-06-28T01:00:45.532+0000] {dag.py:3954} INFO - Setting next_dagrun for urbanmove_nightly_pipeline to 2026-06-27 02:00:00+00:00, run_after=2026-06-28 02:00:00+00:00
[2026-06-28T01:00:45.538+0000] {processor.py:183} INFO - Processing /opt/airflow/dags/urbanmove_nightly.py took 0.052 seconds
[2026-06-28T01:04:00.295+0000] {processor.py:161} INFO - Started process (PID=831) to work on /opt/airflow/dags/urbanmove_nightly.py
[2026-06-28T01:04:00.296+0000] {processor.py:830} INFO - Processing file /opt/airflow/dags/urbanmove_nightly.py for tasks to queue
[2026-06-28T01:04:00.297+0000] {logging_mixin.py:188} INFO - [2026-06-28T01:04:00.297+0000] {dagbag.py:545} INFO - Filling up the DagBag from /opt/airflow/dags/urbanmove_nightly.py
[2026-06-28T01:04:00.303+0000] {processor.py:840} INFO - DAG(s) 'urbanmove_nightly_pipeline' retrieved from /opt/airflow/dags/urbanmove_nightly.py
[2026-06-28T01:04:00.318+0000] {logging_mixin.py:188} INFO - [2026-06-28T01:04:00.318+0000] {dag.py:3096} INFO - Sync 1 DAGs
[2026-06-28T01:04:00.328+0000] {logging_mixin.py:188} INFO - [2026-06-28T01:04:00.328+0000] {dag.py:3954} INFO - Setting next_dagrun for urbanmove_nightly_pipeline to 2026-06-27 02:00:00+00:00, run_after=2026-06-28 02:00:00+00:00
[2026-06-28T01:04:00.337+0000] {processor.py:183} INFO - Processing /opt/airflow/dags/urbanmove_nightly.py took 0.045 seconds
[2026-06-28T01:04:52.360+0000] {processor.py:161} INFO - Started process (PID=836) to work on /opt/airflow/dags/urbanmove_nightly.py
[2026-06-28T01:04:52.361+0000] {processor.py:830} INFO - Processing file /opt/airflow/dags/urbanmove_nightly.py for tasks to queue
[2026-06-28T01:04:52.362+0000] {logging_mixin.py:188} INFO - [2026-06-28T01:04:52.362+0000] {dagbag.py:545} INFO - Filling up the DagBag from /opt/airflow/dags/urbanmove_nightly.py
[2026-06-28T01:04:52.369+0000] {processor.py:840} INFO - DAG(s) 'urbanmove_nightly_pipeline' retrieved from /opt/airflow/dags/urbanmove_nightly.py
[2026-06-28T01:04:52.382+0000] {logging_mixin.py:188} INFO - [2026-06-28T01:04:52.382+0000] {dag.py:3096} INFO - Sync 1 DAGs
[2026-06-28T01:04:52.390+0000] {logging_mixin.py:188} INFO - [2026-06-28T01:04:52.390+0000] {dag.py:3954} INFO - Setting next_dagrun for urbanmove_nightly_pipeline to 2026-06-27 02:00:00+00:00, run_after=2026-06-28 02:00:00+00:00
[2026-06-28T01:04:52.396+0000] {processor.py:183} INFO - Processing /opt/airflow/dags/urbanmove_nightly.py took 0.040 seconds
[2026-06-28T01:20:04.066+0000] {processor.py:161} INFO - Started process (PID=841) to work on /opt/airflow/dags/urbanmove_nightly.py
[2026-06-28T01:20:04.067+0000] {processor.py:830} INFO - Processing file /opt/airflow/dags/urbanmove_nightly.py for tasks to queue
[2026-06-28T01:20:04.068+0000] {logging_mixin.py:188} INFO - [2026-06-28T01:20:04.068+0000] {dagbag.py:545} INFO - Filling up the DagBag from /opt/airflow/dags/urbanmove_nightly.py
[2026-06-28T01:20:04.077+0000] {processor.py:840} INFO - DAG(s) 'urbanmove_nightly_pipeline' retrieved from /opt/airflow/dags/urbanmove_nightly.py
[2026-06-28T01:20:04.095+0000] {logging_mixin.py:188} INFO - [2026-06-28T01:20:04.095+0000] {dag.py:3096} INFO - Sync 1 DAGs
[2026-06-28T01:20:04.104+0000] {logging_mixin.py:188} INFO - [2026-06-28T01:20:04.104+0000] {dag.py:3954} INFO - Setting next_dagrun for urbanmove_nightly_pipeline to 2026-06-27 02:00:00+00:00, run_after=2026-06-28 02:00:00+00:00
[2026-06-28T01:20:04.110+0000] {processor.py:183} INFO - Processing /opt/airflow/dags/urbanmove_nightly.py took 0.049 seconds
[2026-06-28T01:22:10.052+0000] {processor.py:161} INFO - Started process (PID=846) to work on /opt/airflow/dags/urbanmove_nightly.py
[2026-06-28T01:22:10.053+0000] {processor.py:830} INFO - Processing file /opt/airflow/dags/urbanmove_nightly.py for tasks to queue
[2026-06-28T01:22:10.054+0000] {logging_mixin.py:188} INFO - [2026-06-28T01:22:10.053+0000] {dagbag.py:545} INFO - Filling up the DagBag from /opt/airflow/dags/urbanmove_nightly.py
[2026-06-28T01:22:10.060+0000] {processor.py:840} INFO - DAG(s) 'urbanmove_nightly_pipeline' retrieved from /opt/airflow/dags/urbanmove_nightly.py
[2026-06-28T01:22:10.073+0000] {logging_mixin.py:188} INFO - [2026-06-28T01:22:10.073+0000] {dag.py:3096} INFO - Sync 1 DAGs
[2026-06-28T01:22:10.083+0000] {logging_mixin.py:188} INFO - [2026-06-28T01:22:10.083+0000] {dag.py:3954} INFO - Setting next_dagrun for urbanmove_nightly_pipeline to 2026-06-27 02:00:00+00:00, run_after=2026-06-28 02:00:00+00:00
[2026-06-28T01:22:10.090+0000] {processor.py:183} INFO - Processing /opt/airflow/dags/urbanmove_nightly.py took 0.042 seconds
[2026-06-28T01:23:01.216+0000] {processor.py:161} INFO - Started process (PID=851) to work on /opt/airflow/dags/urbanmove_nightly.py
[2026-06-28T01:23:01.217+0000] {processor.py:830} INFO - Processing file /opt/airflow/dags/urbanmove_nightly.py for tasks to queue
[2026-06-28T01:23:01.218+0000] {logging_mixin.py:188} INFO - [2026-06-28T01:23:01.217+0000] {dagbag.py:545} INFO - Filling up the DagBag from /opt/airflow/dags/urbanmove_nightly.py
[2026-06-28T01:23:01.224+0000] {processor.py:840} INFO - DAG(s) 'urbanmove_nightly_pipeline' retrieved from /opt/airflow/dags/urbanmove_nightly.py
[2026-06-28T01:23:01.237+0000] {logging_mixin.py:188} INFO - [2026-06-28T01:23:01.237+0000] {dag.py:3096} INFO - Sync 1 DAGs
[2026-06-28T01:23:01.245+0000] {logging_mixin.py:188} INFO - [2026-06-28T01:23:01.245+0000] {dag.py:3954} INFO - Setting next_dagrun for urbanmove_nightly_pipeline to 2026-06-27 02:00:00+00:00, run_after=2026-06-28 02:00:00+00:00
[2026-06-28T01:23:01.251+0000] {processor.py:183} INFO - Processing /opt/airflow/dags/urbanmove_nightly.py took 0.039 seconds
[2026-06-28T01:36:21.859+0000] {processor.py:161} INFO - Started process (PID=856) to work on /opt/airflow/dags/urbanmove_nightly.py
[2026-06-28T01:36:21.860+0000] {processor.py:830} INFO - Processing file /opt/airflow/dags/urbanmove_nightly.py for tasks to queue
[2026-06-28T01:36:21.861+0000] {logging_mixin.py:188} INFO - [2026-06-28T01:36:21.861+0000] {dagbag.py:545} INFO - Filling up the DagBag from /opt/airflow/dags/urbanmove_nightly.py
[2026-06-28T01:36:21.870+0000] {processor.py:840} INFO - DAG(s) 'urbanmove_nightly_pipeline' retrieved from /opt/airflow/dags/urbanmove_nightly.py
[2026-06-28T01:36:21.887+0000] {logging_mixin.py:188} INFO - [2026-06-28T01:36:21.887+0000] {dag.py:3096} INFO - Sync 1 DAGs
[2026-06-28T01:36:21.895+0000] {logging_mixin.py:188} INFO - [2026-06-28T01:36:21.895+0000] {dag.py:3954} INFO - Setting next_dagrun for urbanmove_nightly_pipeline to 2026-06-27 02:00:00+00:00, run_after=2026-06-28 02:00:00+00:00
[2026-06-28T01:36:21.901+0000] {processor.py:183} INFO - Processing /opt/airflow/dags/urbanmove_nightly.py took 0.046 seconds
[2026-06-28T01:39:14.516+0000] {processor.py:161} INFO - Started process (PID=861) to work on /opt/airflow/dags/urbanmove_nightly.py
[2026-06-28T01:39:14.517+0000] {processor.py:830} INFO - Processing file /opt/airflow/dags/urbanmove_nightly.py for tasks to queue
[2026-06-28T01:39:14.519+0000] {logging_mixin.py:188} INFO - [2026-06-28T01:39:14.519+0000] {dagbag.py:545} INFO - Filling up the DagBag from /opt/airflow/dags/urbanmove_nightly.py
[2026-06-28T01:39:14.529+0000] {processor.py:840} INFO - DAG(s) 'urbanmove_nightly_pipeline' retrieved from /opt/airflow/dags/urbanmove_nightly.py
[2026-06-28T01:39:14.547+0000] {logging_mixin.py:188} INFO - [2026-06-28T01:39:14.547+0000] {dag.py:3096} INFO - Sync 1 DAGs
[2026-06-28T01:39:14.557+0000] {logging_mixin.py:188} INFO - [2026-06-28T01:39:14.557+0000] {dag.py:3954} INFO - Setting next_dagrun for urbanmove_nightly_pipeline to 2026-06-27 02:00:00+00:00, run_after=2026-06-28 02:00:00+00:00
[2026-06-28T01:39:14.564+0000] {processor.py:183} INFO - Processing /opt/airflow/dags/urbanmove_nightly.py took 0.053 seconds
[2026-06-28T01:43:41.218+0000] {processor.py:161} INFO - Started process (PID=866) to work on /opt/airflow/dags/urbanmove_nightly.py
[2026-06-28T01:43:41.219+0000] {processor.py:830} INFO - Processing file /opt/airflow/dags/urbanmove_nightly.py for tasks to queue
[2026-06-28T01:43:41.221+0000] {logging_mixin.py:188} INFO - [2026-06-28T01:43:41.221+0000] {dagbag.py:545} INFO - Filling up the DagBag from /opt/airflow/dags/urbanmove_nightly.py
[2026-06-28T01:43:41.229+0000] {processor.py:840} INFO - DAG(s) 'urbanmove_nightly_pipeline' retrieved from /opt/airflow/dags/urbanmove_nightly.py
[2026-06-28T01:43:41.247+0000] {logging_mixin.py:188} INFO - [2026-06-28T01:43:41.246+0000] {dag.py:3096} INFO - Sync 1 DAGs
[2026-06-28T01:43:41.256+0000] {logging_mixin.py:188} INFO - [2026-06-28T01:43:41.256+0000] {dag.py:3954} INFO - Setting next_dagrun for urbanmove_nightly_pipeline to 2026-06-27 02:00:00+00:00, run_after=2026-06-28 02:00:00+00:00
[2026-06-28T01:43:41.262+0000] {processor.py:183} INFO - Processing /opt/airflow/dags/urbanmove_nightly.py took 0.048 seconds
[2026-06-28T01:44:36.962+0000] {processor.py:161} INFO - Started process (PID=871) to work on /opt/airflow/dags/urbanmove_nightly.py
[2026-06-28T01:44:36.962+0000] {processor.py:830} INFO - Processing file /opt/airflow/dags/urbanmove_nightly.py for tasks to queue
[2026-06-28T01:44:36.965+0000] {logging_mixin.py:188} INFO - [2026-06-28T01:44:36.964+0000] {dagbag.py:545} INFO - Filling up the DagBag from /opt/airflow/dags/urbanmove_nightly.py
[2026-06-28T01:44:36.975+0000] {processor.py:840} INFO - DAG(s) 'urbanmove_nightly_pipeline' retrieved from /opt/airflow/dags/urbanmove_nightly.py
[2026-06-28T01:44:36.995+0000] {logging_mixin.py:188} INFO - [2026-06-28T01:44:36.995+0000] {dag.py:3096} INFO - Sync 1 DAGs
[2026-06-28T01:44:37.004+0000] {logging_mixin.py:188} INFO - [2026-06-28T01:44:37.004+0000] {dag.py:3954} INFO - Setting next_dagrun for urbanmove_nightly_pipeline to 2026-06-27 02:00:00+00:00, run_after=2026-06-28 02:00:00+00:00
[2026-06-28T01:44:37.011+0000] {processor.py:183} INFO - Processing /opt/airflow/dags/urbanmove_nightly.py took 0.055 seconds
[2026-06-28T01:47:09.632+0000] {processor.py:161} INFO - Started process (PID=876) to work on /opt/airflow/dags/urbanmove_nightly.py
[2026-06-28T01:47:09.633+0000] {processor.py:830} INFO - Processing file /opt/airflow/dags/urbanmove_nightly.py for tasks to queue
[2026-06-28T01:47:09.635+0000] {logging_mixin.py:188} INFO - [2026-06-28T01:47:09.635+0000] {dagbag.py:545} INFO - Filling up the DagBag from /opt/airflow/dags/urbanmove_nightly.py
[2026-06-28T01:47:09.645+0000] {processor.py:840} INFO - DAG(s) 'urbanmove_nightly_pipeline' retrieved from /opt/airflow/dags/urbanmove_nightly.py
[2026-06-28T01:47:09.663+0000] {logging_mixin.py:188} INFO - [2026-06-28T01:47:09.663+0000] {dag.py:3096} INFO - Sync 1 DAGs
[2026-06-28T01:47:09.674+0000] {logging_mixin.py:188} INFO - [2026-06-28T01:47:09.673+0000] {dag.py:3954} INFO - Setting next_dagrun for urbanmove_nightly_pipeline to 2026-06-27 02:00:00+00:00, run_after=2026-06-28 02:00:00+00:00
[2026-06-28T01:47:09.680+0000] {processor.py:183} INFO - Processing /opt/airflow/dags/urbanmove_nightly.py took 0.054 seconds
[2026-06-28T01:59:54.648+0000] {processor.py:161} INFO - Started process (PID=881) to work on /opt/airflow/dags/urbanmove_nightly.py
[2026-06-28T01:59:54.649+0000] {processor.py:830} INFO - Processing file /opt/airflow/dags/urbanmove_nightly.py for tasks to queue
[2026-06-28T01:59:54.650+0000] {logging_mixin.py:188} INFO - [2026-06-28T01:59:54.650+0000] {dagbag.py:545} INFO - Filling up the DagBag from /opt/airflow/dags/urbanmove_nightly.py
[2026-06-28T01:59:54.657+0000] {processor.py:840} INFO - DAG(s) 'urbanmove_nightly_pipeline' retrieved from /opt/airflow/dags/urbanmove_nightly.py
[2026-06-28T01:59:54.674+0000] {logging_mixin.py:188} INFO - [2026-06-28T01:59:54.674+0000] {dag.py:3096} INFO - Sync 1 DAGs
[2026-06-28T01:59:54.686+0000] {logging_mixin.py:188} INFO - [2026-06-28T01:59:54.685+0000] {dag.py:3954} INFO - Setting next_dagrun for urbanmove_nightly_pipeline to 2026-06-27 02:00:00+00:00, run_after=2026-06-28 02:00:00+00:00
[2026-06-28T01:59:54.695+0000] {processor.py:183} INFO - Processing /opt/airflow/dags/urbanmove_nightly.py took 0.050 seconds
[2026-06-28T02:16:08.348+0000] {processor.py:161} INFO - Started process (PID=942) to work on /opt/airflow/dags/urbanmove_nightly.py
[2026-06-28T02:16:08.349+0000] {processor.py:830} INFO - Processing file /opt/airflow/dags/urbanmove_nightly.py for tasks to queue
[2026-06-28T02:16:08.350+0000] {logging_mixin.py:188} INFO - [2026-06-28T02:16:08.350+0000] {dagbag.py:545} INFO - Filling up the DagBag from /opt/airflow/dags/urbanmove_nightly.py
[2026-06-28T02:16:08.359+0000] {processor.py:840} INFO - DAG(s) 'urbanmove_nightly_pipeline' retrieved from /opt/airflow/dags/urbanmove_nightly.py
[2026-06-28T02:16:08.379+0000] {logging_mixin.py:188} INFO - [2026-06-28T02:16:08.379+0000] {dag.py:3096} INFO - Sync 1 DAGs
[2026-06-28T02:16:08.395+0000] {logging_mixin.py:188} INFO - [2026-06-28T02:16:08.395+0000] {dag.py:3954} INFO - Setting next_dagrun for urbanmove_nightly_pipeline to 2026-06-28 02:00:00+00:00, run_after=2026-06-29 02:00:00+00:00
[2026-06-28T02:16:08.407+0000] {processor.py:183} INFO - Processing /opt/airflow/dags/urbanmove_nightly.py took 0.063 seconds
[2026-06-28T02:36:26.770+0000] {processor.py:161} INFO - Started process (PID=947) to work on /opt/airflow/dags/urbanmove_nightly.py
[2026-06-28T02:36:26.770+0000] {processor.py:830} INFO - Processing file /opt/airflow/dags/urbanmove_nightly.py for tasks to queue
[2026-06-28T02:36:26.772+0000] {logging_mixin.py:188} INFO - [2026-06-28T02:36:26.771+0000] {dagbag.py:545} INFO - Filling up the DagBag from /opt/airflow/dags/urbanmove_nightly.py
[2026-06-28T02:36:26.780+0000] {processor.py:840} INFO - DAG(s) 'urbanmove_nightly_pipeline' retrieved from /opt/airflow/dags/urbanmove_nightly.py
[2026-06-28T02:36:26.796+0000] {logging_mixin.py:188} INFO - [2026-06-28T02:36:26.796+0000] {dag.py:3096} INFO - Sync 1 DAGs
[2026-06-28T02:36:26.805+0000] {logging_mixin.py:188} INFO - [2026-06-28T02:36:26.804+0000] {dag.py:3954} INFO - Setting next_dagrun for urbanmove_nightly_pipeline to 2026-06-28 02:00:00+00:00, run_after=2026-06-29 02:00:00+00:00
[2026-06-28T02:36:26.810+0000] {processor.py:183} INFO - Processing /opt/airflow/dags/urbanmove_nightly.py took 0.045 seconds
[2026-06-28T02:42:13.894+0000] {processor.py:161} INFO - Started process (PID=952) to work on /opt/airflow/dags/urbanmove_nightly.py
[2026-06-28T02:42:13.894+0000] {processor.py:830} INFO - Processing file /opt/airflow/dags/urbanmove_nightly.py for tasks to queue
[2026-06-28T02:42:13.896+0000] {logging_mixin.py:188} INFO - [2026-06-28T02:42:13.896+0000] {dagbag.py:545} INFO - Filling up the DagBag from /opt/airflow/dags/urbanmove_nightly.py
[2026-06-28T02:42:13.905+0000] {processor.py:840} INFO - DAG(s) 'urbanmove_nightly_pipeline' retrieved from /opt/airflow/dags/urbanmove_nightly.py
[2026-06-28T02:42:13.924+0000] {logging_mixin.py:188} INFO - [2026-06-28T02:42:13.923+0000] {dag.py:3096} INFO - Sync 1 DAGs
[2026-06-28T02:42:13.936+0000] {logging_mixin.py:188} INFO - [2026-06-28T02:42:13.936+0000] {dag.py:3954} INFO - Setting next_dagrun for urbanmove_nightly_pipeline to 2026-06-28 02:00:00+00:00, run_after=2026-06-29 02:00:00+00:00
[2026-06-28T02:42:13.945+0000] {processor.py:183} INFO - Processing /opt/airflow/dags/urbanmove_nightly.py took 0.056 seconds
[2026-06-28T02:52:50.001+0000] {processor.py:161} INFO - Started process (PID=957) to work on /opt/airflow/dags/urbanmove_nightly.py
[2026-06-28T02:52:50.001+0000] {processor.py:830} INFO - Processing file /opt/airflow/dags/urbanmove_nightly.py for tasks to queue
[2026-06-28T02:52:50.003+0000] {logging_mixin.py:188} INFO - [2026-06-28T02:52:50.002+0000] {dagbag.py:545} INFO - Filling up the DagBag from /opt/airflow/dags/urbanmove_nightly.py
[2026-06-28T02:52:50.012+0000] {processor.py:840} INFO - DAG(s) 'urbanmove_nightly_pipeline' retrieved from /opt/airflow/dags/urbanmove_nightly.py
[2026-06-28T02:52:50.029+0000] {logging_mixin.py:188} INFO - [2026-06-28T02:52:50.029+0000] {dag.py:3096} INFO - Sync 1 DAGs
[2026-06-28T02:52:50.037+0000] {logging_mixin.py:188} INFO - [2026-06-28T02:52:50.037+0000] {dag.py:3954} INFO - Setting next_dagrun for urbanmove_nightly_pipeline to 2026-06-28 02:00:00+00:00, run_after=2026-06-29 02:00:00+00:00
[2026-06-28T02:52:50.043+0000] {processor.py:183} INFO - Processing /opt/airflow/dags/urbanmove_nightly.py took 0.047 seconds
[2026-06-28T03:41:20.181+0000] {processor.py:161} INFO - Started process (PID=962) to work on /opt/airflow/dags/urbanmove_nightly.py
[2026-06-28T03:41:20.181+0000] {processor.py:830} INFO - Processing file /opt/airflow/dags/urbanmove_nightly.py for tasks to queue
[2026-06-28T03:41:20.183+0000] {logging_mixin.py:188} INFO - [2026-06-28T03:41:20.182+0000] {dagbag.py:545} INFO - Filling up the DagBag from /opt/airflow/dags/urbanmove_nightly.py
[2026-06-28T03:41:20.187+0000] {processor.py:840} INFO - DAG(s) 'urbanmove_nightly_pipeline' retrieved from /opt/airflow/dags/urbanmove_nightly.py
[2026-06-28T03:41:20.198+0000] {logging_mixin.py:188} INFO - [2026-06-28T03:41:20.198+0000] {dag.py:3096} INFO - Sync 1 DAGs
[2026-06-28T03:41:20.205+0000] {logging_mixin.py:188} INFO - [2026-06-28T03:41:20.205+0000] {dag.py:3954} INFO - Setting next_dagrun for urbanmove_nightly_pipeline to 2026-06-28 02:00:00+00:00, run_after=2026-06-29 02:00:00+00:00
[2026-06-28T03:41:20.210+0000] {processor.py:183} INFO - Processing /opt/airflow/dags/urbanmove_nightly.py took 0.032 seconds
[2026-06-28T03:43:23.991+0000] {processor.py:161} INFO - Started process (PID=967) to work on /opt/airflow/dags/urbanmove_nightly.py
[2026-06-28T03:43:23.992+0000] {processor.py:830} INFO - Processing file /opt/airflow/dags/urbanmove_nightly.py for tasks to queue
[2026-06-28T03:43:23.993+0000] {logging_mixin.py:188} INFO - [2026-06-28T03:43:23.993+0000] {dagbag.py:545} INFO - Filling up the DagBag from /opt/airflow/dags/urbanmove_nightly.py
[2026-06-28T03:43:24.002+0000] {processor.py:840} INFO - DAG(s) 'urbanmove_nightly_pipeline' retrieved from /opt/airflow/dags/urbanmove_nightly.py
[2026-06-28T03:43:24.018+0000] {logging_mixin.py:188} INFO - [2026-06-28T03:43:24.018+0000] {dag.py:3096} INFO - Sync 1 DAGs
[2026-06-28T03:43:24.027+0000] {logging_mixin.py:188} INFO - [2026-06-28T03:43:24.027+0000] {dag.py:3954} INFO - Setting next_dagrun for urbanmove_nightly_pipeline to 2026-06-28 02:00:00+00:00, run_after=2026-06-29 02:00:00+00:00
[2026-06-28T03:43:24.033+0000] {processor.py:183} INFO - Processing /opt/airflow/dags/urbanmove_nightly.py took 0.046 seconds
[2026-06-28T04:19:43.698+0000] {processor.py:161} INFO - Started process (PID=972) to work on /opt/airflow/dags/urbanmove_nightly.py
[2026-06-28T04:19:43.699+0000] {processor.py:830} INFO - Processing file /opt/airflow/dags/urbanmove_nightly.py for tasks to queue
[2026-06-28T04:19:43.700+0000] {logging_mixin.py:188} INFO - [2026-06-28T04:19:43.700+0000] {dagbag.py:545} INFO - Filling up the DagBag from /opt/airflow/dags/urbanmove_nightly.py
[2026-06-28T04:19:43.709+0000] {processor.py:840} INFO - DAG(s) 'urbanmove_nightly_pipeline' retrieved from /opt/airflow/dags/urbanmove_nightly.py
[2026-06-28T04:19:43.725+0000] {logging_mixin.py:188} INFO - [2026-06-28T04:19:43.724+0000] {dag.py:3096} INFO - Sync 1 DAGs
[2026-06-28T04:19:43.733+0000] {logging_mixin.py:188} INFO - [2026-06-28T04:19:43.732+0000] {dag.py:3954} INFO - Setting next_dagrun for urbanmove_nightly_pipeline to 2026-06-28 02:00:00+00:00, run_after=2026-06-29 02:00:00+00:00
[2026-06-28T04:19:43.739+0000] {processor.py:183} INFO - Processing /opt/airflow/dags/urbanmove_nightly.py took 0.045 seconds
[2026-06-28T05:00:06.770+0000] {processor.py:161} INFO - Started process (PID=977) to work on /opt/airflow/dags/urbanmove_nightly.py
[2026-06-28T05:00:06.770+0000] {processor.py:830} INFO - Processing file /opt/airflow/dags/urbanmove_nightly.py for tasks to queue
[2026-06-28T05:00:06.772+0000] {logging_mixin.py:188} INFO - [2026-06-28T05:00:06.771+0000] {dagbag.py:545} INFO - Filling up the DagBag from /opt/airflow/dags/urbanmove_nightly.py
[2026-06-28T05:00:06.779+0000] {processor.py:840} INFO - DAG(s) 'urbanmove_nightly_pipeline' retrieved from /opt/airflow/dags/urbanmove_nightly.py
[2026-06-28T05:00:06.794+0000] {logging_mixin.py:188} INFO - [2026-06-28T05:00:06.794+0000] {dag.py:3096} INFO - Sync 1 DAGs
[2026-06-28T05:00:06.802+0000] {logging_mixin.py:188} INFO - [2026-06-28T05:00:06.802+0000] {dag.py:3954} INFO - Setting next_dagrun for urbanmove_nightly_pipeline to 2026-06-28 02:00:00+00:00, run_after=2026-06-29 02:00:00+00:00
[2026-06-28T05:00:06.808+0000] {processor.py:183} INFO - Processing /opt/airflow/dags/urbanmove_nightly.py took 0.042 seconds
[2026-06-28T05:00:37.026+0000] {processor.py:161} INFO - Started process (PID=982) to work on /opt/airflow/dags/urbanmove_nightly.py
[2026-06-28T05:00:37.027+0000] {processor.py:830} INFO - Processing file /opt/airflow/dags/urbanmove_nightly.py for tasks to queue
[2026-06-28T05:00:37.029+0000] {logging_mixin.py:188} INFO - [2026-06-28T05:00:37.028+0000] {dagbag.py:545} INFO - Filling up the DagBag from /opt/airflow/dags/urbanmove_nightly.py
[2026-06-28T05:00:37.036+0000] {processor.py:840} INFO - DAG(s) 'urbanmove_nightly_pipeline' retrieved from /opt/airflow/dags/urbanmove_nightly.py
[2026-06-28T05:00:37.054+0000] {logging_mixin.py:188} INFO - [2026-06-28T05:00:37.054+0000] {dag.py:3096} INFO - Sync 1 DAGs
[2026-06-28T05:00:37.065+0000] {logging_mixin.py:188} INFO - [2026-06-28T05:00:37.065+0000] {dag.py:3954} INFO - Setting next_dagrun for urbanmove_nightly_pipeline to 2026-06-28 02:00:00+00:00, run_after=2026-06-29 02:00:00+00:00
[2026-06-28T05:00:37.073+0000] {processor.py:183} INFO - Processing /opt/airflow/dags/urbanmove_nightly.py took 0.051 seconds
[2026-06-28T05:26:56.035+0000] {processor.py:161} INFO - Started process (PID=987) to work on /opt/airflow/dags/urbanmove_nightly.py
[2026-06-28T05:26:56.036+0000] {processor.py:830} INFO - Processing file /opt/airflow/dags/urbanmove_nightly.py for tasks to queue
[2026-06-28T05:26:56.038+0000] {logging_mixin.py:188} INFO - [2026-06-28T05:26:56.038+0000] {dagbag.py:545} INFO - Filling up the DagBag from /opt/airflow/dags/urbanmove_nightly.py
[2026-06-28T05:26:56.050+0000] {processor.py:840} INFO - DAG(s) 'urbanmove_nightly_pipeline' retrieved from /opt/airflow/dags/urbanmove_nightly.py
[2026-06-28T05:26:56.075+0000] {logging_mixin.py:188} INFO - [2026-06-28T05:26:56.074+0000] {dag.py:3096} INFO - Sync 1 DAGs
[2026-06-28T05:26:56.094+0000] {logging_mixin.py:188} INFO - [2026-06-28T05:26:56.093+0000] {dag.py:3954} INFO - Setting next_dagrun for urbanmove_nightly_pipeline to 2026-06-28 02:00:00+00:00, run_after=2026-06-29 02:00:00+00:00
[2026-06-28T05:26:56.107+0000] {processor.py:183} INFO - Processing /opt/airflow/dags/urbanmove_nightly.py took 0.077 seconds
[2026-06-28T05:44:31.766+0000] {processor.py:161} INFO - Started process (PID=992) to work on /opt/airflow/dags/urbanmove_nightly.py
[2026-06-28T05:44:31.766+0000] {processor.py:830} INFO - Processing file /opt/airflow/dags/urbanmove_nightly.py for tasks to queue
[2026-06-28T05:44:31.767+0000] {logging_mixin.py:188} INFO - [2026-06-28T05:44:31.767+0000] {dagbag.py:545} INFO - Filling up the DagBag from /opt/airflow/dags/urbanmove_nightly.py
[2026-06-28T05:44:31.771+0000] {processor.py:840} INFO - DAG(s) 'urbanmove_nightly_pipeline' retrieved from /opt/airflow/dags/urbanmove_nightly.py
[2026-06-28T05:44:31.781+0000] {logging_mixin.py:188} INFO - [2026-06-28T05:44:31.781+0000] {dag.py:3096} INFO - Sync 1 DAGs
[2026-06-28T05:44:31.788+0000] {logging_mixin.py:188} INFO - [2026-06-28T05:44:31.788+0000] {dag.py:3954} INFO - Setting next_dagrun for urbanmove_nightly_pipeline to 2026-06-28 02:00:00+00:00, run_after=2026-06-29 02:00:00+00:00
[2026-06-28T05:44:31.794+0000] {processor.py:183} INFO - Processing /opt/airflow/dags/urbanmove_nightly.py took 0.031 seconds
[2026-06-28T06:17:09.036+0000] {processor.py:161} INFO - Started process (PID=997) to work on /opt/airflow/dags/urbanmove_nightly.py
[2026-06-28T06:17:09.037+0000] {processor.py:830} INFO - Processing file /opt/airflow/dags/urbanmove_nightly.py for tasks to queue
[2026-06-28T06:17:09.038+0000] {logging_mixin.py:188} INFO - [2026-06-28T06:17:09.038+0000] {dagbag.py:545} INFO - Filling up the DagBag from /opt/airflow/dags/urbanmove_nightly.py
[2026-06-28T06:17:09.050+0000] {processor.py:840} INFO - DAG(s) 'urbanmove_nightly_pipeline' retrieved from /opt/airflow/dags/urbanmove_nightly.py
[2026-06-28T06:17:09.076+0000] {logging_mixin.py:188} INFO - [2026-06-28T06:17:09.076+0000] {dag.py:3096} INFO - Sync 1 DAGs
[2026-06-28T06:17:09.096+0000] {logging_mixin.py:188} INFO - [2026-06-28T06:17:09.095+0000] {dag.py:3954} INFO - Setting next_dagrun for urbanmove_nightly_pipeline to 2026-06-28 02:00:00+00:00, run_after=2026-06-29 02:00:00+00:00
[2026-06-28T06:17:09.111+0000] {processor.py:183} INFO - Processing /opt/airflow/dags/urbanmove_nightly.py took 0.080 seconds
[2026-06-28T06:34:14.109+0000] {processor.py:161} INFO - Started process (PID=1002) to work on /opt/airflow/dags/urbanmove_nightly.py
[2026-06-28T06:34:14.110+0000] {processor.py:830} INFO - Processing file /opt/airflow/dags/urbanmove_nightly.py for tasks to queue
[2026-06-28T06:34:14.111+0000] {logging_mixin.py:188} INFO - [2026-06-28T06:34:14.111+0000] {dagbag.py:545} INFO - Filling up the DagBag from /opt/airflow/dags/urbanmove_nightly.py
[2026-06-28T06:34:14.120+0000] {processor.py:840} INFO - DAG(s) 'urbanmove_nightly_pipeline' retrieved from /opt/airflow/dags/urbanmove_nightly.py
[2026-06-28T06:34:14.141+0000] {logging_mixin.py:188} INFO - [2026-06-28T06:34:14.141+0000] {dag.py:3096} INFO - Sync 1 DAGs
[2026-06-28T06:34:14.156+0000] {logging_mixin.py:188} INFO - [2026-06-28T06:34:14.156+0000] {dag.py:3954} INFO - Setting next_dagrun for urbanmove_nightly_pipeline to 2026-06-28 02:00:00+00:00, run_after=2026-06-29 02:00:00+00:00
[2026-06-28T06:34:14.171+0000] {processor.py:183} INFO - Processing /opt/airflow/dags/urbanmove_nightly.py took 0.066 seconds
[2026-06-28T07:01:23.374+0000] {processor.py:161} INFO - Started process (PID=1007) to work on /opt/airflow/dags/urbanmove_nightly.py
[2026-06-28T07:01:23.375+0000] {processor.py:830} INFO - Processing file /opt/airflow/dags/urbanmove_nightly.py for tasks to queue
[2026-06-28T07:01:23.375+0000] {logging_mixin.py:188} INFO - [2026-06-28T07:01:23.375+0000] {dagbag.py:545} INFO - Filling up the DagBag from /opt/airflow/dags/urbanmove_nightly.py
[2026-06-28T07:01:23.380+0000] {processor.py:840} INFO - DAG(s) 'urbanmove_nightly_pipeline' retrieved from /opt/airflow/dags/urbanmove_nightly.py
[2026-06-28T07:01:23.391+0000] {logging_mixin.py:188} INFO - [2026-06-28T07:01:23.391+0000] {dag.py:3096} INFO - Sync 1 DAGs
[2026-06-28T07:01:23.399+0000] {logging_mixin.py:188} INFO - [2026-06-28T07:01:23.399+0000] {dag.py:3954} INFO - Setting next_dagrun for urbanmove_nightly_pipeline to 2026-06-28 02:00:00+00:00, run_after=2026-06-29 02:00:00+00:00
[2026-06-28T07:01:23.405+0000] {processor.py:183} INFO - Processing /opt/airflow/dags/urbanmove_nightly.py took 0.032 seconds
[2026-06-28T07:34:42.759+0000] {processor.py:161} INFO - Started process (PID=1012) to work on /opt/airflow/dags/urbanmove_nightly.py
[2026-06-28T07:34:42.759+0000] {processor.py:830} INFO - Processing file /opt/airflow/dags/urbanmove_nightly.py for tasks to queue
[2026-06-28T07:34:42.760+0000] {logging_mixin.py:188} INFO - [2026-06-28T07:34:42.760+0000] {dagbag.py:545} INFO - Filling up the DagBag from /opt/airflow/dags/urbanmove_nightly.py
[2026-06-28T07:34:42.767+0000] {processor.py:840} INFO - DAG(s) 'urbanmove_nightly_pipeline' retrieved from /opt/airflow/dags/urbanmove_nightly.py
[2026-06-28T07:34:42.782+0000] {logging_mixin.py:188} INFO - [2026-06-28T07:34:42.782+0000] {dag.py:3096} INFO - Sync 1 DAGs
[2026-06-28T07:34:42.791+0000] {logging_mixin.py:188} INFO - [2026-06-28T07:34:42.791+0000] {dag.py:3954} INFO - Setting next_dagrun for urbanmove_nightly_pipeline to 2026-06-28 02:00:00+00:00, run_after=2026-06-29 02:00:00+00:00
[2026-06-28T07:34:42.798+0000] {processor.py:183} INFO - Processing /opt/airflow/dags/urbanmove_nightly.py took 0.042 seconds
[2026-06-28T08:03:44.644+0000] {processor.py:161} INFO - Started process (PID=1017) to work on /opt/airflow/dags/urbanmove_nightly.py
[2026-06-28T08:03:44.644+0000] {processor.py:830} INFO - Processing file /opt/airflow/dags/urbanmove_nightly.py for tasks to queue
[2026-06-28T08:03:44.646+0000] {logging_mixin.py:188} INFO - [2026-06-28T08:03:44.645+0000] {dagbag.py:545} INFO - Filling up the DagBag from /opt/airflow/dags/urbanmove_nightly.py
[2026-06-28T08:03:44.653+0000] {processor.py:840} INFO - DAG(s) 'urbanmove_nightly_pipeline' retrieved from /opt/airflow/dags/urbanmove_nightly.py
[2026-06-28T08:03:44.668+0000] {logging_mixin.py:188} INFO - [2026-06-28T08:03:44.668+0000] {dag.py:3096} INFO - Sync 1 DAGs
[2026-06-28T08:03:44.678+0000] {logging_mixin.py:188} INFO - [2026-06-28T08:03:44.678+0000] {dag.py:3954} INFO - Setting next_dagrun for urbanmove_nightly_pipeline to 2026-06-28 02:00:00+00:00, run_after=2026-06-29 02:00:00+00:00
[2026-06-28T08:03:44.684+0000] {processor.py:183} INFO - Processing /opt/airflow/dags/urbanmove_nightly.py took 0.044 seconds
[2026-06-28T08:47:29.865+0000] {processor.py:161} INFO - Started process (PID=1022) to work on /opt/airflow/dags/urbanmove_nightly.py
[2026-06-28T08:47:29.865+0000] {processor.py:830} INFO - Processing file /opt/airflow/dags/urbanmove_nightly.py for tasks to queue
[2026-06-28T08:47:29.866+0000] {logging_mixin.py:188} INFO - [2026-06-28T08:47:29.866+0000] {dagbag.py:545} INFO - Filling up the DagBag from /opt/airflow/dags/urbanmove_nightly.py
[2026-06-28T08:47:29.870+0000] {processor.py:840} INFO - DAG(s) 'urbanmove_nightly_pipeline' retrieved from /opt/airflow/dags/urbanmove_nightly.py
[2026-06-28T08:47:29.880+0000] {logging_mixin.py:188} INFO - [2026-06-28T08:47:29.880+0000] {dag.py:3096} INFO - Sync 1 DAGs
[2026-06-28T08:47:29.887+0000] {logging_mixin.py:188} INFO - [2026-06-28T08:47:29.886+0000] {dag.py:3954} INFO - Setting next_dagrun for urbanmove_nightly_pipeline to 2026-06-28 02:00:00+00:00, run_after=2026-06-29 02:00:00+00:00
[2026-06-28T08:47:29.891+0000] {processor.py:183} INFO - Processing /opt/airflow/dags/urbanmove_nightly.py took 0.028 seconds
[2026-06-28T08:48:47.955+0000] {processor.py:161} INFO - Started process (PID=1027) to work on /opt/airflow/dags/urbanmove_nightly.py
[2026-06-28T08:48:47.956+0000] {processor.py:830} INFO - Processing file /opt/airflow/dags/urbanmove_nightly.py for tasks to queue
[2026-06-28T08:48:47.957+0000] {logging_mixin.py:188} INFO - [2026-06-28T08:48:47.957+0000] {dagbag.py:545} INFO - Filling up the DagBag from /opt/airflow/dags/urbanmove_nightly.py
[2026-06-28T08:48:47.967+0000] {processor.py:840} INFO - DAG(s) 'urbanmove_nightly_pipeline' retrieved from /opt/airflow/dags/urbanmove_nightly.py
[2026-06-28T08:48:47.983+0000] {logging_mixin.py:188} INFO - [2026-06-28T08:48:47.983+0000] {dag.py:3096} INFO - Sync 1 DAGs
[2026-06-28T08:48:47.994+0000] {logging_mixin.py:188} INFO - [2026-06-28T08:48:47.994+0000] {dag.py:3954} INFO - Setting next_dagrun for urbanmove_nightly_pipeline to 2026-06-28 02:00:00+00:00, run_after=2026-06-29 02:00:00+00:00
[2026-06-28T08:48:48.001+0000] {processor.py:183} INFO - Processing /opt/airflow/dags/urbanmove_nightly.py took 0.050 seconds
[2026-06-28T08:53:52.882+0000] {processor.py:161} INFO - Started process (PID=1032) to work on /opt/airflow/dags/urbanmove_nightly.py
[2026-06-28T08:53:52.883+0000] {processor.py:830} INFO - Processing file /opt/airflow/dags/urbanmove_nightly.py for tasks to queue
[2026-06-28T08:53:52.885+0000] {logging_mixin.py:188} INFO - [2026-06-28T08:53:52.884+0000] {dagbag.py:545} INFO - Filling up the DagBag from /opt/airflow/dags/urbanmove_nightly.py
[2026-06-28T08:53:52.893+0000] {processor.py:840} INFO - DAG(s) 'urbanmove_nightly_pipeline' retrieved from /opt/airflow/dags/urbanmove_nightly.py
[2026-06-28T08:53:52.909+0000] {logging_mixin.py:188} INFO - [2026-06-28T08:53:52.909+0000] {dag.py:3096} INFO - Sync 1 DAGs
[2026-06-28T08:53:52.918+0000] {logging_mixin.py:188} INFO - [2026-06-28T08:53:52.918+0000] {dag.py:3954} INFO - Setting next_dagrun for urbanmove_nightly_pipeline to 2026-06-28 02:00:00+00:00, run_after=2026-06-29 02:00:00+00:00
[2026-06-28T08:53:52.924+0000] {processor.py:183} INFO - Processing /opt/airflow/dags/urbanmove_nightly.py took 0.046 seconds
[2026-06-28T09:03:05.804+0000] {processor.py:161} INFO - Started process (PID=1037) to work on /opt/airflow/dags/urbanmove_nightly.py
[2026-06-28T09:03:05.805+0000] {processor.py:830} INFO - Processing file /opt/airflow/dags/urbanmove_nightly.py for tasks to queue
[2026-06-28T09:03:05.806+0000] {logging_mixin.py:188} INFO - [2026-06-28T09:03:05.806+0000] {dagbag.py:545} INFO - Filling up the DagBag from /opt/airflow/dags/urbanmove_nightly.py
[2026-06-28T09:03:05.814+0000] {processor.py:840} INFO - DAG(s) 'urbanmove_nightly_pipeline' retrieved from /opt/airflow/dags/urbanmove_nightly.py
[2026-06-28T09:03:05.842+0000] {logging_mixin.py:188} INFO - [2026-06-28T09:03:05.842+0000] {dag.py:3096} INFO - Sync 1 DAGs
[2026-06-28T09:03:05.864+0000] {logging_mixin.py:188} INFO - [2026-06-28T09:03:05.864+0000] {dag.py:3954} INFO - Setting next_dagrun for urbanmove_nightly_pipeline to 2026-06-28 02:00:00+00:00, run_after=2026-06-29 02:00:00+00:00
[2026-06-28T09:03:05.883+0000] {processor.py:183} INFO - Processing /opt/airflow/dags/urbanmove_nightly.py took 0.082 seconds
[2026-06-28T09:21:22.889+0000] {processor.py:161} INFO - Started process (PID=1042) to work on /opt/airflow/dags/urbanmove_nightly.py
[2026-06-28T09:21:22.890+0000] {processor.py:830} INFO - Processing file /opt/airflow/dags/urbanmove_nightly.py for tasks to queue
[2026-06-28T09:21:22.891+0000] {logging_mixin.py:188} INFO - [2026-06-28T09:21:22.891+0000] {dagbag.py:545} INFO - Filling up the DagBag from /opt/airflow/dags/urbanmove_nightly.py
[2026-06-28T09:21:22.899+0000] {processor.py:840} INFO - DAG(s) 'urbanmove_nightly_pipeline' retrieved from /opt/airflow/dags/urbanmove_nightly.py
[2026-06-28T09:21:22.915+0000] {logging_mixin.py:188} INFO - [2026-06-28T09:21:22.915+0000] {dag.py:3096} INFO - Sync 1 DAGs
[2026-06-28T09:21:22.923+0000] {logging_mixin.py:188} INFO - [2026-06-28T09:21:22.923+0000] {dag.py:3954} INFO - Setting next_dagrun for urbanmove_nightly_pipeline to 2026-06-28 02:00:00+00:00, run_after=2026-06-29 02:00:00+00:00
[2026-06-28T09:21:22.929+0000] {processor.py:183} INFO - Processing /opt/airflow/dags/urbanmove_nightly.py took 0.043 seconds
[2026-06-28T09:48:25.107+0000] {processor.py:161} INFO - Started process (PID=1047) to work on /opt/airflow/dags/urbanmove_nightly.py
[2026-06-28T09:48:25.107+0000] {processor.py:830} INFO - Processing file /opt/airflow/dags/urbanmove_nightly.py for tasks to queue
[2026-06-28T09:48:25.108+0000] {logging_mixin.py:188} INFO - [2026-06-28T09:48:25.108+0000] {dagbag.py:545} INFO - Filling up the DagBag from /opt/airflow/dags/urbanmove_nightly.py
[2026-06-28T09:48:25.114+0000] {processor.py:840} INFO - DAG(s) 'urbanmove_nightly_pipeline' retrieved from /opt/airflow/dags/urbanmove_nightly.py
[2026-06-28T09:48:25.128+0000] {logging_mixin.py:188} INFO - [2026-06-28T09:48:25.128+0000] {dag.py:3096} INFO - Sync 1 DAGs
[2026-06-28T09:48:25.137+0000] {logging_mixin.py:188} INFO - [2026-06-28T09:48:25.137+0000] {dag.py:3954} INFO - Setting next_dagrun for urbanmove_nightly_pipeline to 2026-06-28 02:00:00+00:00, run_after=2026-06-29 02:00:00+00:00
[2026-06-28T09:48:25.145+0000] {processor.py:183} INFO - Processing /opt/airflow/dags/urbanmove_nightly.py took 0.041 seconds
[2026-06-28T10:00:22.467+0000] {processor.py:161} INFO - Started process (PID=1052) to work on /opt/airflow/dags/urbanmove_nightly.py
[2026-06-28T10:00:22.468+0000] {processor.py:830} INFO - Processing file /opt/airflow/dags/urbanmove_nightly.py for tasks to queue
[2026-06-28T10:00:22.469+0000] {logging_mixin.py:188} INFO - [2026-06-28T10:00:22.469+0000] {dagbag.py:545} INFO - Filling up the DagBag from /opt/airflow/dags/urbanmove_nightly.py
[2026-06-28T10:00:22.478+0000] {processor.py:840} INFO - DAG(s) 'urbanmove_nightly_pipeline' retrieved from /opt/airflow/dags/urbanmove_nightly.py
[2026-06-28T10:00:22.495+0000] {logging_mixin.py:188} INFO - [2026-06-28T10:00:22.495+0000] {dag.py:3096} INFO - Sync 1 DAGs
[2026-06-28T10:00:22.503+0000] {logging_mixin.py:188} INFO - [2026-06-28T10:00:22.503+0000] {dag.py:3954} INFO - Setting next_dagrun for urbanmove_nightly_pipeline to 2026-06-28 02:00:00+00:00, run_after=2026-06-29 02:00:00+00:00
[2026-06-28T10:00:22.510+0000] {processor.py:183} INFO - Processing /opt/airflow/dags/urbanmove_nightly.py took 0.047 seconds
[2026-06-28T10:17:21.596+0000] {processor.py:161} INFO - Started process (PID=1057) to work on /opt/airflow/dags/urbanmove_nightly.py
[2026-06-28T10:17:21.596+0000] {processor.py:830} INFO - Processing file /opt/airflow/dags/urbanmove_nightly.py for tasks to queue
[2026-06-28T10:17:21.598+0000] {logging_mixin.py:188} INFO - [2026-06-28T10:17:21.598+0000] {dagbag.py:545} INFO - Filling up the DagBag from /opt/airflow/dags/urbanmove_nightly.py
[2026-06-28T10:17:21.607+0000] {processor.py:840} INFO - DAG(s) 'urbanmove_nightly_pipeline' retrieved from /opt/airflow/dags/urbanmove_nightly.py
[2026-06-28T10:17:21.631+0000] {logging_mixin.py:188} INFO - [2026-06-28T10:17:21.631+0000] {dag.py:3096} INFO - Sync 1 DAGs
[2026-06-28T10:17:21.644+0000] {logging_mixin.py:188} INFO - [2026-06-28T10:17:21.644+0000] {dag.py:3954} INFO - Setting next_dagrun for urbanmove_nightly_pipeline to 2026-06-28 02:00:00+00:00, run_after=2026-06-29 02:00:00+00:00
[2026-06-28T10:17:21.653+0000] {processor.py:183} INFO - Processing /opt/airflow/dags/urbanmove_nightly.py took 0.062 seconds
[2026-06-28T10:42:07.029+0000] {processor.py:161} INFO - Started process (PID=1062) to work on /opt/airflow/dags/urbanmove_nightly.py
[2026-06-28T10:42:07.029+0000] {processor.py:830} INFO - Processing file /opt/airflow/dags/urbanmove_nightly.py for tasks to queue
[2026-06-28T10:42:07.030+0000] {logging_mixin.py:188} INFO - [2026-06-28T10:42:07.030+0000] {dagbag.py:545} INFO - Filling up the DagBag from /opt/airflow/dags/urbanmove_nightly.py
[2026-06-28T10:42:07.038+0000] {processor.py:840} INFO - DAG(s) 'urbanmove_nightly_pipeline' retrieved from /opt/airflow/dags/urbanmove_nightly.py
[2026-06-28T10:42:07.052+0000] {logging_mixin.py:188} INFO - [2026-06-28T10:42:07.052+0000] {dag.py:3096} INFO - Sync 1 DAGs
[2026-06-28T10:42:07.060+0000] {logging_mixin.py:188} INFO - [2026-06-28T10:42:07.060+0000] {dag.py:3954} INFO - Setting next_dagrun for urbanmove_nightly_pipeline to 2026-06-28 02:00:00+00:00, run_after=2026-06-29 02:00:00+00:00
[2026-06-28T10:42:07.066+0000] {processor.py:183} INFO - Processing /opt/airflow/dags/urbanmove_nightly.py took 0.040 seconds
[2026-06-28T10:51:31.263+0000] {processor.py:161} INFO - Started process (PID=1067) to work on /opt/airflow/dags/urbanmove_nightly.py
[2026-06-28T10:51:31.264+0000] {processor.py:830} INFO - Processing file /opt/airflow/dags/urbanmove_nightly.py for tasks to queue
[2026-06-28T10:51:31.265+0000] {logging_mixin.py:188} INFO - [2026-06-28T10:51:31.265+0000] {dagbag.py:545} INFO - Filling up the DagBag from /opt/airflow/dags/urbanmove_nightly.py
[2026-06-28T10:51:31.274+0000] {processor.py:840} INFO - DAG(s) 'urbanmove_nightly_pipeline' retrieved from /opt/airflow/dags/urbanmove_nightly.py
[2026-06-28T10:51:31.292+0000] {logging_mixin.py:188} INFO - [2026-06-28T10:51:31.291+0000] {dag.py:3096} INFO - Sync 1 DAGs
[2026-06-28T10:51:31.300+0000] {logging_mixin.py:188} INFO - [2026-06-28T10:51:31.300+0000] {dag.py:3954} INFO - Setting next_dagrun for urbanmove_nightly_pipeline to 2026-06-28 02:00:00+00:00, run_after=2026-06-29 02:00:00+00:00
[2026-06-28T10:51:31.306+0000] {processor.py:183} INFO - Processing /opt/airflow/dags/urbanmove_nightly.py took 0.047 seconds
[2026-06-28T10:58:08.530+0000] {processor.py:161} INFO - Started process (PID=1072) to work on /opt/airflow/dags/urbanmove_nightly.py
[2026-06-28T10:58:08.531+0000] {processor.py:830} INFO - Processing file /opt/airflow/dags/urbanmove_nightly.py for tasks to queue
[2026-06-28T10:58:08.532+0000] {logging_mixin.py:188} INFO - [2026-06-28T10:58:08.532+0000] {dagbag.py:545} INFO - Filling up the DagBag from /opt/airflow/dags/urbanmove_nightly.py
[2026-06-28T10:58:08.539+0000] {processor.py:840} INFO - DAG(s) 'urbanmove_nightly_pipeline' retrieved from /opt/airflow/dags/urbanmove_nightly.py
[2026-06-28T10:58:08.553+0000] {logging_mixin.py:188} INFO - [2026-06-28T10:58:08.553+0000] {dag.py:3096} INFO - Sync 1 DAGs
[2026-06-28T10:58:08.560+0000] {logging_mixin.py:188} INFO - [2026-06-28T10:58:08.560+0000] {dag.py:3954} INFO - Setting next_dagrun for urbanmove_nightly_pipeline to 2026-06-28 02:00:00+00:00, run_after=2026-06-29 02:00:00+00:00
[2026-06-28T10:58:08.566+0000] {processor.py:183} INFO - Processing /opt/airflow/dags/urbanmove_nightly.py took 0.039 seconds
[2026-06-28T10:58:38.763+0000] {processor.py:161} INFO - Started process (PID=1077) to work on /opt/airflow/dags/urbanmove_nightly.py
[2026-06-28T10:58:38.763+0000] {processor.py:830} INFO - Processing file /opt/airflow/dags/urbanmove_nightly.py for tasks to queue
[2026-06-28T10:58:38.765+0000] {logging_mixin.py:188} INFO - [2026-06-28T10:58:38.765+0000] {dagbag.py:545} INFO - Filling up the DagBag from /opt/airflow/dags/urbanmove_nightly.py
[2026-06-28T10:58:38.775+0000] {processor.py:840} INFO - DAG(s) 'urbanmove_nightly_pipeline' retrieved from /opt/airflow/dags/urbanmove_nightly.py
[2026-06-28T10:58:38.793+0000] {logging_mixin.py:188} INFO - [2026-06-28T10:58:38.793+0000] {dag.py:3096} INFO - Sync 1 DAGs
[2026-06-28T10:58:38.804+0000] {logging_mixin.py:188} INFO - [2026-06-28T10:58:38.804+0000] {dag.py:3954} INFO - Setting next_dagrun for urbanmove_nightly_pipeline to 2026-06-28 02:00:00+00:00, run_after=2026-06-29 02:00:00+00:00
[2026-06-28T10:58:38.810+0000] {processor.py:183} INFO - Processing /opt/airflow/dags/urbanmove_nightly.py took 0.053 seconds
[2026-06-28T10:59:52.686+0000] {processor.py:161} INFO - Started process (PID=1082) to work on /opt/airflow/dags/urbanmove_nightly.py
[2026-06-28T10:59:52.686+0000] {processor.py:830} INFO - Processing file /opt/airflow/dags/urbanmove_nightly.py for tasks to queue
[2026-06-28T10:59:52.688+0000] {logging_mixin.py:188} INFO - [2026-06-28T10:59:52.688+0000] {dagbag.py:545} INFO - Filling up the DagBag from /opt/airflow/dags/urbanmove_nightly.py
[2026-06-28T10:59:52.698+0000] {processor.py:840} INFO - DAG(s) 'urbanmove_nightly_pipeline' retrieved from /opt/airflow/dags/urbanmove_nightly.py
[2026-06-28T10:59:52.716+0000] {logging_mixin.py:188} INFO - [2026-06-28T10:59:52.716+0000] {dag.py:3096} INFO - Sync 1 DAGs
[2026-06-28T10:59:52.726+0000] {logging_mixin.py:188} INFO - [2026-06-28T10:59:52.726+0000] {dag.py:3954} INFO - Setting next_dagrun for urbanmove_nightly_pipeline to 2026-06-28 02:00:00+00:00, run_after=2026-06-29 02:00:00+00:00
[2026-06-28T10:59:52.732+0000] {processor.py:183} INFO - Processing /opt/airflow/dags/urbanmove_nightly.py took 0.052 seconds
[2026-06-28T11:13:18.069+0000] {processor.py:161} INFO - Started process (PID=1087) to work on /opt/airflow/dags/urbanmove_nightly.py
[2026-06-28T11:13:18.070+0000] {processor.py:830} INFO - Processing file /opt/airflow/dags/urbanmove_nightly.py for tasks to queue
[2026-06-28T11:13:18.071+0000] {logging_mixin.py:188} INFO - [2026-06-28T11:13:18.071+0000] {dagbag.py:545} INFO - Filling up the DagBag from /opt/airflow/dags/urbanmove_nightly.py
[2026-06-28T11:13:18.078+0000] {processor.py:840} INFO - DAG(s) 'urbanmove_nightly_pipeline' retrieved from /opt/airflow/dags/urbanmove_nightly.py
[2026-06-28T11:13:18.097+0000] {logging_mixin.py:188} INFO - [2026-06-28T11:13:18.096+0000] {dag.py:3096} INFO - Sync 1 DAGs
[2026-06-28T11:13:18.110+0000] {logging_mixin.py:188} INFO - [2026-06-28T11:13:18.109+0000] {dag.py:3954} INFO - Setting next_dagrun for urbanmove_nightly_pipeline to 2026-06-28 02:00:00+00:00, run_after=2026-06-29 02:00:00+00:00
[2026-06-28T11:13:18.120+0000] {processor.py:183} INFO - Processing /opt/airflow/dags/urbanmove_nightly.py took 0.054 seconds
[2026-06-28T11:23:29.540+0000] {processor.py:161} INFO - Started process (PID=1092) to work on /opt/airflow/dags/urbanmove_nightly.py
[2026-06-28T11:23:29.541+0000] {processor.py:830} INFO - Processing file /opt/airflow/dags/urbanmove_nightly.py for tasks to queue
[2026-06-28T11:23:29.543+0000] {logging_mixin.py:188} INFO - [2026-06-28T11:23:29.543+0000] {dagbag.py:545} INFO - Filling up the DagBag from /opt/airflow/dags/urbanmove_nightly.py
[2026-06-28T11:23:29.548+0000] {processor.py:840} INFO - DAG(s) 'urbanmove_nightly_pipeline' retrieved from /opt/airflow/dags/urbanmove_nightly.py
[2026-06-28T11:23:29.558+0000] {logging_mixin.py:188} INFO - [2026-06-28T11:23:29.558+0000] {dag.py:3096} INFO - Sync 1 DAGs
[2026-06-28T11:23:29.565+0000] {logging_mixin.py:188} INFO - [2026-06-28T11:23:29.565+0000] {dag.py:3954} INFO - Setting next_dagrun for urbanmove_nightly_pipeline to 2026-06-28 02:00:00+00:00, run_after=2026-06-29 02:00:00+00:00
[2026-06-28T11:23:29.571+0000] {processor.py:183} INFO - Processing /opt/airflow/dags/urbanmove_nightly.py took 0.033 seconds
[2026-06-28T11:44:00.301+0000] {processor.py:161} INFO - Started process (PID=1097) to work on /opt/airflow/dags/urbanmove_nightly.py
[2026-06-28T11:44:00.301+0000] {processor.py:830} INFO - Processing file /opt/airflow/dags/urbanmove_nightly.py for tasks to queue
[2026-06-28T11:44:00.303+0000] {logging_mixin.py:188} INFO - [2026-06-28T11:44:00.302+0000] {dagbag.py:545} INFO - Filling up the DagBag from /opt/airflow/dags/urbanmove_nightly.py
[2026-06-28T11:44:00.311+0000] {processor.py:840} INFO - DAG(s) 'urbanmove_nightly_pipeline' retrieved from /opt/airflow/dags/urbanmove_nightly.py
[2026-06-28T11:44:00.329+0000] {logging_mixin.py:188} INFO - [2026-06-28T11:44:00.329+0000] {dag.py:3096} INFO - Sync 1 DAGs
[2026-06-28T11:44:00.337+0000] {logging_mixin.py:188} INFO - [2026-06-28T11:44:00.337+0000] {dag.py:3954} INFO - Setting next_dagrun for urbanmove_nightly_pipeline to 2026-06-28 02:00:00+00:00, run_after=2026-06-29 02:00:00+00:00
[2026-06-28T11:44:00.343+0000] {processor.py:183} INFO - Processing /opt/airflow/dags/urbanmove_nightly.py took 0.047 seconds
[2026-06-28T11:50:07.401+0000] {processor.py:161} INFO - Started process (PID=1102) to work on /opt/airflow/dags/urbanmove_nightly.py
[2026-06-28T11:50:07.402+0000] {processor.py:830} INFO - Processing file /opt/airflow/dags/urbanmove_nightly.py for tasks to queue
[2026-06-28T11:50:07.403+0000] {logging_mixin.py:188} INFO - [2026-06-28T11:50:07.403+0000] {dagbag.py:545} INFO - Filling up the DagBag from /opt/airflow/dags/urbanmove_nightly.py
[2026-06-28T11:50:07.409+0000] {processor.py:840} INFO - DAG(s) 'urbanmove_nightly_pipeline' retrieved from /opt/airflow/dags/urbanmove_nightly.py
[2026-06-28T11:50:07.425+0000] {logging_mixin.py:188} INFO - [2026-06-28T11:50:07.425+0000] {dag.py:3096} INFO - Sync 1 DAGs
[2026-06-28T11:50:07.436+0000] {logging_mixin.py:188} INFO - [2026-06-28T11:50:07.436+0000] {dag.py:3954} INFO - Setting next_dagrun for urbanmove_nightly_pipeline to 2026-06-28 02:00:00+00:00, run_after=2026-06-29 02:00:00+00:00
[2026-06-28T11:50:07.445+0000] {processor.py:183} INFO - Processing /opt/airflow/dags/urbanmove_nightly.py took 0.046 seconds
[2026-06-28T11:54:21.653+0000] {processor.py:161} INFO - Started process (PID=1107) to work on /opt/airflow/dags/urbanmove_nightly.py
[2026-06-28T11:54:21.654+0000] {processor.py:830} INFO - Processing file /opt/airflow/dags/urbanmove_nightly.py for tasks to queue
[2026-06-28T11:54:21.655+0000] {logging_mixin.py:188} INFO - [2026-06-28T11:54:21.655+0000] {dagbag.py:545} INFO - Filling up the DagBag from /opt/airflow/dags/urbanmove_nightly.py
[2026-06-28T11:54:21.663+0000] {processor.py:840} INFO - DAG(s) 'urbanmove_nightly_pipeline' retrieved from /opt/airflow/dags/urbanmove_nightly.py
[2026-06-28T11:54:21.679+0000] {logging_mixin.py:188} INFO - [2026-06-28T11:54:21.679+0000] {dag.py:3096} INFO - Sync 1 DAGs
[2026-06-28T11:54:21.688+0000] {logging_mixin.py:188} INFO - [2026-06-28T11:54:21.687+0000] {dag.py:3954} INFO - Setting next_dagrun for urbanmove_nightly_pipeline to 2026-06-28 02:00:00+00:00, run_after=2026-06-29 02:00:00+00:00
[2026-06-28T11:54:21.694+0000] {processor.py:183} INFO - Processing /opt/airflow/dags/urbanmove_nightly.py took 0.045 seconds
[2026-06-28T11:55:56.208+0000] {processor.py:161} INFO - Started process (PID=1112) to work on /opt/airflow/dags/urbanmove_nightly.py
[2026-06-28T11:55:56.209+0000] {processor.py:830} INFO - Processing file /opt/airflow/dags/urbanmove_nightly.py for tasks to queue
[2026-06-28T11:55:56.210+0000] {logging_mixin.py:188} INFO - [2026-06-28T11:55:56.210+0000] {dagbag.py:545} INFO - Filling up the DagBag from /opt/airflow/dags/urbanmove_nightly.py
[2026-06-28T11:55:56.219+0000] {processor.py:840} INFO - DAG(s) 'urbanmove_nightly_pipeline' retrieved from /opt/airflow/dags/urbanmove_nightly.py
[2026-06-28T11:55:56.235+0000] {logging_mixin.py:188} INFO - [2026-06-28T11:55:56.235+0000] {dag.py:3096} INFO - Sync 1 DAGs
[2026-06-28T11:55:56.243+0000] {logging_mixin.py:188} INFO - [2026-06-28T11:55:56.243+0000] {dag.py:3954} INFO - Setting next_dagrun for urbanmove_nightly_pipeline to 2026-06-28 02:00:00+00:00, run_after=2026-06-29 02:00:00+00:00
[2026-06-28T11:55:56.250+0000] {processor.py:183} INFO - Processing /opt/airflow/dags/urbanmove_nightly.py took 0.047 seconds
[2026-06-28T12:18:20.010+0000] {processor.py:161} INFO - Started process (PID=1117) to work on /opt/airflow/dags/urbanmove_nightly.py
[2026-06-28T12:18:20.011+0000] {processor.py:830} INFO - Processing file /opt/airflow/dags/urbanmove_nightly.py for tasks to queue
[2026-06-28T12:18:20.012+0000] {logging_mixin.py:188} INFO - [2026-06-28T12:18:20.012+0000] {dagbag.py:545} INFO - Filling up the DagBag from /opt/airflow/dags/urbanmove_nightly.py
[2026-06-28T12:18:20.020+0000] {processor.py:840} INFO - DAG(s) 'urbanmove_nightly_pipeline' retrieved from /opt/airflow/dags/urbanmove_nightly.py
[2026-06-28T12:18:20.036+0000] {logging_mixin.py:188} INFO - [2026-06-28T12:18:20.036+0000] {dag.py:3096} INFO - Sync 1 DAGs
[2026-06-28T12:18:20.044+0000] {logging_mixin.py:188} INFO - [2026-06-28T12:18:20.044+0000] {dag.py:3954} INFO - Setting next_dagrun for urbanmove_nightly_pipeline to 2026-06-28 02:00:00+00:00, run_after=2026-06-29 02:00:00+00:00
[2026-06-28T12:18:20.050+0000] {processor.py:183} INFO - Processing /opt/airflow/dags/urbanmove_nightly.py took 0.044 seconds
[2026-06-28T12:41:30.500+0000] {processor.py:161} INFO - Started process (PID=1122) to work on /opt/airflow/dags/urbanmove_nightly.py
[2026-06-28T12:41:30.500+0000] {processor.py:830} INFO - Processing file /opt/airflow/dags/urbanmove_nightly.py for tasks to queue
[2026-06-28T12:41:30.502+0000] {logging_mixin.py:188} INFO - [2026-06-28T12:41:30.501+0000] {dagbag.py:545} INFO - Filling up the DagBag from /opt/airflow/dags/urbanmove_nightly.py
[2026-06-28T12:41:30.510+0000] {processor.py:840} INFO - DAG(s) 'urbanmove_nightly_pipeline' retrieved from /opt/airflow/dags/urbanmove_nightly.py
[2026-06-28T12:41:30.529+0000] {logging_mixin.py:188} INFO - [2026-06-28T12:41:30.528+0000] {dag.py:3096} INFO - Sync 1 DAGs
[2026-06-28T12:41:30.538+0000] {logging_mixin.py:188} INFO - [2026-06-28T12:41:30.538+0000] {dag.py:3954} INFO - Setting next_dagrun for urbanmove_nightly_pipeline to 2026-06-28 02:00:00+00:00, run_after=2026-06-29 02:00:00+00:00
[2026-06-28T12:41:30.544+0000] {processor.py:183} INFO - Processing /opt/airflow/dags/urbanmove_nightly.py took 0.049 seconds
[2026-06-28T12:42:00.728+0000] {processor.py:161} INFO - Started process (PID=1127) to work on /opt/airflow/dags/urbanmove_nightly.py
[2026-06-28T12:42:00.729+0000] {processor.py:830} INFO - Processing file /opt/airflow/dags/urbanmove_nightly.py for tasks to queue
[2026-06-28T12:42:00.729+0000] {logging_mixin.py:188} INFO - [2026-06-28T12:42:00.729+0000] {dagbag.py:545} INFO - Filling up the DagBag from /opt/airflow/dags/urbanmove_nightly.py
[2026-06-28T12:42:00.736+0000] {processor.py:840} INFO - DAG(s) 'urbanmove_nightly_pipeline' retrieved from /opt/airflow/dags/urbanmove_nightly.py
[2026-06-28T12:42:00.750+0000] {logging_mixin.py:188} INFO - [2026-06-28T12:42:00.750+0000] {dag.py:3096} INFO - Sync 1 DAGs
[2026-06-28T12:42:00.760+0000] {logging_mixin.py:188} INFO - [2026-06-28T12:42:00.760+0000] {dag.py:3954} INFO - Setting next_dagrun for urbanmove_nightly_pipeline to 2026-06-28 02:00:00+00:00, run_after=2026-06-29 02:00:00+00:00
[2026-06-28T12:42:00.766+0000] {processor.py:183} INFO - Processing /opt/airflow/dags/urbanmove_nightly.py took 0.041 seconds
[2026-06-28T13:16:56.024+0000] {processor.py:161} INFO - Started process (PID=1132) to work on /opt/airflow/dags/urbanmove_nightly.py
[2026-06-28T13:16:56.025+0000] {processor.py:830} INFO - Processing file /opt/airflow/dags/urbanmove_nightly.py for tasks to queue
[2026-06-28T13:16:56.027+0000] {logging_mixin.py:188} INFO - [2026-06-28T13:16:56.026+0000] {dagbag.py:545} INFO - Filling up the DagBag from /opt/airflow/dags/urbanmove_nightly.py
[2026-06-28T13:16:56.035+0000] {processor.py:840} INFO - DAG(s) 'urbanmove_nightly_pipeline' retrieved from /opt/airflow/dags/urbanmove_nightly.py
[2026-06-28T13:16:56.051+0000] {logging_mixin.py:188} INFO - [2026-06-28T13:16:56.051+0000] {dag.py:3096} INFO - Sync 1 DAGs
[2026-06-28T13:16:56.059+0000] {logging_mixin.py:188} INFO - [2026-06-28T13:16:56.059+0000] {dag.py:3954} INFO - Setting next_dagrun for urbanmove_nightly_pipeline to 2026-06-28 02:00:00+00:00, run_after=2026-06-29 02:00:00+00:00
[2026-06-28T13:16:56.065+0000] {processor.py:183} INFO - Processing /opt/airflow/dags/urbanmove_nightly.py took 0.046 seconds
[2026-06-28T13:24:08.415+0000] {processor.py:161} INFO - Started process (PID=1137) to work on /opt/airflow/dags/urbanmove_nightly.py
[2026-06-28T13:24:08.415+0000] {processor.py:830} INFO - Processing file /opt/airflow/dags/urbanmove_nightly.py for tasks to queue
[2026-06-28T13:24:08.417+0000] {logging_mixin.py:188} INFO - [2026-06-28T13:24:08.417+0000] {dagbag.py:545} INFO - Filling up the DagBag from /opt/airflow/dags/urbanmove_nightly.py
[2026-06-28T13:24:08.425+0000] {processor.py:840} INFO - DAG(s) 'urbanmove_nightly_pipeline' retrieved from /opt/airflow/dags/urbanmove_nightly.py
[2026-06-28T13:24:08.447+0000] {logging_mixin.py:188} INFO - [2026-06-28T13:24:08.447+0000] {dag.py:3096} INFO - Sync 1 DAGs
[2026-06-28T13:24:08.462+0000] {logging_mixin.py:188} INFO - [2026-06-28T13:24:08.461+0000] {dag.py:3954} INFO - Setting next_dagrun for urbanmove_nightly_pipeline to 2026-06-28 02:00:00+00:00, run_after=2026-06-29 02:00:00+00:00
[2026-06-28T13:24:08.473+0000] {processor.py:183} INFO - Processing /opt/airflow/dags/urbanmove_nightly.py took 0.063 seconds
[2026-06-28T13:24:46.614+0000] {processor.py:161} INFO - Started process (PID=1142) to work on /opt/airflow/dags/urbanmove_nightly.py
[2026-06-28T13:24:46.615+0000] {processor.py:830} INFO - Processing file /opt/airflow/dags/urbanmove_nightly.py for tasks to queue
[2026-06-28T13:24:46.616+0000] {logging_mixin.py:188} INFO - [2026-06-28T13:24:46.616+0000] {dagbag.py:545} INFO - Filling up the DagBag from /opt/airflow/dags/urbanmove_nightly.py
[2026-06-28T13:24:46.621+0000] {processor.py:840} INFO - DAG(s) 'urbanmove_nightly_pipeline' retrieved from /opt/airflow/dags/urbanmove_nightly.py
[2026-06-28T13:24:46.633+0000] {logging_mixin.py:188} INFO - [2026-06-28T13:24:46.633+0000] {dag.py:3096} INFO - Sync 1 DAGs
[2026-06-28T13:24:46.642+0000] {logging_mixin.py:188} INFO - [2026-06-28T13:24:46.642+0000] {dag.py:3954} INFO - Setting next_dagrun for urbanmove_nightly_pipeline to 2026-06-28 02:00:00+00:00, run_after=2026-06-29 02:00:00+00:00
[2026-06-28T13:24:46.648+0000] {processor.py:183} INFO - Processing /opt/airflow/dags/urbanmove_nightly.py took 0.038 seconds
[2026-06-28T13:25:50.244+0000] {processor.py:161} INFO - Started process (PID=1147) to work on /opt/airflow/dags/urbanmove_nightly.py
[2026-06-28T13:25:50.245+0000] {processor.py:830} INFO - Processing file /opt/airflow/dags/urbanmove_nightly.py for tasks to queue
[2026-06-28T13:25:50.246+0000] {logging_mixin.py:188} INFO - [2026-06-28T13:25:50.246+0000] {dagbag.py:545} INFO - Filling up the DagBag from /opt/airflow/dags/urbanmove_nightly.py
[2026-06-28T13:25:50.256+0000] {processor.py:840} INFO - DAG(s) 'urbanmove_nightly_pipeline' retrieved from /opt/airflow/dags/urbanmove_nightly.py
[2026-06-28T13:25:50.274+0000] {logging_mixin.py:188} INFO - [2026-06-28T13:25:50.274+0000] {dag.py:3096} INFO - Sync 1 DAGs
[2026-06-28T13:25:50.283+0000] {logging_mixin.py:188} INFO - [2026-06-28T13:25:50.283+0000] {dag.py:3954} INFO - Setting next_dagrun for urbanmove_nightly_pipeline to 2026-06-28 02:00:00+00:00, run_after=2026-06-29 02:00:00+00:00
[2026-06-28T13:25:50.290+0000] {processor.py:183} INFO - Processing /opt/airflow/dags/urbanmove_nightly.py took 0.052 seconds
[2026-06-28T13:29:26.480+0000] {processor.py:161} INFO - Started process (PID=1152) to work on /opt/airflow/dags/urbanmove_nightly.py
[2026-06-28T13:29:26.480+0000] {processor.py:830} INFO - Processing file /opt/airflow/dags/urbanmove_nightly.py for tasks to queue
[2026-06-28T13:29:26.481+0000] {logging_mixin.py:188} INFO - [2026-06-28T13:29:26.481+0000] {dagbag.py:545} INFO - Filling up the DagBag from /opt/airflow/dags/urbanmove_nightly.py
[2026-06-28T13:29:26.488+0000] {processor.py:840} INFO - DAG(s) 'urbanmove_nightly_pipeline' retrieved from /opt/airflow/dags/urbanmove_nightly.py
[2026-06-28T13:29:26.506+0000] {logging_mixin.py:188} INFO - [2026-06-28T13:29:26.506+0000] {dag.py:3096} INFO - Sync 1 DAGs
[2026-06-28T13:29:26.519+0000] {logging_mixin.py:188} INFO - [2026-06-28T13:29:26.519+0000] {dag.py:3954} INFO - Setting next_dagrun for urbanmove_nightly_pipeline to 2026-06-28 02:00:00+00:00, run_after=2026-06-29 02:00:00+00:00
[2026-06-28T13:29:26.533+0000] {processor.py:183} INFO - Processing /opt/airflow/dags/urbanmove_nightly.py took 0.057 seconds
[2026-06-28T13:36:49.214+0000] {processor.py:161} INFO - Started process (PID=1157) to work on /opt/airflow/dags/urbanmove_nightly.py
[2026-06-28T13:36:49.215+0000] {processor.py:830} INFO - Processing file /opt/airflow/dags/urbanmove_nightly.py for tasks to queue
[2026-06-28T13:36:49.216+0000] {logging_mixin.py:188} INFO - [2026-06-28T13:36:49.216+0000] {dagbag.py:545} INFO - Filling up the DagBag from /opt/airflow/dags/urbanmove_nightly.py
[2026-06-28T13:36:49.225+0000] {processor.py:840} INFO - DAG(s) 'urbanmove_nightly_pipeline' retrieved from /opt/airflow/dags/urbanmove_nightly.py
[2026-06-28T13:36:49.243+0000] {logging_mixin.py:188} INFO - [2026-06-28T13:36:49.243+0000] {dag.py:3096} INFO - Sync 1 DAGs
[2026-06-28T13:36:49.251+0000] {logging_mixin.py:188} INFO - [2026-06-28T13:36:49.251+0000] {dag.py:3954} INFO - Setting next_dagrun for urbanmove_nightly_pipeline to 2026-06-28 02:00:00+00:00, run_after=2026-06-29 02:00:00+00:00
[2026-06-28T13:36:49.257+0000] {processor.py:183} INFO - Processing /opt/airflow/dags/urbanmove_nightly.py took 0.048 seconds
[2026-06-28T13:37:19.491+0000] {processor.py:161} INFO - Started process (PID=1162) to work on /opt/airflow/dags/urbanmove_nightly.py
[2026-06-28T13:37:19.492+0000] {processor.py:830} INFO - Processing file /opt/airflow/dags/urbanmove_nightly.py for tasks to queue
[2026-06-28T13:37:19.493+0000] {logging_mixin.py:188} INFO - [2026-06-28T13:37:19.493+0000] {dagbag.py:545} INFO - Filling up the DagBag from /opt/airflow/dags/urbanmove_nightly.py
[2026-06-28T13:37:19.502+0000] {processor.py:840} INFO - DAG(s) 'urbanmove_nightly_pipeline' retrieved from /opt/airflow/dags/urbanmove_nightly.py
[2026-06-28T13:37:19.519+0000] {logging_mixin.py:188} INFO - [2026-06-28T13:37:19.519+0000] {dag.py:3096} INFO - Sync 1 DAGs
[2026-06-28T13:37:19.527+0000] {logging_mixin.py:188} INFO - [2026-06-28T13:37:19.527+0000] {dag.py:3954} INFO - Setting next_dagrun for urbanmove_nightly_pipeline to 2026-06-28 02:00:00+00:00, run_after=2026-06-29 02:00:00+00:00
[2026-06-28T13:37:19.533+0000] {processor.py:183} INFO - Processing /opt/airflow/dags/urbanmove_nightly.py took 0.047 seconds
[2026-06-28T13:37:56.489+0000] {processor.py:161} INFO - Started process (PID=1167) to work on /opt/airflow/dags/urbanmove_nightly.py
[2026-06-28T13:37:56.490+0000] {processor.py:830} INFO - Processing file /opt/airflow/dags/urbanmove_nightly.py for tasks to queue
[2026-06-28T13:37:56.491+0000] {logging_mixin.py:188} INFO - [2026-06-28T13:37:56.491+0000] {dagbag.py:545} INFO - Filling up the DagBag from /opt/airflow/dags/urbanmove_nightly.py
[2026-06-28T13:37:56.500+0000] {processor.py:840} INFO - DAG(s) 'urbanmove_nightly_pipeline' retrieved from /opt/airflow/dags/urbanmove_nightly.py
[2026-06-28T13:37:56.516+0000] {logging_mixin.py:188} INFO - [2026-06-28T13:37:56.516+0000] {dag.py:3096} INFO - Sync 1 DAGs
[2026-06-28T13:37:56.524+0000] {logging_mixin.py:188} INFO - [2026-06-28T13:37:56.524+0000] {dag.py:3954} INFO - Setting next_dagrun for urbanmove_nightly_pipeline to 2026-06-28 02:00:00+00:00, run_after=2026-06-29 02:00:00+00:00
[2026-06-28T13:37:56.530+0000] {processor.py:183} INFO - Processing /opt/airflow/dags/urbanmove_nightly.py took 0.046 seconds
[2026-06-28T13:44:44.980+0000] {processor.py:161} INFO - Started process (PID=1172) to work on /opt/airflow/dags/urbanmove_nightly.py
[2026-06-28T13:44:44.981+0000] {processor.py:830} INFO - Processing file /opt/airflow/dags/urbanmove_nightly.py for tasks to queue
[2026-06-28T13:44:44.982+0000] {logging_mixin.py:188} INFO - [2026-06-28T13:44:44.982+0000] {dagbag.py:545} INFO - Filling up the DagBag from /opt/airflow/dags/urbanmove_nightly.py
[2026-06-28T13:44:44.992+0000] {processor.py:840} INFO - DAG(s) 'urbanmove_nightly_pipeline' retrieved from /opt/airflow/dags/urbanmove_nightly.py
[2026-06-28T13:44:45.009+0000] {logging_mixin.py:188} INFO - [2026-06-28T13:44:45.009+0000] {dag.py:3096} INFO - Sync 1 DAGs
[2026-06-28T13:44:45.017+0000] {logging_mixin.py:188} INFO - [2026-06-28T13:44:45.017+0000] {dag.py:3954} INFO - Setting next_dagrun for urbanmove_nightly_pipeline to 2026-06-28 02:00:00+00:00, run_after=2026-06-29 02:00:00+00:00
[2026-06-28T13:44:45.023+0000] {processor.py:183} INFO - Processing /opt/airflow/dags/urbanmove_nightly.py took 0.047 seconds
[2026-06-28T13:50:22.013+0000] {processor.py:161} INFO - Started process (PID=1177) to work on /opt/airflow/dags/urbanmove_nightly.py
[2026-06-28T13:50:22.013+0000] {processor.py:830} INFO - Processing file /opt/airflow/dags/urbanmove_nightly.py for tasks to queue
[2026-06-28T13:50:22.015+0000] {logging_mixin.py:188} INFO - [2026-06-28T13:50:22.014+0000] {dagbag.py:545} INFO - Filling up the DagBag from /opt/airflow/dags/urbanmove_nightly.py
[2026-06-28T13:50:22.023+0000] {processor.py:840} INFO - DAG(s) 'urbanmove_nightly_pipeline' retrieved from /opt/airflow/dags/urbanmove_nightly.py
[2026-06-28T13:50:22.039+0000] {logging_mixin.py:188} INFO - [2026-06-28T13:50:22.039+0000] {dag.py:3096} INFO - Sync 1 DAGs
[2026-06-28T13:50:22.047+0000] {logging_mixin.py:188} INFO - [2026-06-28T13:50:22.047+0000] {dag.py:3954} INFO - Setting next_dagrun for urbanmove_nightly_pipeline to 2026-06-28 02:00:00+00:00, run_after=2026-06-29 02:00:00+00:00
[2026-06-28T13:50:22.054+0000] {processor.py:183} INFO - Processing /opt/airflow/dags/urbanmove_nightly.py took 0.045 seconds
[2026-06-28T13:52:28.405+0000] {processor.py:161} INFO - Started process (PID=1182) to work on /opt/airflow/dags/urbanmove_nightly.py
[2026-06-28T13:52:28.406+0000] {processor.py:830} INFO - Processing file /opt/airflow/dags/urbanmove_nightly.py for tasks to queue
[2026-06-28T13:52:28.407+0000] {logging_mixin.py:188} INFO - [2026-06-28T13:52:28.407+0000] {dagbag.py:545} INFO - Filling up the DagBag from /opt/airflow/dags/urbanmove_nightly.py
[2026-06-28T13:52:28.416+0000] {processor.py:840} INFO - DAG(s) 'urbanmove_nightly_pipeline' retrieved from /opt/airflow/dags/urbanmove_nightly.py
[2026-06-28T13:52:28.433+0000] {logging_mixin.py:188} INFO - [2026-06-28T13:52:28.433+0000] {dag.py:3096} INFO - Sync 1 DAGs
[2026-06-28T13:52:28.441+0000] {logging_mixin.py:188} INFO - [2026-06-28T13:52:28.441+0000] {dag.py:3954} INFO - Setting next_dagrun for urbanmove_nightly_pipeline to 2026-06-28 02:00:00+00:00, run_after=2026-06-29 02:00:00+00:00
[2026-06-28T13:52:28.447+0000] {processor.py:183} INFO - Processing /opt/airflow/dags/urbanmove_nightly.py took 0.047 seconds
[2026-06-28T13:54:41.311+0000] {processor.py:161} INFO - Started process (PID=1187) to work on /opt/airflow/dags/urbanmove_nightly.py
[2026-06-28T13:54:41.311+0000] {processor.py:830} INFO - Processing file /opt/airflow/dags/urbanmove_nightly.py for tasks to queue
[2026-06-28T13:54:41.312+0000] {logging_mixin.py:188} INFO - [2026-06-28T13:54:41.312+0000] {dagbag.py:545} INFO - Filling up the DagBag from /opt/airflow/dags/urbanmove_nightly.py
[2026-06-28T13:54:41.320+0000] {processor.py:840} INFO - DAG(s) 'urbanmove_nightly_pipeline' retrieved from /opt/airflow/dags/urbanmove_nightly.py
[2026-06-28T13:54:41.337+0000] {logging_mixin.py:188} INFO - [2026-06-28T13:54:41.337+0000] {dag.py:3096} INFO - Sync 1 DAGs
[2026-06-28T13:54:41.349+0000] {logging_mixin.py:188} INFO - [2026-06-28T13:54:41.349+0000] {dag.py:3954} INFO - Setting next_dagrun for urbanmove_nightly_pipeline to 2026-06-28 02:00:00+00:00, run_after=2026-06-29 02:00:00+00:00
[2026-06-28T13:54:41.359+0000] {processor.py:183} INFO - Processing /opt/airflow/dags/urbanmove_nightly.py took 0.052 seconds
[2026-06-28T13:56:57.463+0000] {processor.py:161} INFO - Started process (PID=1192) to work on /opt/airflow/dags/urbanmove_nightly.py
[2026-06-28T13:56:57.464+0000] {processor.py:830} INFO - Processing file /opt/airflow/dags/urbanmove_nightly.py for tasks to queue
[2026-06-28T13:56:57.466+0000] {logging_mixin.py:188} INFO - [2026-06-28T13:56:57.466+0000] {dagbag.py:545} INFO - Filling up the DagBag from /opt/airflow/dags/urbanmove_nightly.py
[2026-06-28T13:56:57.474+0000] {processor.py:840} INFO - DAG(s) 'urbanmove_nightly_pipeline' retrieved from /opt/airflow/dags/urbanmove_nightly.py
[2026-06-28T13:56:57.491+0000] {logging_mixin.py:188} INFO - [2026-06-28T13:56:57.490+0000] {dag.py:3096} INFO - Sync 1 DAGs
[2026-06-28T13:56:57.499+0000] {logging_mixin.py:188} INFO - [2026-06-28T13:56:57.499+0000] {dag.py:3954} INFO - Setting next_dagrun for urbanmove_nightly_pipeline to 2026-06-28 02:00:00+00:00, run_after=2026-06-29 02:00:00+00:00
[2026-06-28T13:56:57.505+0000] {processor.py:183} INFO - Processing /opt/airflow/dags/urbanmove_nightly.py took 0.046 seconds
[2026-06-28T14:00:36.089+0000] {processor.py:161} INFO - Started process (PID=1197) to work on /opt/airflow/dags/urbanmove_nightly.py
[2026-06-28T14:00:36.090+0000] {processor.py:830} INFO - Processing file /opt/airflow/dags/urbanmove_nightly.py for tasks to queue
[2026-06-28T14:00:36.092+0000] {logging_mixin.py:188} INFO - [2026-06-28T14:00:36.092+0000] {dagbag.py:545} INFO - Filling up the DagBag from /opt/airflow/dags/urbanmove_nightly.py
[2026-06-28T14:00:36.101+0000] {processor.py:840} INFO - DAG(s) 'urbanmove_nightly_pipeline' retrieved from /opt/airflow/dags/urbanmove_nightly.py
[2026-06-28T14:00:36.117+0000] {logging_mixin.py:188} INFO - [2026-06-28T14:00:36.117+0000] {dag.py:3096} INFO - Sync 1 DAGs
[2026-06-28T14:00:36.126+0000] {logging_mixin.py:188} INFO - [2026-06-28T14:00:36.126+0000] {dag.py:3954} INFO - Setting next_dagrun for urbanmove_nightly_pipeline to 2026-06-28 02:00:00+00:00, run_after=2026-06-29 02:00:00+00:00
[2026-06-28T14:00:36.132+0000] {processor.py:183} INFO - Processing /opt/airflow/dags/urbanmove_nightly.py took 0.048 seconds
[2026-06-28T14:01:12.182+0000] {processor.py:161} INFO - Started process (PID=1202) to work on /opt/airflow/dags/urbanmove_nightly.py
[2026-06-28T14:01:12.182+0000] {processor.py:830} INFO - Processing file /opt/airflow/dags/urbanmove_nightly.py for tasks to queue
[2026-06-28T14:01:12.184+0000] {logging_mixin.py:188} INFO - [2026-06-28T14:01:12.184+0000] {dagbag.py:545} INFO - Filling up the DagBag from /opt/airflow/dags/urbanmove_nightly.py
[2026-06-28T14:01:12.191+0000] {processor.py:840} INFO - DAG(s) 'urbanmove_nightly_pipeline' retrieved from /opt/airflow/dags/urbanmove_nightly.py
[2026-06-28T14:01:12.208+0000] {logging_mixin.py:188} INFO - [2026-06-28T14:01:12.207+0000] {dag.py:3096} INFO - Sync 1 DAGs
[2026-06-28T14:01:12.219+0000] {logging_mixin.py:188} INFO - [2026-06-28T14:01:12.219+0000] {dag.py:3954} INFO - Setting next_dagrun for urbanmove_nightly_pipeline to 2026-06-28 02:00:00+00:00, run_after=2026-06-29 02:00:00+00:00
[2026-06-28T14:01:12.228+0000] {processor.py:183} INFO - Processing /opt/airflow/dags/urbanmove_nightly.py took 0.050 seconds
[2026-06-28T14:03:02.160+0000] {processor.py:161} INFO - Started process (PID=1207) to work on /opt/airflow/dags/urbanmove_nightly.py
[2026-06-28T14:03:02.161+0000] {processor.py:830} INFO - Processing file /opt/airflow/dags/urbanmove_nightly.py for tasks to queue
[2026-06-28T14:03:02.162+0000] {logging_mixin.py:188} INFO - [2026-06-28T14:03:02.162+0000] {dagbag.py:545} INFO - Filling up the DagBag from /opt/airflow/dags/urbanmove_nightly.py
[2026-06-28T14:03:02.171+0000] {processor.py:840} INFO - DAG(s) 'urbanmove_nightly_pipeline' retrieved from /opt/airflow/dags/urbanmove_nightly.py
[2026-06-28T14:03:02.189+0000] {logging_mixin.py:188} INFO - [2026-06-28T14:03:02.189+0000] {dag.py:3096} INFO - Sync 1 DAGs
[2026-06-28T14:03:02.198+0000] {logging_mixin.py:188} INFO - [2026-06-28T14:03:02.198+0000] {dag.py:3954} INFO - Setting next_dagrun for urbanmove_nightly_pipeline to 2026-06-28 02:00:00+00:00, run_after=2026-06-29 02:00:00+00:00
[2026-06-28T14:03:02.204+0000] {processor.py:183} INFO - Processing /opt/airflow/dags/urbanmove_nightly.py took 0.049 seconds
[2026-06-28T14:03:39.513+0000] {processor.py:161} INFO - Started process (PID=1212) to work on /opt/airflow/dags/urbanmove_nightly.py
[2026-06-28T14:03:39.514+0000] {processor.py:830} INFO - Processing file /opt/airflow/dags/urbanmove_nightly.py for tasks to queue
[2026-06-28T14:03:39.515+0000] {logging_mixin.py:188} INFO - [2026-06-28T14:03:39.515+0000] {dagbag.py:545} INFO - Filling up the DagBag from /opt/airflow/dags/urbanmove_nightly.py
[2026-06-28T14:03:39.525+0000] {processor.py:840} INFO - DAG(s) 'urbanmove_nightly_pipeline' retrieved from /opt/airflow/dags/urbanmove_nightly.py
[2026-06-28T14:03:39.543+0000] {logging_mixin.py:188} INFO - [2026-06-28T14:03:39.543+0000] {dag.py:3096} INFO - Sync 1 DAGs
[2026-06-28T14:03:39.552+0000] {logging_mixin.py:188} INFO - [2026-06-28T14:03:39.552+0000] {dag.py:3954} INFO - Setting next_dagrun for urbanmove_nightly_pipeline to 2026-06-28 02:00:00+00:00, run_after=2026-06-29 02:00:00+00:00
[2026-06-28T14:03:39.558+0000] {processor.py:183} INFO - Processing /opt/airflow/dags/urbanmove_nightly.py took 0.050 seconds
[2026-06-28T14:14:52.665+0000] {processor.py:161} INFO - Started process (PID=1217) to work on /opt/airflow/dags/urbanmove_nightly.py
[2026-06-28T14:14:52.666+0000] {processor.py:830} INFO - Processing file /opt/airflow/dags/urbanmove_nightly.py for tasks to queue
[2026-06-28T14:14:52.668+0000] {logging_mixin.py:188} INFO - [2026-06-28T14:14:52.667+0000] {dagbag.py:545} INFO - Filling up the DagBag from /opt/airflow/dags/urbanmove_nightly.py
[2026-06-28T14:14:52.680+0000] {processor.py:840} INFO - DAG(s) 'urbanmove_nightly_pipeline' retrieved from /opt/airflow/dags/urbanmove_nightly.py
[2026-06-28T14:14:52.707+0000] {logging_mixin.py:188} INFO - [2026-06-28T14:14:52.707+0000] {dag.py:3096} INFO - Sync 1 DAGs
[2026-06-28T14:14:52.720+0000] {logging_mixin.py:188} INFO - [2026-06-28T14:14:52.720+0000] {dag.py:3954} INFO - Setting next_dagrun for urbanmove_nightly_pipeline to 2026-06-28 02:00:00+00:00, run_after=2026-06-29 02:00:00+00:00
[2026-06-28T14:14:52.727+0000] {processor.py:183} INFO - Processing /opt/airflow/dags/urbanmove_nightly.py took 0.068 seconds
[2026-06-28T14:15:22.878+0000] {processor.py:161} INFO - Started process (PID=1222) to work on /opt/airflow/dags/urbanmove_nightly.py
[2026-06-28T14:15:22.879+0000] {processor.py:830} INFO - Processing file /opt/airflow/dags/urbanmove_nightly.py for tasks to queue
[2026-06-28T14:15:22.882+0000] {logging_mixin.py:188} INFO - [2026-06-28T14:15:22.881+0000] {dagbag.py:545} INFO - Filling up the DagBag from /opt/airflow/dags/urbanmove_nightly.py
[2026-06-28T14:15:22.891+0000] {processor.py:840} INFO - DAG(s) 'urbanmove_nightly_pipeline' retrieved from /opt/airflow/dags/urbanmove_nightly.py
[2026-06-28T14:15:22.907+0000] {logging_mixin.py:188} INFO - [2026-06-28T14:15:22.907+0000] {dag.py:3096} INFO - Sync 1 DAGs
[2026-06-28T14:15:22.916+0000] {logging_mixin.py:188} INFO - [2026-06-28T14:15:22.916+0000] {dag.py:3954} INFO - Setting next_dagrun for urbanmove_nightly_pipeline to 2026-06-28 02:00:00+00:00, run_after=2026-06-29 02:00:00+00:00
[2026-06-28T14:15:22.923+0000] {processor.py:183} INFO - Processing /opt/airflow/dags/urbanmove_nightly.py took 0.052 seconds
[2026-06-28T14:15:53.102+0000] {processor.py:161} INFO - Started process (PID=1227) to work on /opt/airflow/dags/urbanmove_nightly.py
[2026-06-28T14:15:53.103+0000] {processor.py:830} INFO - Processing file /opt/airflow/dags/urbanmove_nightly.py for tasks to queue
[2026-06-28T14:15:53.105+0000] {logging_mixin.py:188} INFO - [2026-06-28T14:15:53.105+0000] {dagbag.py:545} INFO - Filling up the DagBag from /opt/airflow/dags/urbanmove_nightly.py
[2026-06-28T14:15:53.111+0000] {processor.py:840} INFO - DAG(s) 'urbanmove_nightly_pipeline' retrieved from /opt/airflow/dags/urbanmove_nightly.py
[2026-06-28T14:15:53.127+0000] {logging_mixin.py:188} INFO - [2026-06-28T14:15:53.127+0000] {dag.py:3096} INFO - Sync 1 DAGs
[2026-06-28T14:15:53.137+0000] {logging_mixin.py:188} INFO - [2026-06-28T14:15:53.137+0000] {dag.py:3954} INFO - Setting next_dagrun for urbanmove_nightly_pipeline to 2026-06-28 02:00:00+00:00, run_after=2026-06-29 02:00:00+00:00
[2026-06-28T14:15:53.144+0000] {processor.py:183} INFO - Processing /opt/airflow/dags/urbanmove_nightly.py took 0.048 seconds
[2026-06-28T14:16:23.307+0000] {processor.py:161} INFO - Started process (PID=1232) to work on /opt/airflow/dags/urbanmove_nightly.py
[2026-06-28T14:16:23.308+0000] {processor.py:830} INFO - Processing file /opt/airflow/dags/urbanmove_nightly.py for tasks to queue
[2026-06-28T14:16:23.309+0000] {logging_mixin.py:188} INFO - [2026-06-28T14:16:23.309+0000] {dagbag.py:545} INFO - Filling up the DagBag from /opt/airflow/dags/urbanmove_nightly.py
[2026-06-28T14:16:23.318+0000] {processor.py:840} INFO - DAG(s) 'urbanmove_nightly_pipeline' retrieved from /opt/airflow/dags/urbanmove_nightly.py
[2026-06-28T14:16:23.338+0000] {logging_mixin.py:188} INFO - [2026-06-28T14:16:23.338+0000] {dag.py:3096} INFO - Sync 1 DAGs
[2026-06-28T14:16:23.349+0000] {logging_mixin.py:188} INFO - [2026-06-28T14:16:23.349+0000] {dag.py:3954} INFO - Setting next_dagrun for urbanmove_nightly_pipeline to 2026-06-28 02:00:00+00:00, run_after=2026-06-29 02:00:00+00:00
[2026-06-28T14:16:23.355+0000] {processor.py:183} INFO - Processing /opt/airflow/dags/urbanmove_nightly.py took 0.054 seconds
[2026-06-28T14:16:53.489+0000] {processor.py:161} INFO - Started process (PID=1237) to work on /opt/airflow/dags/urbanmove_nightly.py
[2026-06-28T14:16:53.489+0000] {processor.py:830} INFO - Processing file /opt/airflow/dags/urbanmove_nightly.py for tasks to queue
[2026-06-28T14:16:53.490+0000] {logging_mixin.py:188} INFO - [2026-06-28T14:16:53.490+0000] {dagbag.py:545} INFO - Filling up the DagBag from /opt/airflow/dags/urbanmove_nightly.py
[2026-06-28T14:16:53.499+0000] {processor.py:840} INFO - DAG(s) 'urbanmove_nightly_pipeline' retrieved from /opt/airflow/dags/urbanmove_nightly.py
[2026-06-28T14:16:53.520+0000] {logging_mixin.py:188} INFO - [2026-06-28T14:16:53.520+0000] {dag.py:3096} INFO - Sync 1 DAGs
[2026-06-28T14:16:53.537+0000] {logging_mixin.py:188} INFO - [2026-06-28T14:16:53.537+0000] {dag.py:3954} INFO - Setting next_dagrun for urbanmove_nightly_pipeline to 2026-06-28 02:00:00+00:00, run_after=2026-06-29 02:00:00+00:00
[2026-06-28T14:16:53.550+0000] {processor.py:183} INFO - Processing /opt/airflow/dags/urbanmove_nightly.py took 0.065 seconds
[2026-06-28T14:17:23.696+0000] {processor.py:161} INFO - Started process (PID=1242) to work on /opt/airflow/dags/urbanmove_nightly.py
[2026-06-28T14:17:23.697+0000] {processor.py:830} INFO - Processing file /opt/airflow/dags/urbanmove_nightly.py for tasks to queue
[2026-06-28T14:17:23.698+0000] {logging_mixin.py:188} INFO - [2026-06-28T14:17:23.698+0000] {dagbag.py:545} INFO - Filling up the DagBag from /opt/airflow/dags/urbanmove_nightly.py
[2026-06-28T14:17:23.705+0000] {processor.py:840} INFO - DAG(s) 'urbanmove_nightly_pipeline' retrieved from /opt/airflow/dags/urbanmove_nightly.py
[2026-06-28T14:17:23.724+0000] {logging_mixin.py:188} INFO - [2026-06-28T14:17:23.724+0000] {dag.py:3096} INFO - Sync 1 DAGs
[2026-06-28T14:17:23.733+0000] {logging_mixin.py:188} INFO - [2026-06-28T14:17:23.733+0000] {dag.py:3954} INFO - Setting next_dagrun for urbanmove_nightly_pipeline to 2026-06-28 02:00:00+00:00, run_after=2026-06-29 02:00:00+00:00
[2026-06-28T14:17:23.740+0000] {processor.py:183} INFO - Processing /opt/airflow/dags/urbanmove_nightly.py took 0.047 seconds
[2026-06-28T14:17:53.894+0000] {processor.py:161} INFO - Started process (PID=1247) to work on /opt/airflow/dags/urbanmove_nightly.py
[2026-06-28T14:17:53.895+0000] {processor.py:830} INFO - Processing file /opt/airflow/dags/urbanmove_nightly.py for tasks to queue
[2026-06-28T14:17:53.896+0000] {logging_mixin.py:188} INFO - [2026-06-28T14:17:53.896+0000] {dagbag.py:545} INFO - Filling up the DagBag from /opt/airflow/dags/urbanmove_nightly.py
[2026-06-28T14:17:53.901+0000] {processor.py:840} INFO - DAG(s) 'urbanmove_nightly_pipeline' retrieved from /opt/airflow/dags/urbanmove_nightly.py
[2026-06-28T14:17:53.912+0000] {logging_mixin.py:188} INFO - [2026-06-28T14:17:53.912+0000] {dag.py:3096} INFO - Sync 1 DAGs
[2026-06-28T14:17:53.920+0000] {logging_mixin.py:188} INFO - [2026-06-28T14:17:53.920+0000] {dag.py:3954} INFO - Setting next_dagrun for urbanmove_nightly_pipeline to 2026-06-28 02:00:00+00:00, run_after=2026-06-29 02:00:00+00:00
[2026-06-28T14:17:53.925+0000] {processor.py:183} INFO - Processing /opt/airflow/dags/urbanmove_nightly.py took 0.035 seconds
[2026-06-28T14:18:24.089+0000] {processor.py:161} INFO - Started process (PID=1252) to work on /opt/airflow/dags/urbanmove_nightly.py
[2026-06-28T14:18:24.090+0000] {processor.py:830} INFO - Processing file /opt/airflow/dags/urbanmove_nightly.py for tasks to queue
[2026-06-28T14:18:24.091+0000] {logging_mixin.py:188} INFO - [2026-06-28T14:18:24.091+0000] {dagbag.py:545} INFO - Filling up the DagBag from /opt/airflow/dags/urbanmove_nightly.py
[2026-06-28T14:18:24.100+0000] {processor.py:840} INFO - DAG(s) 'urbanmove_nightly_pipeline' retrieved from /opt/airflow/dags/urbanmove_nightly.py
[2026-06-28T14:18:24.117+0000] {logging_mixin.py:188} INFO - [2026-06-28T14:18:24.117+0000] {dag.py:3096} INFO - Sync 1 DAGs
[2026-06-28T14:18:24.127+0000] {logging_mixin.py:188} INFO - [2026-06-28T14:18:24.127+0000] {dag.py:3954} INFO - Setting next_dagrun for urbanmove_nightly_pipeline to 2026-06-28 02:00:00+00:00, run_after=2026-06-29 02:00:00+00:00
[2026-06-28T14:18:24.133+0000] {processor.py:183} INFO - Processing /opt/airflow/dags/urbanmove_nightly.py took 0.050 seconds
[2026-06-28T14:18:54.295+0000] {processor.py:161} INFO - Started process (PID=1257) to work on /opt/airflow/dags/urbanmove_nightly.py
[2026-06-28T14:18:54.296+0000] {processor.py:830} INFO - Processing file /opt/airflow/dags/urbanmove_nightly.py for tasks to queue
[2026-06-28T14:18:54.297+0000] {logging_mixin.py:188} INFO - [2026-06-28T14:18:54.297+0000] {dagbag.py:545} INFO - Filling up the DagBag from /opt/airflow/dags/urbanmove_nightly.py
[2026-06-28T14:18:54.306+0000] {processor.py:840} INFO - DAG(s) 'urbanmove_nightly_pipeline' retrieved from /opt/airflow/dags/urbanmove_nightly.py
[2026-06-28T14:18:54.323+0000] {logging_mixin.py:188} INFO - [2026-06-28T14:18:54.323+0000] {dag.py:3096} INFO - Sync 1 DAGs
[2026-06-28T14:18:54.333+0000] {logging_mixin.py:188} INFO - [2026-06-28T14:18:54.333+0000] {dag.py:3954} INFO - Setting next_dagrun for urbanmove_nightly_pipeline to 2026-06-28 02:00:00+00:00, run_after=2026-06-29 02:00:00+00:00
[2026-06-28T14:18:54.340+0000] {processor.py:183} INFO - Processing /opt/airflow/dags/urbanmove_nightly.py took 0.050 seconds
[2026-06-28T14:19:24.519+0000] {processor.py:161} INFO - Started process (PID=1262) to work on /opt/airflow/dags/urbanmove_nightly.py
[2026-06-28T14:19:24.520+0000] {processor.py:830} INFO - Processing file /opt/airflow/dags/urbanmove_nightly.py for tasks to queue
[2026-06-28T14:19:24.521+0000] {logging_mixin.py:188} INFO - [2026-06-28T14:19:24.521+0000] {dagbag.py:545} INFO - Filling up the DagBag from /opt/airflow/dags/urbanmove_nightly.py
[2026-06-28T14:19:24.530+0000] {processor.py:840} INFO - DAG(s) 'urbanmove_nightly_pipeline' retrieved from /opt/airflow/dags/urbanmove_nightly.py
[2026-06-28T14:19:24.547+0000] {logging_mixin.py:188} INFO - [2026-06-28T14:19:24.547+0000] {dag.py:3096} INFO - Sync 1 DAGs
[2026-06-28T14:19:24.558+0000] {logging_mixin.py:188} INFO - [2026-06-28T14:19:24.558+0000] {dag.py:3954} INFO - Setting next_dagrun for urbanmove_nightly_pipeline to 2026-06-28 02:00:00+00:00, run_after=2026-06-29 02:00:00+00:00
[2026-06-28T14:19:24.565+0000] {processor.py:183} INFO - Processing /opt/airflow/dags/urbanmove_nightly.py took 0.051 seconds
[2026-06-28T14:19:54.738+0000] {processor.py:161} INFO - Started process (PID=1267) to work on /opt/airflow/dags/urbanmove_nightly.py
[2026-06-28T14:19:54.739+0000] {processor.py:830} INFO - Processing file /opt/airflow/dags/urbanmove_nightly.py for tasks to queue
[2026-06-28T14:19:54.740+0000] {logging_mixin.py:188} INFO - [2026-06-28T14:19:54.740+0000] {dagbag.py:545} INFO - Filling up the DagBag from /opt/airflow/dags/urbanmove_nightly.py
[2026-06-28T14:19:54.749+0000] {processor.py:840} INFO - DAG(s) 'urbanmove_nightly_pipeline' retrieved from /opt/airflow/dags/urbanmove_nightly.py
[2026-06-28T14:19:54.766+0000] {logging_mixin.py:188} INFO - [2026-06-28T14:19:54.766+0000] {dag.py:3096} INFO - Sync 1 DAGs
[2026-06-28T14:19:54.775+0000] {logging_mixin.py:188} INFO - [2026-06-28T14:19:54.775+0000] {dag.py:3954} INFO - Setting next_dagrun for urbanmove_nightly_pipeline to 2026-06-28 02:00:00+00:00, run_after=2026-06-29 02:00:00+00:00
[2026-06-28T14:19:54.781+0000] {processor.py:183} INFO - Processing /opt/airflow/dags/urbanmove_nightly.py took 0.048 seconds
[2026-06-28T14:20:24.942+0000] {processor.py:161} INFO - Started process (PID=1272) to work on /opt/airflow/dags/urbanmove_nightly.py
[2026-06-28T14:20:24.943+0000] {processor.py:830} INFO - Processing file /opt/airflow/dags/urbanmove_nightly.py for tasks to queue
[2026-06-28T14:20:24.945+0000] {logging_mixin.py:188} INFO - [2026-06-28T14:20:24.944+0000] {dagbag.py:545} INFO - Filling up the DagBag from /opt/airflow/dags/urbanmove_nightly.py
[2026-06-28T14:20:24.954+0000] {processor.py:840} INFO - DAG(s) 'urbanmove_nightly_pipeline' retrieved from /opt/airflow/dags/urbanmove_nightly.py
[2026-06-28T14:20:24.971+0000] {logging_mixin.py:188} INFO - [2026-06-28T14:20:24.971+0000] {dag.py:3096} INFO - Sync 1 DAGs
[2026-06-28T14:20:24.981+0000] {logging_mixin.py:188} INFO - [2026-06-28T14:20:24.981+0000] {dag.py:3954} INFO - Setting next_dagrun for urbanmove_nightly_pipeline to 2026-06-28 02:00:00+00:00, run_after=2026-06-29 02:00:00+00:00
[2026-06-28T14:20:24.988+0000] {processor.py:183} INFO - Processing /opt/airflow/dags/urbanmove_nightly.py took 0.051 seconds
[2026-06-28T14:20:55.143+0000] {processor.py:161} INFO - Started process (PID=1277) to work on /opt/airflow/dags/urbanmove_nightly.py
[2026-06-28T14:20:55.144+0000] {processor.py:830} INFO - Processing file /opt/airflow/dags/urbanmove_nightly.py for tasks to queue
[2026-06-28T14:20:55.146+0000] {logging_mixin.py:188} INFO - [2026-06-28T14:20:55.145+0000] {dagbag.py:545} INFO - Filling up the DagBag from /opt/airflow/dags/urbanmove_nightly.py
[2026-06-28T14:20:55.155+0000] {processor.py:840} INFO - DAG(s) 'urbanmove_nightly_pipeline' retrieved from /opt/airflow/dags/urbanmove_nightly.py
[2026-06-28T14:20:55.171+0000] {logging_mixin.py:188} INFO - [2026-06-28T14:20:55.171+0000] {dag.py:3096} INFO - Sync 1 DAGs
[2026-06-28T14:20:55.181+0000] {logging_mixin.py:188} INFO - [2026-06-28T14:20:55.181+0000] {dag.py:3954} INFO - Setting next_dagrun for urbanmove_nightly_pipeline to 2026-06-28 02:00:00+00:00, run_after=2026-06-29 02:00:00+00:00
[2026-06-28T14:20:55.187+0000] {processor.py:183} INFO - Processing /opt/airflow/dags/urbanmove_nightly.py took 0.049 seconds
[2026-06-28T14:21:25.304+0000] {processor.py:161} INFO - Started process (PID=1310) to work on /opt/airflow/dags/urbanmove_nightly.py
[2026-06-28T14:21:25.304+0000] {processor.py:830} INFO - Processing file /opt/airflow/dags/urbanmove_nightly.py for tasks to queue
[2026-06-28T14:21:25.305+0000] {logging_mixin.py:188} INFO - [2026-06-28T14:21:25.305+0000] {dagbag.py:545} INFO - Filling up the DagBag from /opt/airflow/dags/urbanmove_nightly.py
[2026-06-28T14:21:25.313+0000] {processor.py:840} INFO - DAG(s) 'urbanmove_nightly_pipeline' retrieved from /opt/airflow/dags/urbanmove_nightly.py
[2026-06-28T14:21:25.326+0000] {logging_mixin.py:188} INFO - [2026-06-28T14:21:25.326+0000] {dag.py:3096} INFO - Sync 1 DAGs
[2026-06-28T14:21:25.335+0000] {logging_mixin.py:188} INFO - [2026-06-28T14:21:25.335+0000] {dag.py:3954} INFO - Setting next_dagrun for urbanmove_nightly_pipeline to 2026-06-28 02:00:00+00:00, run_after=2026-06-29 02:00:00+00:00
[2026-06-28T14:21:25.341+0000] {processor.py:183} INFO - Processing /opt/airflow/dags/urbanmove_nightly.py took 0.041 seconds
[2026-06-28T14:21:55.418+0000] {processor.py:161} INFO - Started process (PID=1315) to work on /opt/airflow/dags/urbanmove_nightly.py
[2026-06-28T14:21:55.419+0000] {processor.py:830} INFO - Processing file /opt/airflow/dags/urbanmove_nightly.py for tasks to queue
[2026-06-28T14:21:55.420+0000] {logging_mixin.py:188} INFO - [2026-06-28T14:21:55.420+0000] {dagbag.py:545} INFO - Filling up the DagBag from /opt/airflow/dags/urbanmove_nightly.py
[2026-06-28T14:21:55.428+0000] {processor.py:840} INFO - DAG(s) 'urbanmove_nightly_pipeline' retrieved from /opt/airflow/dags/urbanmove_nightly.py
[2026-06-28T14:21:55.451+0000] {logging_mixin.py:188} INFO - [2026-06-28T14:21:55.451+0000] {dag.py:3096} INFO - Sync 1 DAGs
[2026-06-28T14:21:55.470+0000] {logging_mixin.py:188} INFO - [2026-06-28T14:21:55.469+0000] {dag.py:3954} INFO - Setting next_dagrun for urbanmove_nightly_pipeline to 2026-06-28 02:00:00+00:00, run_after=2026-06-29 02:00:00+00:00
[2026-06-28T14:21:55.487+0000] {processor.py:183} INFO - Processing /opt/airflow/dags/urbanmove_nightly.py took 0.072 seconds
[2026-06-28T14:22:25.578+0000] {processor.py:161} INFO - Started process (PID=1323) to work on /opt/airflow/dags/urbanmove_nightly.py
[2026-06-28T14:22:25.578+0000] {processor.py:830} INFO - Processing file /opt/airflow/dags/urbanmove_nightly.py for tasks to queue
[2026-06-28T14:22:25.579+0000] {logging_mixin.py:188} INFO - [2026-06-28T14:22:25.578+0000] {dagbag.py:545} INFO - Filling up the DagBag from /opt/airflow/dags/urbanmove_nightly.py
[2026-06-28T14:22:25.583+0000] {processor.py:840} INFO - DAG(s) 'urbanmove_nightly_pipeline' retrieved from /opt/airflow/dags/urbanmove_nightly.py
[2026-06-28T14:22:25.594+0000] {logging_mixin.py:188} INFO - [2026-06-28T14:22:25.594+0000] {dag.py:3096} INFO - Sync 1 DAGs
[2026-06-28T14:22:25.602+0000] {logging_mixin.py:188} INFO - [2026-06-28T14:22:25.602+0000] {dag.py:3954} INFO - Setting next_dagrun for urbanmove_nightly_pipeline to 2026-06-28 02:00:00+00:00, run_after=2026-06-29 02:00:00+00:00
[2026-06-28T14:22:25.608+0000] {processor.py:183} INFO - Processing /opt/airflow/dags/urbanmove_nightly.py took 0.033 seconds
[2026-06-28T14:22:55.730+0000] {processor.py:161} INFO - Started process (PID=1328) to work on /opt/airflow/dags/urbanmove_nightly.py
[2026-06-28T14:22:55.731+0000] {processor.py:830} INFO - Processing file /opt/airflow/dags/urbanmove_nightly.py for tasks to queue
[2026-06-28T14:22:55.732+0000] {logging_mixin.py:188} INFO - [2026-06-28T14:22:55.731+0000] {dagbag.py:545} INFO - Filling up the DagBag from /opt/airflow/dags/urbanmove_nightly.py
[2026-06-28T14:22:55.738+0000] {processor.py:840} INFO - DAG(s) 'urbanmove_nightly_pipeline' retrieved from /opt/airflow/dags/urbanmove_nightly.py
[2026-06-28T14:22:55.752+0000] {logging_mixin.py:188} INFO - [2026-06-28T14:22:55.752+0000] {dag.py:3096} INFO - Sync 1 DAGs
[2026-06-28T14:22:55.765+0000] {logging_mixin.py:188} INFO - [2026-06-28T14:22:55.764+0000] {dag.py:3954} INFO - Setting next_dagrun for urbanmove_nightly_pipeline to 2026-06-28 02:00:00+00:00, run_after=2026-06-29 02:00:00+00:00
[2026-06-28T14:22:55.771+0000] {processor.py:183} INFO - Processing /opt/airflow/dags/urbanmove_nightly.py took 0.044 seconds
[2026-06-28T14:23:25.931+0000] {processor.py:161} INFO - Started process (PID=1333) to work on /opt/airflow/dags/urbanmove_nightly.py
[2026-06-28T14:23:25.932+0000] {processor.py:830} INFO - Processing file /opt/airflow/dags/urbanmove_nightly.py for tasks to queue
[2026-06-28T14:23:25.933+0000] {logging_mixin.py:188} INFO - [2026-06-28T14:23:25.933+0000] {dagbag.py:545} INFO - Filling up the DagBag from /opt/airflow/dags/urbanmove_nightly.py
[2026-06-28T14:23:25.943+0000] {processor.py:840} INFO - DAG(s) 'urbanmove_nightly_pipeline' retrieved from /opt/airflow/dags/urbanmove_nightly.py
[2026-06-28T14:23:25.962+0000] {logging_mixin.py:188} INFO - [2026-06-28T14:23:25.962+0000] {dag.py:3096} INFO - Sync 1 DAGs
[2026-06-28T14:23:25.972+0000] {logging_mixin.py:188} INFO - [2026-06-28T14:23:25.972+0000] {dag.py:3954} INFO - Setting next_dagrun for urbanmove_nightly_pipeline to 2026-06-28 02:00:00+00:00, run_after=2026-06-29 02:00:00+00:00
[2026-06-28T14:23:25.977+0000] {processor.py:183} INFO - Processing /opt/airflow/dags/urbanmove_nightly.py took 0.052 seconds
[2026-06-28T14:23:56.139+0000] {processor.py:161} INFO - Started process (PID=1338) to work on /opt/airflow/dags/urbanmove_nightly.py
[2026-06-28T14:23:56.140+0000] {processor.py:830} INFO - Processing file /opt/airflow/dags/urbanmove_nightly.py for tasks to queue
[2026-06-28T14:23:56.142+0000] {logging_mixin.py:188} INFO - [2026-06-28T14:23:56.141+0000] {dagbag.py:545} INFO - Filling up the DagBag from /opt/airflow/dags/urbanmove_nightly.py
[2026-06-28T14:23:56.150+0000] {processor.py:840} INFO - DAG(s) 'urbanmove_nightly_pipeline' retrieved from /opt/airflow/dags/urbanmove_nightly.py
[2026-06-28T14:23:56.167+0000] {logging_mixin.py:188} INFO - [2026-06-28T14:23:56.167+0000] {dag.py:3096} INFO - Sync 1 DAGs
[2026-06-28T14:23:56.176+0000] {logging_mixin.py:188} INFO - [2026-06-28T14:23:56.176+0000] {dag.py:3954} INFO - Setting next_dagrun for urbanmove_nightly_pipeline to 2026-06-28 02:00:00+00:00, run_after=2026-06-29 02:00:00+00:00
[2026-06-28T14:23:56.183+0000] {processor.py:183} INFO - Processing /opt/airflow/dags/urbanmove_nightly.py took 0.049 seconds
[2026-06-28T14:24:26.340+0000] {processor.py:161} INFO - Started process (PID=1343) to work on /opt/airflow/dags/urbanmove_nightly.py
[2026-06-28T14:24:26.341+0000] {processor.py:830} INFO - Processing file /opt/airflow/dags/urbanmove_nightly.py for tasks to queue
[2026-06-28T14:24:26.343+0000] {logging_mixin.py:188} INFO - [2026-06-28T14:24:26.342+0000] {dagbag.py:545} INFO - Filling up the DagBag from /opt/airflow/dags/urbanmove_nightly.py
[2026-06-28T14:24:26.351+0000] {processor.py:840} INFO - DAG(s) 'urbanmove_nightly_pipeline' retrieved from /opt/airflow/dags/urbanmove_nightly.py
[2026-06-28T14:24:26.370+0000] {logging_mixin.py:188} INFO - [2026-06-28T14:24:26.370+0000] {dag.py:3096} INFO - Sync 1 DAGs
[2026-06-28T14:24:26.382+0000] {logging_mixin.py:188} INFO - [2026-06-28T14:24:26.382+0000] {dag.py:3954} INFO - Setting next_dagrun for urbanmove_nightly_pipeline to 2026-06-28 02:00:00+00:00, run_after=2026-06-29 02:00:00+00:00
[2026-06-28T14:24:26.391+0000] {processor.py:183} INFO - Processing /opt/airflow/dags/urbanmove_nightly.py took 0.057 seconds
[2026-06-28T14:24:56.567+0000] {processor.py:161} INFO - Started process (PID=1348) to work on /opt/airflow/dags/urbanmove_nightly.py
[2026-06-28T14:24:56.568+0000] {processor.py:830} INFO - Processing file /opt/airflow/dags/urbanmove_nightly.py for tasks to queue
[2026-06-28T14:24:56.570+0000] {logging_mixin.py:188} INFO - [2026-06-28T14:24:56.569+0000] {dagbag.py:545} INFO - Filling up the DagBag from /opt/airflow/dags/urbanmove_nightly.py
[2026-06-28T14:24:56.579+0000] {processor.py:840} INFO - DAG(s) 'urbanmove_nightly_pipeline' retrieved from /opt/airflow/dags/urbanmove_nightly.py
[2026-06-28T14:24:56.597+0000] {logging_mixin.py:188} INFO - [2026-06-28T14:24:56.597+0000] {dag.py:3096} INFO - Sync 1 DAGs
[2026-06-28T14:24:56.607+0000] {logging_mixin.py:188} INFO - [2026-06-28T14:24:56.607+0000] {dag.py:3954} INFO - Setting next_dagrun for urbanmove_nightly_pipeline to 2026-06-28 02:00:00+00:00, run_after=2026-06-29 02:00:00+00:00
[2026-06-28T14:24:56.614+0000] {processor.py:183} INFO - Processing /opt/airflow/dags/urbanmove_nightly.py took 0.052 seconds
[2026-06-28T14:25:26.752+0000] {processor.py:161} INFO - Started process (PID=1353) to work on /opt/airflow/dags/urbanmove_nightly.py
[2026-06-28T14:25:26.752+0000] {processor.py:830} INFO - Processing file /opt/airflow/dags/urbanmove_nightly.py for tasks to queue
[2026-06-28T14:25:26.754+0000] {logging_mixin.py:188} INFO - [2026-06-28T14:25:26.753+0000] {dagbag.py:545} INFO - Filling up the DagBag from /opt/airflow/dags/urbanmove_nightly.py
[2026-06-28T14:25:26.765+0000] {processor.py:840} INFO - DAG(s) 'urbanmove_nightly_pipeline' retrieved from /opt/airflow/dags/urbanmove_nightly.py
[2026-06-28T14:25:26.782+0000] {logging_mixin.py:188} INFO - [2026-06-28T14:25:26.782+0000] {dag.py:3096} INFO - Sync 1 DAGs
[2026-06-28T14:25:26.792+0000] {logging_mixin.py:188} INFO - [2026-06-28T14:25:26.792+0000] {dag.py:3954} INFO - Setting next_dagrun for urbanmove_nightly_pipeline to 2026-06-28 02:00:00+00:00, run_after=2026-06-29 02:00:00+00:00
[2026-06-28T14:25:26.799+0000] {processor.py:183} INFO - Processing /opt/airflow/dags/urbanmove_nightly.py took 0.051 seconds
[2026-06-28T14:25:56.945+0000] {processor.py:161} INFO - Started process (PID=1358) to work on /opt/airflow/dags/urbanmove_nightly.py
[2026-06-28T14:25:56.945+0000] {processor.py:830} INFO - Processing file /opt/airflow/dags/urbanmove_nightly.py for tasks to queue
[2026-06-28T14:25:56.946+0000] {logging_mixin.py:188} INFO - [2026-06-28T14:25:56.946+0000] {dagbag.py:545} INFO - Filling up the DagBag from /opt/airflow/dags/urbanmove_nightly.py
[2026-06-28T14:25:56.951+0000] {processor.py:840} INFO - DAG(s) 'urbanmove_nightly_pipeline' retrieved from /opt/airflow/dags/urbanmove_nightly.py
[2026-06-28T14:25:56.963+0000] {logging_mixin.py:188} INFO - [2026-06-28T14:25:56.963+0000] {dag.py:3096} INFO - Sync 1 DAGs
[2026-06-28T14:25:56.971+0000] {logging_mixin.py:188} INFO - [2026-06-28T14:25:56.971+0000] {dag.py:3954} INFO - Setting next_dagrun for urbanmove_nightly_pipeline to 2026-06-28 02:00:00+00:00, run_after=2026-06-29 02:00:00+00:00
[2026-06-28T14:25:56.977+0000] {processor.py:183} INFO - Processing /opt/airflow/dags/urbanmove_nightly.py took 0.035 seconds
[2026-06-28T14:26:27.128+0000] {processor.py:161} INFO - Started process (PID=1363) to work on /opt/airflow/dags/urbanmove_nightly.py
[2026-06-28T14:26:27.129+0000] {processor.py:830} INFO - Processing file /opt/airflow/dags/urbanmove_nightly.py for tasks to queue
[2026-06-28T14:26:27.131+0000] {logging_mixin.py:188} INFO - [2026-06-28T14:26:27.130+0000] {dagbag.py:545} INFO - Filling up the DagBag from /opt/airflow/dags/urbanmove_nightly.py
[2026-06-28T14:26:27.139+0000] {processor.py:840} INFO - DAG(s) 'urbanmove_nightly_pipeline' retrieved from /opt/airflow/dags/urbanmove_nightly.py
[2026-06-28T14:26:27.158+0000] {logging_mixin.py:188} INFO - [2026-06-28T14:26:27.157+0000] {dag.py:3096} INFO - Sync 1 DAGs
[2026-06-28T14:26:27.167+0000] {logging_mixin.py:188} INFO - [2026-06-28T14:26:27.167+0000] {dag.py:3954} INFO - Setting next_dagrun for urbanmove_nightly_pipeline to 2026-06-28 02:00:00+00:00, run_after=2026-06-29 02:00:00+00:00
[2026-06-28T14:26:27.174+0000] {processor.py:183} INFO - Processing /opt/airflow/dags/urbanmove_nightly.py took 0.051 seconds
[2026-06-28T14:26:57.306+0000] {processor.py:161} INFO - Started process (PID=1368) to work on /opt/airflow/dags/urbanmove_nightly.py
[2026-06-28T14:26:57.307+0000] {processor.py:830} INFO - Processing file /opt/airflow/dags/urbanmove_nightly.py for tasks to queue
[2026-06-28T14:26:57.308+0000] {logging_mixin.py:188} INFO - [2026-06-28T14:26:57.308+0000] {dagbag.py:545} INFO - Filling up the DagBag from /opt/airflow/dags/urbanmove_nightly.py
[2026-06-28T14:26:57.313+0000] {processor.py:840} INFO - DAG(s) 'urbanmove_nightly_pipeline' retrieved from /opt/airflow/dags/urbanmove_nightly.py
[2026-06-28T14:26:57.324+0000] {logging_mixin.py:188} INFO - [2026-06-28T14:26:57.324+0000] {dag.py:3096} INFO - Sync 1 DAGs
[2026-06-28T14:26:57.332+0000] {logging_mixin.py:188} INFO - [2026-06-28T14:26:57.332+0000] {dag.py:3954} INFO - Setting next_dagrun for urbanmove_nightly_pipeline to 2026-06-28 02:00:00+00:00, run_after=2026-06-29 02:00:00+00:00
[2026-06-28T14:26:57.338+0000] {processor.py:183} INFO - Processing /opt/airflow/dags/urbanmove_nightly.py took 0.035 seconds
[2026-06-28T14:27:27.479+0000] {processor.py:161} INFO - Started process (PID=1376) to work on /opt/airflow/dags/urbanmove_nightly.py
[2026-06-28T14:27:27.480+0000] {processor.py:830} INFO - Processing file /opt/airflow/dags/urbanmove_nightly.py for tasks to queue
[2026-06-28T14:27:27.481+0000] {logging_mixin.py:188} INFO - [2026-06-28T14:27:27.481+0000] {dagbag.py:545} INFO - Filling up the DagBag from /opt/airflow/dags/urbanmove_nightly.py
[2026-06-28T14:27:27.487+0000] {processor.py:840} INFO - DAG(s) 'urbanmove_nightly_pipeline' retrieved from /opt/airflow/dags/urbanmove_nightly.py
[2026-06-28T14:27:27.500+0000] {logging_mixin.py:188} INFO - [2026-06-28T14:27:27.499+0000] {dag.py:3096} INFO - Sync 1 DAGs
[2026-06-28T14:27:27.508+0000] {logging_mixin.py:188} INFO - [2026-06-28T14:27:27.508+0000] {dag.py:3954} INFO - Setting next_dagrun for urbanmove_nightly_pipeline to 2026-06-28 02:00:00+00:00, run_after=2026-06-29 02:00:00+00:00
[2026-06-28T14:27:27.514+0000] {processor.py:183} INFO - Processing /opt/airflow/dags/urbanmove_nightly.py took 0.038 seconds
[2026-06-28T14:27:57.662+0000] {processor.py:161} INFO - Started process (PID=1381) to work on /opt/airflow/dags/urbanmove_nightly.py
[2026-06-28T14:27:57.663+0000] {processor.py:830} INFO - Processing file /opt/airflow/dags/urbanmove_nightly.py for tasks to queue
[2026-06-28T14:27:57.665+0000] {logging_mixin.py:188} INFO - [2026-06-28T14:27:57.664+0000] {dagbag.py:545} INFO - Filling up the DagBag from /opt/airflow/dags/urbanmove_nightly.py
[2026-06-28T14:27:57.674+0000] {processor.py:840} INFO - DAG(s) 'urbanmove_nightly_pipeline' retrieved from /opt/airflow/dags/urbanmove_nightly.py
[2026-06-28T14:27:57.691+0000] {logging_mixin.py:188} INFO - [2026-06-28T14:27:57.690+0000] {dag.py:3096} INFO - Sync 1 DAGs
[2026-06-28T14:27:57.700+0000] {logging_mixin.py:188} INFO - [2026-06-28T14:27:57.700+0000] {dag.py:3954} INFO - Setting next_dagrun for urbanmove_nightly_pipeline to 2026-06-28 02:00:00+00:00, run_after=2026-06-29 02:00:00+00:00
[2026-06-28T14:27:57.707+0000] {processor.py:183} INFO - Processing /opt/airflow/dags/urbanmove_nightly.py took 0.050 seconds
[2026-06-28T14:28:27.836+0000] {processor.py:161} INFO - Started process (PID=1386) to work on /opt/airflow/dags/urbanmove_nightly.py
[2026-06-28T14:28:27.836+0000] {processor.py:830} INFO - Processing file /opt/airflow/dags/urbanmove_nightly.py for tasks to queue
[2026-06-28T14:28:27.837+0000] {logging_mixin.py:188} INFO - [2026-06-28T14:28:27.837+0000] {dagbag.py:545} INFO - Filling up the DagBag from /opt/airflow/dags/urbanmove_nightly.py
[2026-06-28T14:28:27.843+0000] {processor.py:840} INFO - DAG(s) 'urbanmove_nightly_pipeline' retrieved from /opt/airflow/dags/urbanmove_nightly.py
[2026-06-28T14:28:27.856+0000] {logging_mixin.py:188} INFO - [2026-06-28T14:28:27.856+0000] {dag.py:3096} INFO - Sync 1 DAGs
[2026-06-28T14:28:27.866+0000] {logging_mixin.py:188} INFO - [2026-06-28T14:28:27.865+0000] {dag.py:3954} INFO - Setting next_dagrun for urbanmove_nightly_pipeline to 2026-06-28 02:00:00+00:00, run_after=2026-06-29 02:00:00+00:00
[2026-06-28T14:28:27.872+0000] {processor.py:183} INFO - Processing /opt/airflow/dags/urbanmove_nightly.py took 0.040 seconds
[2026-06-28T14:28:58.049+0000] {processor.py:161} INFO - Started process (PID=1391) to work on /opt/airflow/dags/urbanmove_nightly.py
[2026-06-28T14:28:58.050+0000] {processor.py:830} INFO - Processing file /opt/airflow/dags/urbanmove_nightly.py for tasks to queue
[2026-06-28T14:28:58.051+0000] {logging_mixin.py:188} INFO - [2026-06-28T14:28:58.051+0000] {dagbag.py:545} INFO - Filling up the DagBag from /opt/airflow/dags/urbanmove_nightly.py
[2026-06-28T14:28:58.058+0000] {processor.py:840} INFO - DAG(s) 'urbanmove_nightly_pipeline' retrieved from /opt/airflow/dags/urbanmove_nightly.py
[2026-06-28T14:28:58.074+0000] {logging_mixin.py:188} INFO - [2026-06-28T14:28:58.074+0000] {dag.py:3096} INFO - Sync 1 DAGs
[2026-06-28T14:28:58.084+0000] {logging_mixin.py:188} INFO - [2026-06-28T14:28:58.084+0000] {dag.py:3954} INFO - Setting next_dagrun for urbanmove_nightly_pipeline to 2026-06-28 02:00:00+00:00, run_after=2026-06-29 02:00:00+00:00
[2026-06-28T14:28:58.091+0000] {processor.py:183} INFO - Processing /opt/airflow/dags/urbanmove_nightly.py took 0.047 seconds
[2026-06-28T14:29:28.235+0000] {processor.py:161} INFO - Started process (PID=1396) to work on /opt/airflow/dags/urbanmove_nightly.py
[2026-06-28T14:29:28.236+0000] {processor.py:830} INFO - Processing file /opt/airflow/dags/urbanmove_nightly.py for tasks to queue
[2026-06-28T14:29:28.237+0000] {logging_mixin.py:188} INFO - [2026-06-28T14:29:28.237+0000] {dagbag.py:545} INFO - Filling up the DagBag from /opt/airflow/dags/urbanmove_nightly.py
[2026-06-28T14:29:28.244+0000] {processor.py:840} INFO - DAG(s) 'urbanmove_nightly_pipeline' retrieved from /opt/airflow/dags/urbanmove_nightly.py
[2026-06-28T14:29:28.260+0000] {logging_mixin.py:188} INFO - [2026-06-28T14:29:28.260+0000] {dag.py:3096} INFO - Sync 1 DAGs
[2026-06-28T14:29:28.270+0000] {logging_mixin.py:188} INFO - [2026-06-28T14:29:28.270+0000] {dag.py:3954} INFO - Setting next_dagrun for urbanmove_nightly_pipeline to 2026-06-28 02:00:00+00:00, run_after=2026-06-29 02:00:00+00:00
[2026-06-28T14:29:28.276+0000] {processor.py:183} INFO - Processing /opt/airflow/dags/urbanmove_nightly.py took 0.045 seconds
[2026-06-28T14:29:58.433+0000] {processor.py:161} INFO - Started process (PID=1401) to work on /opt/airflow/dags/urbanmove_nightly.py
[2026-06-28T14:29:58.434+0000] {processor.py:830} INFO - Processing file /opt/airflow/dags/urbanmove_nightly.py for tasks to queue
[2026-06-28T14:29:58.435+0000] {logging_mixin.py:188} INFO - [2026-06-28T14:29:58.435+0000] {dagbag.py:545} INFO - Filling up the DagBag from /opt/airflow/dags/urbanmove_nightly.py
[2026-06-28T14:29:58.444+0000] {processor.py:840} INFO - DAG(s) 'urbanmove_nightly_pipeline' retrieved from /opt/airflow/dags/urbanmove_nightly.py
[2026-06-28T14:29:58.461+0000] {logging_mixin.py:188} INFO - [2026-06-28T14:29:58.461+0000] {dag.py:3096} INFO - Sync 1 DAGs
[2026-06-28T14:29:58.470+0000] {logging_mixin.py:188} INFO - [2026-06-28T14:29:58.470+0000] {dag.py:3954} INFO - Setting next_dagrun for urbanmove_nightly_pipeline to 2026-06-28 02:00:00+00:00, run_after=2026-06-29 02:00:00+00:00
[2026-06-28T14:29:58.477+0000] {processor.py:183} INFO - Processing /opt/airflow/dags/urbanmove_nightly.py took 0.050 seconds
[2026-06-28T14:30:28.656+0000] {processor.py:161} INFO - Started process (PID=1406) to work on /opt/airflow/dags/urbanmove_nightly.py
[2026-06-28T14:30:28.657+0000] {processor.py:830} INFO - Processing file /opt/airflow/dags/urbanmove_nightly.py for tasks to queue
[2026-06-28T14:30:28.659+0000] {logging_mixin.py:188} INFO - [2026-06-28T14:30:28.659+0000] {dagbag.py:545} INFO - Filling up the DagBag from /opt/airflow/dags/urbanmove_nightly.py
[2026-06-28T14:30:28.670+0000] {processor.py:840} INFO - DAG(s) 'urbanmove_nightly_pipeline' retrieved from /opt/airflow/dags/urbanmove_nightly.py
[2026-06-28T14:30:28.688+0000] {logging_mixin.py:188} INFO - [2026-06-28T14:30:28.688+0000] {dag.py:3096} INFO - Sync 1 DAGs
[2026-06-28T14:30:28.698+0000] {logging_mixin.py:188} INFO - [2026-06-28T14:30:28.698+0000] {dag.py:3954} INFO - Setting next_dagrun for urbanmove_nightly_pipeline to 2026-06-28 02:00:00+00:00, run_after=2026-06-29 02:00:00+00:00
[2026-06-28T14:30:28.705+0000] {processor.py:183} INFO - Processing /opt/airflow/dags/urbanmove_nightly.py took 0.054 seconds
[2026-06-28T14:30:58.869+0000] {processor.py:161} INFO - Started process (PID=1411) to work on /opt/airflow/dags/urbanmove_nightly.py
[2026-06-28T14:30:58.870+0000] {processor.py:830} INFO - Processing file /opt/airflow/dags/urbanmove_nightly.py for tasks to queue
[2026-06-28T14:30:58.872+0000] {logging_mixin.py:188} INFO - [2026-06-28T14:30:58.872+0000] {dagbag.py:545} INFO - Filling up the DagBag from /opt/airflow/dags/urbanmove_nightly.py
[2026-06-28T14:30:58.882+0000] {processor.py:840} INFO - DAG(s) 'urbanmove_nightly_pipeline' retrieved from /opt/airflow/dags/urbanmove_nightly.py
[2026-06-28T14:30:58.900+0000] {logging_mixin.py:188} INFO - [2026-06-28T14:30:58.900+0000] {dag.py:3096} INFO - Sync 1 DAGs
[2026-06-28T14:30:58.910+0000] {logging_mixin.py:188} INFO - [2026-06-28T14:30:58.910+0000] {dag.py:3954} INFO - Setting next_dagrun for urbanmove_nightly_pipeline to 2026-06-28 02:00:00+00:00, run_after=2026-06-29 02:00:00+00:00
[2026-06-28T14:30:58.917+0000] {processor.py:183} INFO - Processing /opt/airflow/dags/urbanmove_nightly.py took 0.053 seconds
[2026-06-28T14:31:29.064+0000] {processor.py:161} INFO - Started process (PID=1416) to work on /opt/airflow/dags/urbanmove_nightly.py
[2026-06-28T14:31:29.066+0000] {processor.py:830} INFO - Processing file /opt/airflow/dags/urbanmove_nightly.py for tasks to queue
[2026-06-28T14:31:29.068+0000] {logging_mixin.py:188} INFO - [2026-06-28T14:31:29.067+0000] {dagbag.py:545} INFO - Filling up the DagBag from /opt/airflow/dags/urbanmove_nightly.py
[2026-06-28T14:31:29.077+0000] {processor.py:840} INFO - DAG(s) 'urbanmove_nightly_pipeline' retrieved from /opt/airflow/dags/urbanmove_nightly.py
[2026-06-28T14:31:29.093+0000] {logging_mixin.py:188} INFO - [2026-06-28T14:31:29.093+0000] {dag.py:3096} INFO - Sync 1 DAGs
[2026-06-28T14:31:29.103+0000] {logging_mixin.py:188} INFO - [2026-06-28T14:31:29.103+0000] {dag.py:3954} INFO - Setting next_dagrun for urbanmove_nightly_pipeline to 2026-06-28 02:00:00+00:00, run_after=2026-06-29 02:00:00+00:00
[2026-06-28T14:31:29.110+0000] {processor.py:183} INFO - Processing /opt/airflow/dags/urbanmove_nightly.py took 0.052 seconds
[2026-06-28T14:31:59.261+0000] {processor.py:161} INFO - Started process (PID=1421) to work on /opt/airflow/dags/urbanmove_nightly.py
[2026-06-28T14:31:59.262+0000] {processor.py:830} INFO - Processing file /opt/airflow/dags/urbanmove_nightly.py for tasks to queue
[2026-06-28T14:31:59.263+0000] {logging_mixin.py:188} INFO - [2026-06-28T14:31:59.263+0000] {dagbag.py:545} INFO - Filling up the DagBag from /opt/airflow/dags/urbanmove_nightly.py
[2026-06-28T14:31:59.271+0000] {processor.py:840} INFO - DAG(s) 'urbanmove_nightly_pipeline' retrieved from /opt/airflow/dags/urbanmove_nightly.py
[2026-06-28T14:31:59.288+0000] {logging_mixin.py:188} INFO - [2026-06-28T14:31:59.288+0000] {dag.py:3096} INFO - Sync 1 DAGs
[2026-06-28T14:31:59.297+0000] {logging_mixin.py:188} INFO - [2026-06-28T14:31:59.297+0000] {dag.py:3954} INFO - Setting next_dagrun for urbanmove_nightly_pipeline to 2026-06-28 02:00:00+00:00, run_after=2026-06-29 02:00:00+00:00
[2026-06-28T14:31:59.304+0000] {processor.py:183} INFO - Processing /opt/airflow/dags/urbanmove_nightly.py took 0.051 seconds
[2026-06-28T14:32:29.469+0000] {processor.py:161} INFO - Started process (PID=1432) to work on /opt/airflow/dags/urbanmove_nightly.py
[2026-06-28T14:32:29.470+0000] {processor.py:830} INFO - Processing file /opt/airflow/dags/urbanmove_nightly.py for tasks to queue
[2026-06-28T14:32:29.472+0000] {logging_mixin.py:188} INFO - [2026-06-28T14:32:29.471+0000] {dagbag.py:545} INFO - Filling up the DagBag from /opt/airflow/dags/urbanmove_nightly.py
[2026-06-28T14:32:29.483+0000] {processor.py:840} INFO - DAG(s) 'urbanmove_nightly_pipeline' retrieved from /opt/airflow/dags/urbanmove_nightly.py
[2026-06-28T14:32:29.503+0000] {logging_mixin.py:188} INFO - [2026-06-28T14:32:29.503+0000] {dag.py:3096} INFO - Sync 1 DAGs
[2026-06-28T14:32:29.514+0000] {logging_mixin.py:188} INFO - [2026-06-28T14:32:29.513+0000] {dag.py:3954} INFO - Setting next_dagrun for urbanmove_nightly_pipeline to 2026-06-28 02:00:00+00:00, run_after=2026-06-29 02:00:00+00:00
[2026-06-28T14:32:29.521+0000] {processor.py:183} INFO - Processing /opt/airflow/dags/urbanmove_nightly.py took 0.059 seconds
[2026-06-28T14:32:59.669+0000] {processor.py:161} INFO - Started process (PID=1444) to work on /opt/airflow/dags/urbanmove_nightly.py
[2026-06-28T14:32:59.671+0000] {processor.py:830} INFO - Processing file /opt/airflow/dags/urbanmove_nightly.py for tasks to queue
[2026-06-28T14:32:59.672+0000] {logging_mixin.py:188} INFO - [2026-06-28T14:32:59.672+0000] {dagbag.py:545} INFO - Filling up the DagBag from /opt/airflow/dags/urbanmove_nightly.py
[2026-06-28T14:32:59.681+0000] {processor.py:840} INFO - DAG(s) 'urbanmove_nightly_pipeline' retrieved from /opt/airflow/dags/urbanmove_nightly.py
[2026-06-28T14:32:59.699+0000] {logging_mixin.py:188} INFO - [2026-06-28T14:32:59.699+0000] {dag.py:3096} INFO - Sync 1 DAGs
[2026-06-28T14:32:59.709+0000] {logging_mixin.py:188} INFO - [2026-06-28T14:32:59.709+0000] {dag.py:3954} INFO - Setting next_dagrun for urbanmove_nightly_pipeline to 2026-06-28 02:00:00+00:00, run_after=2026-06-29 02:00:00+00:00
[2026-06-28T14:32:59.716+0000] {processor.py:183} INFO - Processing /opt/airflow/dags/urbanmove_nightly.py took 0.052 seconds
[2026-06-28T14:33:29.892+0000] {processor.py:161} INFO - Started process (PID=1449) to work on /opt/airflow/dags/urbanmove_nightly.py
[2026-06-28T14:33:29.893+0000] {processor.py:830} INFO - Processing file /opt/airflow/dags/urbanmove_nightly.py for tasks to queue
[2026-06-28T14:33:29.895+0000] {logging_mixin.py:188} INFO - [2026-06-28T14:33:29.895+0000] {dagbag.py:545} INFO - Filling up the DagBag from /opt/airflow/dags/urbanmove_nightly.py
[2026-06-28T14:33:29.905+0000] {processor.py:840} INFO - DAG(s) 'urbanmove_nightly_pipeline' retrieved from /opt/airflow/dags/urbanmove_nightly.py
[2026-06-28T14:33:29.925+0000] {logging_mixin.py:188} INFO - [2026-06-28T14:33:29.925+0000] {dag.py:3096} INFO - Sync 1 DAGs
[2026-06-28T14:33:29.935+0000] {logging_mixin.py:188} INFO - [2026-06-28T14:33:29.935+0000] {dag.py:3954} INFO - Setting next_dagrun for urbanmove_nightly_pipeline to 2026-06-28 02:00:00+00:00, run_after=2026-06-29 02:00:00+00:00
[2026-06-28T14:33:29.943+0000] {processor.py:183} INFO - Processing /opt/airflow/dags/urbanmove_nightly.py took 0.058 seconds
[2026-06-28T14:34:00.093+0000] {processor.py:161} INFO - Started process (PID=1455) to work on /opt/airflow/dags/urbanmove_nightly.py
[2026-06-28T14:34:00.094+0000] {processor.py:830} INFO - Processing file /opt/airflow/dags/urbanmove_nightly.py for tasks to queue
[2026-06-28T14:34:00.095+0000] {logging_mixin.py:188} INFO - [2026-06-28T14:34:00.095+0000] {dagbag.py:545} INFO - Filling up the DagBag from /opt/airflow/dags/urbanmove_nightly.py
[2026-06-28T14:34:00.104+0000] {processor.py:840} INFO - DAG(s) 'urbanmove_nightly_pipeline' retrieved from /opt/airflow/dags/urbanmove_nightly.py
[2026-06-28T14:34:00.121+0000] {logging_mixin.py:188} INFO - [2026-06-28T14:34:00.121+0000] {dag.py:3096} INFO - Sync 1 DAGs
[2026-06-28T14:34:00.130+0000] {logging_mixin.py:188} INFO - [2026-06-28T14:34:00.130+0000] {dag.py:3954} INFO - Setting next_dagrun for urbanmove_nightly_pipeline to 2026-06-28 02:00:00+00:00, run_after=2026-06-29 02:00:00+00:00
[2026-06-28T14:34:00.137+0000] {processor.py:183} INFO - Processing /opt/airflow/dags/urbanmove_nightly.py took 0.050 seconds
[2026-06-28T14:34:30.308+0000] {processor.py:161} INFO - Started process (PID=1460) to work on /opt/airflow/dags/urbanmove_nightly.py
[2026-06-28T14:34:30.309+0000] {processor.py:830} INFO - Processing file /opt/airflow/dags/urbanmove_nightly.py for tasks to queue
[2026-06-28T14:34:30.310+0000] {logging_mixin.py:188} INFO - [2026-06-28T14:34:30.310+0000] {dagbag.py:545} INFO - Filling up the DagBag from /opt/airflow/dags/urbanmove_nightly.py
[2026-06-28T14:34:30.318+0000] {processor.py:840} INFO - DAG(s) 'urbanmove_nightly_pipeline' retrieved from /opt/airflow/dags/urbanmove_nightly.py
[2026-06-28T14:34:30.334+0000] {logging_mixin.py:188} INFO - [2026-06-28T14:34:30.334+0000] {dag.py:3096} INFO - Sync 1 DAGs
[2026-06-28T14:34:30.345+0000] {logging_mixin.py:188} INFO - [2026-06-28T14:34:30.345+0000] {dag.py:3954} INFO - Setting next_dagrun for urbanmove_nightly_pipeline to 2026-06-28 02:00:00+00:00, run_after=2026-06-29 02:00:00+00:00
[2026-06-28T14:34:30.352+0000] {processor.py:183} INFO - Processing /opt/airflow/dags/urbanmove_nightly.py took 0.049 seconds
[2026-06-28T14:35:00.518+0000] {processor.py:161} INFO - Started process (PID=1465) to work on /opt/airflow/dags/urbanmove_nightly.py
[2026-06-28T14:35:00.520+0000] {processor.py:830} INFO - Processing file /opt/airflow/dags/urbanmove_nightly.py for tasks to queue
[2026-06-28T14:35:00.521+0000] {logging_mixin.py:188} INFO - [2026-06-28T14:35:00.521+0000] {dagbag.py:545} INFO - Filling up the DagBag from /opt/airflow/dags/urbanmove_nightly.py
[2026-06-28T14:35:00.529+0000] {processor.py:840} INFO - DAG(s) 'urbanmove_nightly_pipeline' retrieved from /opt/airflow/dags/urbanmove_nightly.py
[2026-06-28T14:35:00.546+0000] {logging_mixin.py:188} INFO - [2026-06-28T14:35:00.546+0000] {dag.py:3096} INFO - Sync 1 DAGs
[2026-06-28T14:35:00.555+0000] {logging_mixin.py:188} INFO - [2026-06-28T14:35:00.555+0000] {dag.py:3954} INFO - Setting next_dagrun for urbanmove_nightly_pipeline to 2026-06-28 02:00:00+00:00, run_after=2026-06-29 02:00:00+00:00
[2026-06-28T14:35:00.561+0000] {processor.py:183} INFO - Processing /opt/airflow/dags/urbanmove_nightly.py took 0.048 seconds
[2026-06-28T14:35:30.730+0000] {processor.py:161} INFO - Started process (PID=1470) to work on /opt/airflow/dags/urbanmove_nightly.py
[2026-06-28T14:35:30.731+0000] {processor.py:830} INFO - Processing file /opt/airflow/dags/urbanmove_nightly.py for tasks to queue
[2026-06-28T14:35:30.732+0000] {logging_mixin.py:188} INFO - [2026-06-28T14:35:30.732+0000] {dagbag.py:545} INFO - Filling up the DagBag from /opt/airflow/dags/urbanmove_nightly.py
[2026-06-28T14:35:30.740+0000] {processor.py:840} INFO - DAG(s) 'urbanmove_nightly_pipeline' retrieved from /opt/airflow/dags/urbanmove_nightly.py
[2026-06-28T14:35:30.757+0000] {logging_mixin.py:188} INFO - [2026-06-28T14:35:30.757+0000] {dag.py:3096} INFO - Sync 1 DAGs
[2026-06-28T14:35:30.766+0000] {logging_mixin.py:188} INFO - [2026-06-28T14:35:30.766+0000] {dag.py:3954} INFO - Setting next_dagrun for urbanmove_nightly_pipeline to 2026-06-28 02:00:00+00:00, run_after=2026-06-29 02:00:00+00:00
[2026-06-28T14:35:30.772+0000] {processor.py:183} INFO - Processing /opt/airflow/dags/urbanmove_nightly.py took 0.047 seconds
[2026-06-28T14:36:00.924+0000] {processor.py:161} INFO - Started process (PID=1475) to work on /opt/airflow/dags/urbanmove_nightly.py
[2026-06-28T14:36:00.925+0000] {processor.py:830} INFO - Processing file /opt/airflow/dags/urbanmove_nightly.py for tasks to queue
[2026-06-28T14:36:00.925+0000] {logging_mixin.py:188} INFO - [2026-06-28T14:36:00.925+0000] {dagbag.py:545} INFO - Filling up the DagBag from /opt/airflow/dags/urbanmove_nightly.py
[2026-06-28T14:36:00.933+0000] {processor.py:840} INFO - DAG(s) 'urbanmove_nightly_pipeline' retrieved from /opt/airflow/dags/urbanmove_nightly.py
[2026-06-28T14:36:00.947+0000] {logging_mixin.py:188} INFO - [2026-06-28T14:36:00.947+0000] {dag.py:3096} INFO - Sync 1 DAGs
[2026-06-28T14:36:00.957+0000] {logging_mixin.py:188} INFO - [2026-06-28T14:36:00.957+0000] {dag.py:3954} INFO - Setting next_dagrun for urbanmove_nightly_pipeline to 2026-06-28 02:00:00+00:00, run_after=2026-06-29 02:00:00+00:00
[2026-06-28T14:36:00.964+0000] {processor.py:183} INFO - Processing /opt/airflow/dags/urbanmove_nightly.py took 0.044 seconds
[2026-06-28T14:36:31.113+0000] {processor.py:161} INFO - Started process (PID=1480) to work on /opt/airflow/dags/urbanmove_nightly.py
[2026-06-28T14:36:31.114+0000] {processor.py:830} INFO - Processing file /opt/airflow/dags/urbanmove_nightly.py for tasks to queue
[2026-06-28T14:36:31.115+0000] {logging_mixin.py:188} INFO - [2026-06-28T14:36:31.115+0000] {dagbag.py:545} INFO - Filling up the DagBag from /opt/airflow/dags/urbanmove_nightly.py
[2026-06-28T14:36:31.124+0000] {processor.py:840} INFO - DAG(s) 'urbanmove_nightly_pipeline' retrieved from /opt/airflow/dags/urbanmove_nightly.py
[2026-06-28T14:36:31.141+0000] {logging_mixin.py:188} INFO - [2026-06-28T14:36:31.141+0000] {dag.py:3096} INFO - Sync 1 DAGs
[2026-06-28T14:36:31.151+0000] {logging_mixin.py:188} INFO - [2026-06-28T14:36:31.151+0000] {dag.py:3954} INFO - Setting next_dagrun for urbanmove_nightly_pipeline to 2026-06-28 02:00:00+00:00, run_after=2026-06-29 02:00:00+00:00
[2026-06-28T14:36:31.157+0000] {processor.py:183} INFO - Processing /opt/airflow/dags/urbanmove_nightly.py took 0.050 seconds
[2026-06-28T14:37:01.299+0000] {processor.py:161} INFO - Started process (PID=1485) to work on /opt/airflow/dags/urbanmove_nightly.py
[2026-06-28T14:37:01.301+0000] {processor.py:830} INFO - Processing file /opt/airflow/dags/urbanmove_nightly.py for tasks to queue
[2026-06-28T14:37:01.302+0000] {logging_mixin.py:188} INFO - [2026-06-28T14:37:01.301+0000] {dagbag.py:545} INFO - Filling up the DagBag from /opt/airflow/dags/urbanmove_nightly.py
[2026-06-28T14:37:01.310+0000] {processor.py:840} INFO - DAG(s) 'urbanmove_nightly_pipeline' retrieved from /opt/airflow/dags/urbanmove_nightly.py
[2026-06-28T14:37:01.326+0000] {logging_mixin.py:188} INFO - [2026-06-28T14:37:01.325+0000] {dag.py:3096} INFO - Sync 1 DAGs
[2026-06-28T14:37:01.336+0000] {logging_mixin.py:188} INFO - [2026-06-28T14:37:01.336+0000] {dag.py:3954} INFO - Setting next_dagrun for urbanmove_nightly_pipeline to 2026-06-28 02:00:00+00:00, run_after=2026-06-29 02:00:00+00:00
[2026-06-28T14:37:01.343+0000] {processor.py:183} INFO - Processing /opt/airflow/dags/urbanmove_nightly.py took 0.048 seconds
[2026-06-28T14:37:31.491+0000] {processor.py:161} INFO - Started process (PID=1490) to work on /opt/airflow/dags/urbanmove_nightly.py
[2026-06-28T14:37:31.491+0000] {processor.py:830} INFO - Processing file /opt/airflow/dags/urbanmove_nightly.py for tasks to queue
[2026-06-28T14:37:31.492+0000] {logging_mixin.py:188} INFO - [2026-06-28T14:37:31.492+0000] {dagbag.py:545} INFO - Filling up the DagBag from /opt/airflow/dags/urbanmove_nightly.py
[2026-06-28T14:37:31.499+0000] {processor.py:840} INFO - DAG(s) 'urbanmove_nightly_pipeline' retrieved from /opt/airflow/dags/urbanmove_nightly.py
[2026-06-28T14:37:31.514+0000] {logging_mixin.py:188} INFO - [2026-06-28T14:37:31.514+0000] {dag.py:3096} INFO - Sync 1 DAGs
[2026-06-28T14:37:31.524+0000] {logging_mixin.py:188} INFO - [2026-06-28T14:37:31.524+0000] {dag.py:3954} INFO - Setting next_dagrun for urbanmove_nightly_pipeline to 2026-06-28 02:00:00+00:00, run_after=2026-06-29 02:00:00+00:00
[2026-06-28T14:37:31.530+0000] {processor.py:183} INFO - Processing /opt/airflow/dags/urbanmove_nightly.py took 0.044 seconds
[2026-06-28T14:38:01.699+0000] {processor.py:161} INFO - Started process (PID=1495) to work on /opt/airflow/dags/urbanmove_nightly.py
[2026-06-28T14:38:01.700+0000] {processor.py:830} INFO - Processing file /opt/airflow/dags/urbanmove_nightly.py for tasks to queue
[2026-06-28T14:38:01.702+0000] {logging_mixin.py:188} INFO - [2026-06-28T14:38:01.702+0000] {dagbag.py:545} INFO - Filling up the DagBag from /opt/airflow/dags/urbanmove_nightly.py
[2026-06-28T14:38:01.714+0000] {processor.py:840} INFO - DAG(s) 'urbanmove_nightly_pipeline' retrieved from /opt/airflow/dags/urbanmove_nightly.py
[2026-06-28T14:38:01.734+0000] {logging_mixin.py:188} INFO - [2026-06-28T14:38:01.734+0000] {dag.py:3096} INFO - Sync 1 DAGs
[2026-06-28T14:38:01.744+0000] {logging_mixin.py:188} INFO - [2026-06-28T14:38:01.744+0000] {dag.py:3954} INFO - Setting next_dagrun for urbanmove_nightly_pipeline to 2026-06-28 02:00:00+00:00, run_after=2026-06-29 02:00:00+00:00
[2026-06-28T14:38:01.751+0000] {processor.py:183} INFO - Processing /opt/airflow/dags/urbanmove_nightly.py took 0.059 seconds
[2026-06-28T14:38:31.890+0000] {processor.py:161} INFO - Started process (PID=1500) to work on /opt/airflow/dags/urbanmove_nightly.py
[2026-06-28T14:38:31.891+0000] {processor.py:830} INFO - Processing file /opt/airflow/dags/urbanmove_nightly.py for tasks to queue
[2026-06-28T14:38:31.892+0000] {logging_mixin.py:188} INFO - [2026-06-28T14:38:31.892+0000] {dagbag.py:545} INFO - Filling up the DagBag from /opt/airflow/dags/urbanmove_nightly.py
[2026-06-28T14:38:31.901+0000] {processor.py:840} INFO - DAG(s) 'urbanmove_nightly_pipeline' retrieved from /opt/airflow/dags/urbanmove_nightly.py
[2026-06-28T14:38:31.920+0000] {logging_mixin.py:188} INFO - [2026-06-28T14:38:31.920+0000] {dag.py:3096} INFO - Sync 1 DAGs
[2026-06-28T14:38:31.931+0000] {logging_mixin.py:188} INFO - [2026-06-28T14:38:31.931+0000] {dag.py:3954} INFO - Setting next_dagrun for urbanmove_nightly_pipeline to 2026-06-28 02:00:00+00:00, run_after=2026-06-29 02:00:00+00:00
[2026-06-28T14:38:31.939+0000] {processor.py:183} INFO - Processing /opt/airflow/dags/urbanmove_nightly.py took 0.053 seconds
[2026-06-28T14:39:02.105+0000] {processor.py:161} INFO - Started process (PID=1505) to work on /opt/airflow/dags/urbanmove_nightly.py
[2026-06-28T14:39:02.106+0000] {processor.py:830} INFO - Processing file /opt/airflow/dags/urbanmove_nightly.py for tasks to queue
[2026-06-28T14:39:02.108+0000] {logging_mixin.py:188} INFO - [2026-06-28T14:39:02.108+0000] {dagbag.py:545} INFO - Filling up the DagBag from /opt/airflow/dags/urbanmove_nightly.py
[2026-06-28T14:39:02.119+0000] {processor.py:840} INFO - DAG(s) 'urbanmove_nightly_pipeline' retrieved from /opt/airflow/dags/urbanmove_nightly.py
[2026-06-28T14:39:02.136+0000] {logging_mixin.py:188} INFO - [2026-06-28T14:39:02.136+0000] {dag.py:3096} INFO - Sync 1 DAGs
[2026-06-28T14:39:02.154+0000] {logging_mixin.py:188} INFO - [2026-06-28T14:39:02.153+0000] {dag.py:3954} INFO - Setting next_dagrun for urbanmove_nightly_pipeline to 2026-06-28 02:00:00+00:00, run_after=2026-06-29 02:00:00+00:00
[2026-06-28T14:39:02.170+0000] {processor.py:183} INFO - Processing /opt/airflow/dags/urbanmove_nightly.py took 0.070 seconds
[2026-06-28T14:39:32.317+0000] {processor.py:161} INFO - Started process (PID=1510) to work on /opt/airflow/dags/urbanmove_nightly.py
[2026-06-28T14:39:32.318+0000] {processor.py:830} INFO - Processing file /opt/airflow/dags/urbanmove_nightly.py for tasks to queue
[2026-06-28T14:39:32.320+0000] {logging_mixin.py:188} INFO - [2026-06-28T14:39:32.320+0000] {dagbag.py:545} INFO - Filling up the DagBag from /opt/airflow/dags/urbanmove_nightly.py
[2026-06-28T14:39:32.332+0000] {processor.py:840} INFO - DAG(s) 'urbanmove_nightly_pipeline' retrieved from /opt/airflow/dags/urbanmove_nightly.py
[2026-06-28T14:39:32.350+0000] {logging_mixin.py:188} INFO - [2026-06-28T14:39:32.350+0000] {dag.py:3096} INFO - Sync 1 DAGs
[2026-06-28T14:39:32.360+0000] {logging_mixin.py:188} INFO - [2026-06-28T14:39:32.360+0000] {dag.py:3954} INFO - Setting next_dagrun for urbanmove_nightly_pipeline to 2026-06-28 02:00:00+00:00, run_after=2026-06-29 02:00:00+00:00
[2026-06-28T14:39:32.367+0000] {processor.py:183} INFO - Processing /opt/airflow/dags/urbanmove_nightly.py took 0.058 seconds
[2026-06-28T14:40:02.539+0000] {processor.py:161} INFO - Started process (PID=1515) to work on /opt/airflow/dags/urbanmove_nightly.py
[2026-06-28T14:40:02.540+0000] {processor.py:830} INFO - Processing file /opt/airflow/dags/urbanmove_nightly.py for tasks to queue
[2026-06-28T14:40:02.542+0000] {logging_mixin.py:188} INFO - [2026-06-28T14:40:02.541+0000] {dagbag.py:545} INFO - Filling up the DagBag from /opt/airflow/dags/urbanmove_nightly.py
[2026-06-28T14:40:02.560+0000] {processor.py:840} INFO - DAG(s) 'urbanmove_nightly_pipeline' retrieved from /opt/airflow/dags/urbanmove_nightly.py
[2026-06-28T14:40:02.691+0000] {logging_mixin.py:188} INFO - [2026-06-28T14:40:02.691+0000] {dag.py:3096} INFO - Sync 1 DAGs
[2026-06-28T14:40:02.699+0000] {logging_mixin.py:188} INFO - [2026-06-28T14:40:02.699+0000] {dag.py:3954} INFO - Setting next_dagrun for urbanmove_nightly_pipeline to 2026-06-28 02:00:00+00:00, run_after=2026-06-29 02:00:00+00:00
[2026-06-28T14:40:02.708+0000] {processor.py:183} INFO - Processing /opt/airflow/dags/urbanmove_nightly.py took 0.175 seconds
[2026-06-28T14:40:32.843+0000] {processor.py:161} INFO - Started process (PID=1548) to work on /opt/airflow/dags/urbanmove_nightly.py
[2026-06-28T14:40:32.844+0000] {processor.py:830} INFO - Processing file /opt/airflow/dags/urbanmove_nightly.py for tasks to queue
[2026-06-28T14:40:32.845+0000] {logging_mixin.py:188} INFO - [2026-06-28T14:40:32.845+0000] {dagbag.py:545} INFO - Filling up the DagBag from /opt/airflow/dags/urbanmove_nightly.py
[2026-06-28T14:40:32.855+0000] {processor.py:840} INFO - DAG(s) 'urbanmove_nightly_pipeline' retrieved from /opt/airflow/dags/urbanmove_nightly.py
[2026-06-28T14:40:32.872+0000] {logging_mixin.py:188} INFO - [2026-06-28T14:40:32.872+0000] {dag.py:3096} INFO - Sync 1 DAGs
[2026-06-28T14:40:32.883+0000] {logging_mixin.py:188} INFO - [2026-06-28T14:40:32.883+0000] {dag.py:3954} INFO - Setting next_dagrun for urbanmove_nightly_pipeline to 2026-06-28 02:00:00+00:00, run_after=2026-06-29 02:00:00+00:00
[2026-06-28T14:40:32.891+0000] {processor.py:183} INFO - Processing /opt/airflow/dags/urbanmove_nightly.py took 0.052 seconds
[2026-06-28T14:41:02.934+0000] {processor.py:161} INFO - Started process (PID=1553) to work on /opt/airflow/dags/urbanmove_nightly.py
[2026-06-28T14:41:02.935+0000] {processor.py:830} INFO - Processing file /opt/airflow/dags/urbanmove_nightly.py for tasks to queue
[2026-06-28T14:41:02.936+0000] {logging_mixin.py:188} INFO - [2026-06-28T14:41:02.935+0000] {dagbag.py:545} INFO - Filling up the DagBag from /opt/airflow/dags/urbanmove_nightly.py
[2026-06-28T14:41:02.944+0000] {processor.py:840} INFO - DAG(s) 'urbanmove_nightly_pipeline' retrieved from /opt/airflow/dags/urbanmove_nightly.py
[2026-06-28T14:41:02.959+0000] {logging_mixin.py:188} INFO - [2026-06-28T14:41:02.959+0000] {dag.py:3096} INFO - Sync 1 DAGs
[2026-06-28T14:41:02.970+0000] {logging_mixin.py:188} INFO - [2026-06-28T14:41:02.970+0000] {dag.py:3954} INFO - Setting next_dagrun for urbanmove_nightly_pipeline to 2026-06-28 02:00:00+00:00, run_after=2026-06-29 02:00:00+00:00
[2026-06-28T14:41:02.978+0000] {processor.py:183} INFO - Processing /opt/airflow/dags/urbanmove_nightly.py took 0.047 seconds
[2026-06-28T14:41:33.167+0000] {processor.py:161} INFO - Started process (PID=1561) to work on /opt/airflow/dags/urbanmove_nightly.py
[2026-06-28T14:41:33.168+0000] {processor.py:830} INFO - Processing file /opt/airflow/dags/urbanmove_nightly.py for tasks to queue
[2026-06-28T14:41:33.170+0000] {logging_mixin.py:188} INFO - [2026-06-28T14:41:33.170+0000] {dagbag.py:545} INFO - Filling up the DagBag from /opt/airflow/dags/urbanmove_nightly.py
[2026-06-28T14:41:33.184+0000] {processor.py:840} INFO - DAG(s) 'urbanmove_nightly_pipeline' retrieved from /opt/airflow/dags/urbanmove_nightly.py
[2026-06-28T14:41:33.206+0000] {logging_mixin.py:188} INFO - [2026-06-28T14:41:33.206+0000] {dag.py:3096} INFO - Sync 1 DAGs
[2026-06-28T14:41:33.216+0000] {logging_mixin.py:188} INFO - [2026-06-28T14:41:33.216+0000] {dag.py:3954} INFO - Setting next_dagrun for urbanmove_nightly_pipeline to 2026-06-28 02:00:00+00:00, run_after=2026-06-29 02:00:00+00:00
[2026-06-28T14:41:33.222+0000] {processor.py:183} INFO - Processing /opt/airflow/dags/urbanmove_nightly.py took 0.066 seconds
[2026-06-28T14:42:03.321+0000] {processor.py:161} INFO - Started process (PID=1566) to work on /opt/airflow/dags/urbanmove_nightly.py
[2026-06-28T14:42:03.322+0000] {processor.py:830} INFO - Processing file /opt/airflow/dags/urbanmove_nightly.py for tasks to queue
[2026-06-28T14:42:03.324+0000] {logging_mixin.py:188} INFO - [2026-06-28T14:42:03.324+0000] {dagbag.py:545} INFO - Filling up the DagBag from /opt/airflow/dags/urbanmove_nightly.py
[2026-06-28T14:42:03.334+0000] {processor.py:840} INFO - DAG(s) 'urbanmove_nightly_pipeline' retrieved from /opt/airflow/dags/urbanmove_nightly.py
[2026-06-28T14:42:03.353+0000] {logging_mixin.py:188} INFO - [2026-06-28T14:42:03.353+0000] {dag.py:3096} INFO - Sync 1 DAGs
[2026-06-28T14:42:03.363+0000] {logging_mixin.py:188} INFO - [2026-06-28T14:42:03.363+0000] {dag.py:3954} INFO - Setting next_dagrun for urbanmove_nightly_pipeline to 2026-06-28 02:00:00+00:00, run_after=2026-06-29 02:00:00+00:00
[2026-06-28T14:42:03.370+0000] {processor.py:183} INFO - Processing /opt/airflow/dags/urbanmove_nightly.py took 0.056 seconds
[2026-06-28T14:42:33.553+0000] {processor.py:161} INFO - Started process (PID=1571) to work on /opt/airflow/dags/urbanmove_nightly.py
[2026-06-28T14:42:33.554+0000] {processor.py:830} INFO - Processing file /opt/airflow/dags/urbanmove_nightly.py for tasks to queue
[2026-06-28T14:42:33.555+0000] {logging_mixin.py:188} INFO - [2026-06-28T14:42:33.555+0000] {dagbag.py:545} INFO - Filling up the DagBag from /opt/airflow/dags/urbanmove_nightly.py
[2026-06-28T14:42:33.565+0000] {processor.py:840} INFO - DAG(s) 'urbanmove_nightly_pipeline' retrieved from /opt/airflow/dags/urbanmove_nightly.py
[2026-06-28T14:42:33.582+0000] {logging_mixin.py:188} INFO - [2026-06-28T14:42:33.582+0000] {dag.py:3096} INFO - Sync 1 DAGs
[2026-06-28T14:42:33.592+0000] {logging_mixin.py:188} INFO - [2026-06-28T14:42:33.592+0000] {dag.py:3954} INFO - Setting next_dagrun for urbanmove_nightly_pipeline to 2026-06-28 02:00:00+00:00, run_after=2026-06-29 02:00:00+00:00
[2026-06-28T14:42:33.598+0000] {processor.py:183} INFO - Processing /opt/airflow/dags/urbanmove_nightly.py took 0.052 seconds
[2026-06-28T14:43:03.764+0000] {processor.py:161} INFO - Started process (PID=1576) to work on /opt/airflow/dags/urbanmove_nightly.py
[2026-06-28T14:43:03.765+0000] {processor.py:830} INFO - Processing file /opt/airflow/dags/urbanmove_nightly.py for tasks to queue
[2026-06-28T14:43:03.767+0000] {logging_mixin.py:188} INFO - [2026-06-28T14:43:03.766+0000] {dagbag.py:545} INFO - Filling up the DagBag from /opt/airflow/dags/urbanmove_nightly.py
[2026-06-28T14:43:03.776+0000] {processor.py:840} INFO - DAG(s) 'urbanmove_nightly_pipeline' retrieved from /opt/airflow/dags/urbanmove_nightly.py
[2026-06-28T14:43:03.793+0000] {logging_mixin.py:188} INFO - [2026-06-28T14:43:03.793+0000] {dag.py:3096} INFO - Sync 1 DAGs
[2026-06-28T14:43:03.802+0000] {logging_mixin.py:188} INFO - [2026-06-28T14:43:03.802+0000] {dag.py:3954} INFO - Setting next_dagrun for urbanmove_nightly_pipeline to 2026-06-28 02:00:00+00:00, run_after=2026-06-29 02:00:00+00:00
[2026-06-28T14:43:03.808+0000] {processor.py:183} INFO - Processing /opt/airflow/dags/urbanmove_nightly.py took 0.049 seconds
[2026-06-28T14:43:14.854+0000] {processor.py:161} INFO - Started process (PID=1581) to work on /opt/airflow/dags/urbanmove_nightly.py
[2026-06-28T14:43:14.855+0000] {processor.py:830} INFO - Processing file /opt/airflow/dags/urbanmove_nightly.py for tasks to queue
[2026-06-28T14:43:14.856+0000] {logging_mixin.py:188} INFO - [2026-06-28T14:43:14.856+0000] {dagbag.py:545} INFO - Filling up the DagBag from /opt/airflow/dags/urbanmove_nightly.py
[2026-06-28T14:43:14.870+0000] {processor.py:840} INFO - DAG(s) 'urbanmove_nightly_pipeline' retrieved from /opt/airflow/dags/urbanmove_nightly.py
[2026-06-28T14:43:14.926+0000] {logging_mixin.py:188} INFO - [2026-06-28T14:43:14.926+0000] {dag.py:3096} INFO - Sync 1 DAGs
[2026-06-28T14:43:14.933+0000] {logging_mixin.py:188} INFO - [2026-06-28T14:43:14.933+0000] {dag.py:3954} INFO - Setting next_dagrun for urbanmove_nightly_pipeline to 2026-06-28 02:00:00+00:00, run_after=2026-06-29 02:00:00+00:00
[2026-06-28T14:43:14.939+0000] {processor.py:183} INFO - Processing /opt/airflow/dags/urbanmove_nightly.py took 0.092 seconds
[2026-06-28T14:43:45.089+0000] {processor.py:161} INFO - Started process (PID=1586) to work on /opt/airflow/dags/urbanmove_nightly.py
[2026-06-28T14:43:45.090+0000] {processor.py:830} INFO - Processing file /opt/airflow/dags/urbanmove_nightly.py for tasks to queue
[2026-06-28T14:43:45.092+0000] {logging_mixin.py:188} INFO - [2026-06-28T14:43:45.092+0000] {dagbag.py:545} INFO - Filling up the DagBag from /opt/airflow/dags/urbanmove_nightly.py
[2026-06-28T14:43:45.104+0000] {processor.py:840} INFO - DAG(s) 'urbanmove_nightly_pipeline' retrieved from /opt/airflow/dags/urbanmove_nightly.py
[2026-06-28T14:43:45.122+0000] {logging_mixin.py:188} INFO - [2026-06-28T14:43:45.122+0000] {dag.py:3096} INFO - Sync 1 DAGs
[2026-06-28T14:43:45.132+0000] {logging_mixin.py:188} INFO - [2026-06-28T14:43:45.131+0000] {dag.py:3954} INFO - Setting next_dagrun for urbanmove_nightly_pipeline to 2026-06-28 02:00:00+00:00, run_after=2026-06-29 02:00:00+00:00
[2026-06-28T14:43:45.138+0000] {processor.py:183} INFO - Processing /opt/airflow/dags/urbanmove_nightly.py took 0.055 seconds
[2026-06-28T14:44:15.262+0000] {processor.py:161} INFO - Started process (PID=1619) to work on /opt/airflow/dags/urbanmove_nightly.py
[2026-06-28T14:44:15.262+0000] {processor.py:830} INFO - Processing file /opt/airflow/dags/urbanmove_nightly.py for tasks to queue
[2026-06-28T14:44:15.263+0000] {logging_mixin.py:188} INFO - [2026-06-28T14:44:15.263+0000] {dagbag.py:545} INFO - Filling up the DagBag from /opt/airflow/dags/urbanmove_nightly.py
[2026-06-28T14:44:15.270+0000] {processor.py:840} INFO - DAG(s) 'urbanmove_nightly_pipeline' retrieved from /opt/airflow/dags/urbanmove_nightly.py
[2026-06-28T14:44:15.283+0000] {logging_mixin.py:188} INFO - [2026-06-28T14:44:15.282+0000] {dag.py:3096} INFO - Sync 1 DAGs
[2026-06-28T14:44:15.291+0000] {logging_mixin.py:188} INFO - [2026-06-28T14:44:15.291+0000] {dag.py:3954} INFO - Setting next_dagrun for urbanmove_nightly_pipeline to 2026-06-28 02:00:00+00:00, run_after=2026-06-29 02:00:00+00:00
[2026-06-28T14:44:15.297+0000] {processor.py:183} INFO - Processing /opt/airflow/dags/urbanmove_nightly.py took 0.037 seconds
[2026-06-28T14:44:45.391+0000] {processor.py:161} INFO - Started process (PID=1624) to work on /opt/airflow/dags/urbanmove_nightly.py
[2026-06-28T14:44:45.391+0000] {processor.py:830} INFO - Processing file /opt/airflow/dags/urbanmove_nightly.py for tasks to queue
[2026-06-28T14:44:45.392+0000] {logging_mixin.py:188} INFO - [2026-06-28T14:44:45.392+0000] {dagbag.py:545} INFO - Filling up the DagBag from /opt/airflow/dags/urbanmove_nightly.py
[2026-06-28T14:44:45.398+0000] {processor.py:840} INFO - DAG(s) 'urbanmove_nightly_pipeline' retrieved from /opt/airflow/dags/urbanmove_nightly.py
[2026-06-28T14:44:45.414+0000] {logging_mixin.py:188} INFO - [2026-06-28T14:44:45.414+0000] {dag.py:3096} INFO - Sync 1 DAGs
[2026-06-28T14:44:45.428+0000] {logging_mixin.py:188} INFO - [2026-06-28T14:44:45.428+0000] {dag.py:3954} INFO - Setting next_dagrun for urbanmove_nightly_pipeline to 2026-06-28 02:00:00+00:00, run_after=2026-06-29 02:00:00+00:00
[2026-06-28T14:44:45.455+0000] {processor.py:183} INFO - Processing /opt/airflow/dags/urbanmove_nightly.py took 0.067 seconds
[2026-06-28T14:45:15.575+0000] {processor.py:161} INFO - Started process (PID=1635) to work on /opt/airflow/dags/urbanmove_nightly.py
[2026-06-28T14:45:15.576+0000] {processor.py:830} INFO - Processing file /opt/airflow/dags/urbanmove_nightly.py for tasks to queue
[2026-06-28T14:45:15.578+0000] {logging_mixin.py:188} INFO - [2026-06-28T14:45:15.577+0000] {dagbag.py:545} INFO - Filling up the DagBag from /opt/airflow/dags/urbanmove_nightly.py
[2026-06-28T14:45:15.586+0000] {processor.py:840} INFO - DAG(s) 'urbanmove_nightly_pipeline' retrieved from /opt/airflow/dags/urbanmove_nightly.py
[2026-06-28T14:45:15.602+0000] {logging_mixin.py:188} INFO - [2026-06-28T14:45:15.602+0000] {dag.py:3096} INFO - Sync 1 DAGs
[2026-06-28T14:45:15.611+0000] {logging_mixin.py:188} INFO - [2026-06-28T14:45:15.611+0000] {dag.py:3954} INFO - Setting next_dagrun for urbanmove_nightly_pipeline to 2026-06-28 02:00:00+00:00, run_after=2026-06-29 02:00:00+00:00
[2026-06-28T14:45:15.618+0000] {processor.py:183} INFO - Processing /opt/airflow/dags/urbanmove_nightly.py took 0.048 seconds
[2026-06-28T14:45:45.781+0000] {processor.py:161} INFO - Started process (PID=1640) to work on /opt/airflow/dags/urbanmove_nightly.py
[2026-06-28T14:45:45.781+0000] {processor.py:830} INFO - Processing file /opt/airflow/dags/urbanmove_nightly.py for tasks to queue
[2026-06-28T14:45:45.783+0000] {logging_mixin.py:188} INFO - [2026-06-28T14:45:45.782+0000] {dagbag.py:545} INFO - Filling up the DagBag from /opt/airflow/dags/urbanmove_nightly.py
[2026-06-28T14:45:45.791+0000] {processor.py:840} INFO - DAG(s) 'urbanmove_nightly_pipeline' retrieved from /opt/airflow/dags/urbanmove_nightly.py
[2026-06-28T14:45:45.806+0000] {logging_mixin.py:188} INFO - [2026-06-28T14:45:45.806+0000] {dag.py:3096} INFO - Sync 1 DAGs
[2026-06-28T14:45:45.816+0000] {logging_mixin.py:188} INFO - [2026-06-28T14:45:45.816+0000] {dag.py:3954} INFO - Setting next_dagrun for urbanmove_nightly_pipeline to 2026-06-28 02:00:00+00:00, run_after=2026-06-29 02:00:00+00:00
[2026-06-28T14:45:45.823+0000] {processor.py:183} INFO - Processing /opt/airflow/dags/urbanmove_nightly.py took 0.047 seconds
[2026-06-28T14:46:15.984+0000] {processor.py:161} INFO - Started process (PID=1651) to work on /opt/airflow/dags/urbanmove_nightly.py
[2026-06-28T14:46:15.985+0000] {processor.py:830} INFO - Processing file /opt/airflow/dags/urbanmove_nightly.py for tasks to queue
[2026-06-28T14:46:15.986+0000] {logging_mixin.py:188} INFO - [2026-06-28T14:46:15.986+0000] {dagbag.py:545} INFO - Filling up the DagBag from /opt/airflow/dags/urbanmove_nightly.py
[2026-06-28T14:46:15.995+0000] {processor.py:840} INFO - DAG(s) 'urbanmove_nightly_pipeline' retrieved from /opt/airflow/dags/urbanmove_nightly.py
[2026-06-28T14:46:16.012+0000] {logging_mixin.py:188} INFO - [2026-06-28T14:46:16.012+0000] {dag.py:3096} INFO - Sync 1 DAGs
[2026-06-28T14:46:16.021+0000] {logging_mixin.py:188} INFO - [2026-06-28T14:46:16.021+0000] {dag.py:3954} INFO - Setting next_dagrun for urbanmove_nightly_pipeline to 2026-06-28 02:00:00+00:00, run_after=2026-06-29 02:00:00+00:00
[2026-06-28T14:46:16.028+0000] {processor.py:183} INFO - Processing /opt/airflow/dags/urbanmove_nightly.py took 0.049 seconds
[2026-06-28T14:46:46.192+0000] {processor.py:161} INFO - Started process (PID=1656) to work on /opt/airflow/dags/urbanmove_nightly.py
[2026-06-28T14:46:46.193+0000] {processor.py:830} INFO - Processing file /opt/airflow/dags/urbanmove_nightly.py for tasks to queue
[2026-06-28T14:46:46.194+0000] {logging_mixin.py:188} INFO - [2026-06-28T14:46:46.194+0000] {dagbag.py:545} INFO - Filling up the DagBag from /opt/airflow/dags/urbanmove_nightly.py
[2026-06-28T14:46:46.202+0000] {processor.py:840} INFO - DAG(s) 'urbanmove_nightly_pipeline' retrieved from /opt/airflow/dags/urbanmove_nightly.py
[2026-06-28T14:46:46.219+0000] {logging_mixin.py:188} INFO - [2026-06-28T14:46:46.219+0000] {dag.py:3096} INFO - Sync 1 DAGs
[2026-06-28T14:46:46.232+0000] {logging_mixin.py:188} INFO - [2026-06-28T14:46:46.231+0000] {dag.py:3954} INFO - Setting next_dagrun for urbanmove_nightly_pipeline to 2026-06-28 02:00:00+00:00, run_after=2026-06-29 02:00:00+00:00
[2026-06-28T14:46:46.240+0000] {processor.py:183} INFO - Processing /opt/airflow/dags/urbanmove_nightly.py took 0.051 seconds
[2026-06-28T14:47:16.400+0000] {processor.py:161} INFO - Started process (PID=1661) to work on /opt/airflow/dags/urbanmove_nightly.py
[2026-06-28T14:47:16.401+0000] {processor.py:830} INFO - Processing file /opt/airflow/dags/urbanmove_nightly.py for tasks to queue
[2026-06-28T14:47:16.402+0000] {logging_mixin.py:188} INFO - [2026-06-28T14:47:16.401+0000] {dagbag.py:545} INFO - Filling up the DagBag from /opt/airflow/dags/urbanmove_nightly.py
[2026-06-28T14:47:16.408+0000] {processor.py:840} INFO - DAG(s) 'urbanmove_nightly_pipeline' retrieved from /opt/airflow/dags/urbanmove_nightly.py
[2026-06-28T14:47:16.423+0000] {logging_mixin.py:188} INFO - [2026-06-28T14:47:16.422+0000] {dag.py:3096} INFO - Sync 1 DAGs
[2026-06-28T14:47:16.433+0000] {logging_mixin.py:188} INFO - [2026-06-28T14:47:16.433+0000] {dag.py:3954} INFO - Setting next_dagrun for urbanmove_nightly_pipeline to 2026-06-28 02:00:00+00:00, run_after=2026-06-29 02:00:00+00:00
[2026-06-28T14:47:16.439+0000] {processor.py:183} INFO - Processing /opt/airflow/dags/urbanmove_nightly.py took 0.044 seconds
[2026-06-28T14:47:21.429+0000] {processor.py:161} INFO - Started process (PID=1666) to work on /opt/airflow/dags/urbanmove_nightly.py
[2026-06-28T14:47:21.430+0000] {processor.py:830} INFO - Processing file /opt/airflow/dags/urbanmove_nightly.py for tasks to queue
[2026-06-28T14:47:21.431+0000] {logging_mixin.py:188} INFO - [2026-06-28T14:47:21.431+0000] {dagbag.py:545} INFO - Filling up the DagBag from /opt/airflow/dags/urbanmove_nightly.py
[2026-06-28T14:47:21.441+0000] {processor.py:840} INFO - DAG(s) 'urbanmove_nightly_pipeline' retrieved from /opt/airflow/dags/urbanmove_nightly.py
[2026-06-28T14:47:21.536+0000] {logging_mixin.py:188} INFO - [2026-06-28T14:47:21.536+0000] {dag.py:3096} INFO - Sync 1 DAGs
[2026-06-28T14:47:21.555+0000] {logging_mixin.py:188} INFO - [2026-06-28T14:47:21.554+0000] {dag.py:3954} INFO - Setting next_dagrun for urbanmove_nightly_pipeline to 2026-06-28 02:00:00+00:00, run_after=2026-06-29 02:00:00+00:00
[2026-06-28T14:47:21.580+0000] {processor.py:183} INFO - Processing /opt/airflow/dags/urbanmove_nightly.py took 0.155 seconds
[2026-06-28T14:47:51.665+0000] {processor.py:161} INFO - Started process (PID=1671) to work on /opt/airflow/dags/urbanmove_nightly.py
[2026-06-28T14:47:51.665+0000] {processor.py:830} INFO - Processing file /opt/airflow/dags/urbanmove_nightly.py for tasks to queue
[2026-06-28T14:47:51.666+0000] {logging_mixin.py:188} INFO - [2026-06-28T14:47:51.666+0000] {dagbag.py:545} INFO - Filling up the DagBag from /opt/airflow/dags/urbanmove_nightly.py
[2026-06-28T14:47:51.673+0000] {processor.py:840} INFO - DAG(s) 'urbanmove_nightly_pipeline' retrieved from /opt/airflow/dags/urbanmove_nightly.py
[2026-06-28T14:47:51.690+0000] {logging_mixin.py:188} INFO - [2026-06-28T14:47:51.690+0000] {dag.py:3096} INFO - Sync 1 DAGs
[2026-06-28T14:47:51.702+0000] {logging_mixin.py:188} INFO - [2026-06-28T14:47:51.701+0000] {dag.py:3954} INFO - Setting next_dagrun for urbanmove_nightly_pipeline to 2026-06-28 02:00:00+00:00, run_after=2026-06-29 02:00:00+00:00
[2026-06-28T14:47:51.710+0000] {processor.py:183} INFO - Processing /opt/airflow/dags/urbanmove_nightly.py took 0.051 seconds
[2026-06-28T14:48:21.873+0000] {processor.py:161} INFO - Started process (PID=1704) to work on /opt/airflow/dags/urbanmove_nightly.py
[2026-06-28T14:48:21.873+0000] {processor.py:830} INFO - Processing file /opt/airflow/dags/urbanmove_nightly.py for tasks to queue
[2026-06-28T14:48:21.874+0000] {logging_mixin.py:188} INFO - [2026-06-28T14:48:21.874+0000] {dagbag.py:545} INFO - Filling up the DagBag from /opt/airflow/dags/urbanmove_nightly.py
[2026-06-28T14:48:21.883+0000] {processor.py:840} INFO - DAG(s) 'urbanmove_nightly_pipeline' retrieved from /opt/airflow/dags/urbanmove_nightly.py
[2026-06-28T14:48:21.896+0000] {logging_mixin.py:188} INFO - [2026-06-28T14:48:21.896+0000] {dag.py:3096} INFO - Sync 1 DAGs
[2026-06-28T14:48:21.904+0000] {logging_mixin.py:188} INFO - [2026-06-28T14:48:21.904+0000] {dag.py:3954} INFO - Setting next_dagrun for urbanmove_nightly_pipeline to 2026-06-28 02:00:00+00:00, run_after=2026-06-29 02:00:00+00:00
[2026-06-28T14:48:21.911+0000] {processor.py:183} INFO - Processing /opt/airflow/dags/urbanmove_nightly.py took 0.041 seconds
[2026-06-28T14:48:51.997+0000] {processor.py:161} INFO - Started process (PID=1709) to work on /opt/airflow/dags/urbanmove_nightly.py
[2026-06-28T14:48:51.997+0000] {processor.py:830} INFO - Processing file /opt/airflow/dags/urbanmove_nightly.py for tasks to queue
[2026-06-28T14:48:51.998+0000] {logging_mixin.py:188} INFO - [2026-06-28T14:48:51.998+0000] {dagbag.py:545} INFO - Filling up the DagBag from /opt/airflow/dags/urbanmove_nightly.py
[2026-06-28T14:48:52.003+0000] {processor.py:840} INFO - DAG(s) 'urbanmove_nightly_pipeline' retrieved from /opt/airflow/dags/urbanmove_nightly.py
[2026-06-28T14:48:52.015+0000] {logging_mixin.py:188} INFO - [2026-06-28T14:48:52.015+0000] {dag.py:3096} INFO - Sync 1 DAGs
[2026-06-28T14:48:52.024+0000] {logging_mixin.py:188} INFO - [2026-06-28T14:48:52.024+0000] {dag.py:3954} INFO - Setting next_dagrun for urbanmove_nightly_pipeline to 2026-06-28 02:00:00+00:00, run_after=2026-06-29 02:00:00+00:00
[2026-06-28T14:48:52.030+0000] {processor.py:183} INFO - Processing /opt/airflow/dags/urbanmove_nightly.py took 0.037 seconds
[2026-06-28T14:49:22.202+0000] {processor.py:161} INFO - Started process (PID=1720) to work on /opt/airflow/dags/urbanmove_nightly.py
[2026-06-28T14:49:22.203+0000] {processor.py:830} INFO - Processing file /opt/airflow/dags/urbanmove_nightly.py for tasks to queue
[2026-06-28T14:49:22.205+0000] {logging_mixin.py:188} INFO - [2026-06-28T14:49:22.204+0000] {dagbag.py:545} INFO - Filling up the DagBag from /opt/airflow/dags/urbanmove_nightly.py
[2026-06-28T14:49:22.214+0000] {processor.py:840} INFO - DAG(s) 'urbanmove_nightly_pipeline' retrieved from /opt/airflow/dags/urbanmove_nightly.py
[2026-06-28T14:49:22.232+0000] {logging_mixin.py:188} INFO - [2026-06-28T14:49:22.232+0000] {dag.py:3096} INFO - Sync 1 DAGs
[2026-06-28T14:49:22.242+0000] {logging_mixin.py:188} INFO - [2026-06-28T14:49:22.242+0000] {dag.py:3954} INFO - Setting next_dagrun for urbanmove_nightly_pipeline to 2026-06-28 02:00:00+00:00, run_after=2026-06-29 02:00:00+00:00
[2026-06-28T14:49:22.248+0000] {processor.py:183} INFO - Processing /opt/airflow/dags/urbanmove_nightly.py took 0.051 seconds
[2026-06-28T14:49:52.403+0000] {processor.py:161} INFO - Started process (PID=1725) to work on /opt/airflow/dags/urbanmove_nightly.py
[2026-06-28T14:49:52.404+0000] {processor.py:830} INFO - Processing file /opt/airflow/dags/urbanmove_nightly.py for tasks to queue
[2026-06-28T14:49:52.405+0000] {logging_mixin.py:188} INFO - [2026-06-28T14:49:52.405+0000] {dagbag.py:545} INFO - Filling up the DagBag from /opt/airflow/dags/urbanmove_nightly.py
[2026-06-28T14:49:52.412+0000] {processor.py:840} INFO - DAG(s) 'urbanmove_nightly_pipeline' retrieved from /opt/airflow/dags/urbanmove_nightly.py
[2026-06-28T14:49:52.427+0000] {logging_mixin.py:188} INFO - [2026-06-28T14:49:52.427+0000] {dag.py:3096} INFO - Sync 1 DAGs
[2026-06-28T14:49:52.436+0000] {logging_mixin.py:188} INFO - [2026-06-28T14:49:52.436+0000] {dag.py:3954} INFO - Setting next_dagrun for urbanmove_nightly_pipeline to 2026-06-28 02:00:00+00:00, run_after=2026-06-29 02:00:00+00:00
[2026-06-28T14:49:52.442+0000] {processor.py:183} INFO - Processing /opt/airflow/dags/urbanmove_nightly.py took 0.042 seconds
[2026-06-28T14:50:22.601+0000] {processor.py:161} INFO - Started process (PID=1733) to work on /opt/airflow/dags/urbanmove_nightly.py
[2026-06-28T14:50:22.601+0000] {processor.py:830} INFO - Processing file /opt/airflow/dags/urbanmove_nightly.py for tasks to queue
[2026-06-28T14:50:22.603+0000] {logging_mixin.py:188} INFO - [2026-06-28T14:50:22.603+0000] {dagbag.py:545} INFO - Filling up the DagBag from /opt/airflow/dags/urbanmove_nightly.py
[2026-06-28T14:50:22.614+0000] {processor.py:840} INFO - DAG(s) 'urbanmove_nightly_pipeline' retrieved from /opt/airflow/dags/urbanmove_nightly.py
[2026-06-28T14:50:22.632+0000] {logging_mixin.py:188} INFO - [2026-06-28T14:50:22.632+0000] {dag.py:3096} INFO - Sync 1 DAGs
[2026-06-28T14:50:22.641+0000] {logging_mixin.py:188} INFO - [2026-06-28T14:50:22.641+0000] {dag.py:3954} INFO - Setting next_dagrun for urbanmove_nightly_pipeline to 2026-06-28 02:00:00+00:00, run_after=2026-06-29 02:00:00+00:00
[2026-06-28T14:50:22.647+0000] {processor.py:183} INFO - Processing /opt/airflow/dags/urbanmove_nightly.py took 0.053 seconds
[2026-06-28T14:50:52.810+0000] {processor.py:161} INFO - Started process (PID=1738) to work on /opt/airflow/dags/urbanmove_nightly.py
[2026-06-28T14:50:52.811+0000] {processor.py:830} INFO - Processing file /opt/airflow/dags/urbanmove_nightly.py for tasks to queue
[2026-06-28T14:50:52.812+0000] {logging_mixin.py:188} INFO - [2026-06-28T14:50:52.812+0000] {dagbag.py:545} INFO - Filling up the DagBag from /opt/airflow/dags/urbanmove_nightly.py
[2026-06-28T14:50:52.819+0000] {processor.py:840} INFO - DAG(s) 'urbanmove_nightly_pipeline' retrieved from /opt/airflow/dags/urbanmove_nightly.py
[2026-06-28T14:50:52.834+0000] {logging_mixin.py:188} INFO - [2026-06-28T14:50:52.834+0000] {dag.py:3096} INFO - Sync 1 DAGs
[2026-06-28T14:50:52.847+0000] {logging_mixin.py:188} INFO - [2026-06-28T14:50:52.847+0000] {dag.py:3954} INFO - Setting next_dagrun for urbanmove_nightly_pipeline to 2026-06-28 02:00:00+00:00, run_after=2026-06-29 02:00:00+00:00
[2026-06-28T14:50:52.858+0000] {processor.py:183} INFO - Processing /opt/airflow/dags/urbanmove_nightly.py took 0.052 seconds
[2026-06-28T14:51:22.996+0000] {processor.py:161} INFO - Started process (PID=1746) to work on /opt/airflow/dags/urbanmove_nightly.py
[2026-06-28T14:51:22.996+0000] {processor.py:830} INFO - Processing file /opt/airflow/dags/urbanmove_nightly.py for tasks to queue
[2026-06-28T14:51:22.998+0000] {logging_mixin.py:188} INFO - [2026-06-28T14:51:22.998+0000] {dagbag.py:545} INFO - Filling up the DagBag from /opt/airflow/dags/urbanmove_nightly.py
[2026-06-28T14:51:23.007+0000] {processor.py:840} INFO - DAG(s) 'urbanmove_nightly_pipeline' retrieved from /opt/airflow/dags/urbanmove_nightly.py
[2026-06-28T14:51:23.025+0000] {logging_mixin.py:188} INFO - [2026-06-28T14:51:23.025+0000] {dag.py:3096} INFO - Sync 1 DAGs
[2026-06-28T14:51:23.034+0000] {logging_mixin.py:188} INFO - [2026-06-28T14:51:23.034+0000] {dag.py:3954} INFO - Setting next_dagrun for urbanmove_nightly_pipeline to 2026-06-28 02:00:00+00:00, run_after=2026-06-29 02:00:00+00:00
[2026-06-28T14:51:23.041+0000] {processor.py:183} INFO - Processing /opt/airflow/dags/urbanmove_nightly.py took 0.051 seconds
[2026-06-28T14:51:53.201+0000] {processor.py:161} INFO - Started process (PID=1751) to work on /opt/airflow/dags/urbanmove_nightly.py
[2026-06-28T14:51:53.201+0000] {processor.py:830} INFO - Processing file /opt/airflow/dags/urbanmove_nightly.py for tasks to queue
[2026-06-28T14:51:53.202+0000] {logging_mixin.py:188} INFO - [2026-06-28T14:51:53.202+0000] {dagbag.py:545} INFO - Filling up the DagBag from /opt/airflow/dags/urbanmove_nightly.py
[2026-06-28T14:51:53.208+0000] {processor.py:840} INFO - DAG(s) 'urbanmove_nightly_pipeline' retrieved from /opt/airflow/dags/urbanmove_nightly.py
[2026-06-28T14:51:53.219+0000] {logging_mixin.py:188} INFO - [2026-06-28T14:51:53.219+0000] {dag.py:3096} INFO - Sync 1 DAGs
[2026-06-28T14:51:53.227+0000] {logging_mixin.py:188} INFO - [2026-06-28T14:51:53.226+0000] {dag.py:3954} INFO - Setting next_dagrun for urbanmove_nightly_pipeline to 2026-06-28 02:00:00+00:00, run_after=2026-06-29 02:00:00+00:00
[2026-06-28T14:51:53.233+0000] {processor.py:183} INFO - Processing /opt/airflow/dags/urbanmove_nightly.py took 0.037 seconds
[2026-06-28T14:52:23.363+0000] {processor.py:161} INFO - Started process (PID=1756) to work on /opt/airflow/dags/urbanmove_nightly.py
[2026-06-28T14:52:23.364+0000] {processor.py:830} INFO - Processing file /opt/airflow/dags/urbanmove_nightly.py for tasks to queue
[2026-06-28T14:52:23.365+0000] {logging_mixin.py:188} INFO - [2026-06-28T14:52:23.365+0000] {dagbag.py:545} INFO - Filling up the DagBag from /opt/airflow/dags/urbanmove_nightly.py
[2026-06-28T14:52:23.372+0000] {processor.py:840} INFO - DAG(s) 'urbanmove_nightly_pipeline' retrieved from /opt/airflow/dags/urbanmove_nightly.py
[2026-06-28T14:52:23.383+0000] {logging_mixin.py:188} INFO - [2026-06-28T14:52:23.383+0000] {dag.py:3096} INFO - Sync 1 DAGs
[2026-06-28T14:52:23.392+0000] {logging_mixin.py:188} INFO - [2026-06-28T14:52:23.392+0000] {dag.py:3954} INFO - Setting next_dagrun for urbanmove_nightly_pipeline to 2026-06-28 02:00:00+00:00, run_after=2026-06-29 02:00:00+00:00
[2026-06-28T14:52:23.397+0000] {processor.py:183} INFO - Processing /opt/airflow/dags/urbanmove_nightly.py took 0.040 seconds
[2026-06-28T14:52:53.564+0000] {processor.py:161} INFO - Started process (PID=1761) to work on /opt/airflow/dags/urbanmove_nightly.py
[2026-06-28T14:52:53.565+0000] {processor.py:830} INFO - Processing file /opt/airflow/dags/urbanmove_nightly.py for tasks to queue
[2026-06-28T14:52:53.566+0000] {logging_mixin.py:188} INFO - [2026-06-28T14:52:53.566+0000] {dagbag.py:545} INFO - Filling up the DagBag from /opt/airflow/dags/urbanmove_nightly.py
[2026-06-28T14:52:53.572+0000] {processor.py:840} INFO - DAG(s) 'urbanmove_nightly_pipeline' retrieved from /opt/airflow/dags/urbanmove_nightly.py
[2026-06-28T14:52:53.586+0000] {logging_mixin.py:188} INFO - [2026-06-28T14:52:53.586+0000] {dag.py:3096} INFO - Sync 1 DAGs
[2026-06-28T14:52:53.595+0000] {logging_mixin.py:188} INFO - [2026-06-28T14:52:53.595+0000] {dag.py:3954} INFO - Setting next_dagrun for urbanmove_nightly_pipeline to 2026-06-28 02:00:00+00:00, run_after=2026-06-29 02:00:00+00:00
[2026-06-28T14:52:53.602+0000] {processor.py:183} INFO - Processing /opt/airflow/dags/urbanmove_nightly.py took 0.043 seconds
[2026-06-28T14:53:23.767+0000] {processor.py:161} INFO - Started process (PID=1766) to work on /opt/airflow/dags/urbanmove_nightly.py
[2026-06-28T14:53:23.768+0000] {processor.py:830} INFO - Processing file /opt/airflow/dags/urbanmove_nightly.py for tasks to queue
[2026-06-28T14:53:23.770+0000] {logging_mixin.py:188} INFO - [2026-06-28T14:53:23.770+0000] {dagbag.py:545} INFO - Filling up the DagBag from /opt/airflow/dags/urbanmove_nightly.py
[2026-06-28T14:53:23.779+0000] {processor.py:840} INFO - DAG(s) 'urbanmove_nightly_pipeline' retrieved from /opt/airflow/dags/urbanmove_nightly.py
[2026-06-28T14:53:23.798+0000] {logging_mixin.py:188} INFO - [2026-06-28T14:53:23.797+0000] {dag.py:3096} INFO - Sync 1 DAGs
[2026-06-28T14:53:23.808+0000] {logging_mixin.py:188} INFO - [2026-06-28T14:53:23.807+0000] {dag.py:3954} INFO - Setting next_dagrun for urbanmove_nightly_pipeline to 2026-06-28 02:00:00+00:00, run_after=2026-06-29 02:00:00+00:00
[2026-06-28T14:53:23.814+0000] {processor.py:183} INFO - Processing /opt/airflow/dags/urbanmove_nightly.py took 0.053 seconds
[2026-06-28T14:53:53.964+0000] {processor.py:161} INFO - Started process (PID=1771) to work on /opt/airflow/dags/urbanmove_nightly.py
[2026-06-28T14:53:53.965+0000] {processor.py:830} INFO - Processing file /opt/airflow/dags/urbanmove_nightly.py for tasks to queue
[2026-06-28T14:53:53.967+0000] {logging_mixin.py:188} INFO - [2026-06-28T14:53:53.967+0000] {dagbag.py:545} INFO - Filling up the DagBag from /opt/airflow/dags/urbanmove_nightly.py
[2026-06-28T14:53:53.979+0000] {processor.py:840} INFO - DAG(s) 'urbanmove_nightly_pipeline' retrieved from /opt/airflow/dags/urbanmove_nightly.py
[2026-06-28T14:53:53.996+0000] {logging_mixin.py:188} INFO - [2026-06-28T14:53:53.996+0000] {dag.py:3096} INFO - Sync 1 DAGs
[2026-06-28T14:53:54.005+0000] {logging_mixin.py:188} INFO - [2026-06-28T14:53:54.004+0000] {dag.py:3954} INFO - Setting next_dagrun for urbanmove_nightly_pipeline to 2026-06-28 02:00:00+00:00, run_after=2026-06-29 02:00:00+00:00
[2026-06-28T14:53:54.011+0000] {processor.py:183} INFO - Processing /opt/airflow/dags/urbanmove_nightly.py took 0.053 seconds
[2026-06-28T14:54:24.160+0000] {processor.py:161} INFO - Started process (PID=1779) to work on /opt/airflow/dags/urbanmove_nightly.py
[2026-06-28T14:54:24.161+0000] {processor.py:830} INFO - Processing file /opt/airflow/dags/urbanmove_nightly.py for tasks to queue
[2026-06-28T14:54:24.163+0000] {logging_mixin.py:188} INFO - [2026-06-28T14:54:24.162+0000] {dagbag.py:545} INFO - Filling up the DagBag from /opt/airflow/dags/urbanmove_nightly.py
[2026-06-28T14:54:24.172+0000] {processor.py:840} INFO - DAG(s) 'urbanmove_nightly_pipeline' retrieved from /opt/airflow/dags/urbanmove_nightly.py
[2026-06-28T14:54:24.189+0000] {logging_mixin.py:188} INFO - [2026-06-28T14:54:24.189+0000] {dag.py:3096} INFO - Sync 1 DAGs
[2026-06-28T14:54:24.198+0000] {logging_mixin.py:188} INFO - [2026-06-28T14:54:24.198+0000] {dag.py:3954} INFO - Setting next_dagrun for urbanmove_nightly_pipeline to 2026-06-28 02:00:00+00:00, run_after=2026-06-29 02:00:00+00:00
[2026-06-28T14:54:24.204+0000] {processor.py:183} INFO - Processing /opt/airflow/dags/urbanmove_nightly.py took 0.051 seconds
[2026-06-28T14:54:54.351+0000] {processor.py:161} INFO - Started process (PID=1784) to work on /opt/airflow/dags/urbanmove_nightly.py
[2026-06-28T14:54:54.353+0000] {processor.py:830} INFO - Processing file /opt/airflow/dags/urbanmove_nightly.py for tasks to queue
[2026-06-28T14:54:54.354+0000] {logging_mixin.py:188} INFO - [2026-06-28T14:54:54.354+0000] {dagbag.py:545} INFO - Filling up the DagBag from /opt/airflow/dags/urbanmove_nightly.py
[2026-06-28T14:54:54.363+0000] {processor.py:840} INFO - DAG(s) 'urbanmove_nightly_pipeline' retrieved from /opt/airflow/dags/urbanmove_nightly.py
[2026-06-28T14:54:54.380+0000] {logging_mixin.py:188} INFO - [2026-06-28T14:54:54.380+0000] {dag.py:3096} INFO - Sync 1 DAGs
[2026-06-28T14:54:54.390+0000] {logging_mixin.py:188} INFO - [2026-06-28T14:54:54.390+0000] {dag.py:3954} INFO - Setting next_dagrun for urbanmove_nightly_pipeline to 2026-06-28 02:00:00+00:00, run_after=2026-06-29 02:00:00+00:00
[2026-06-28T14:54:54.398+0000] {processor.py:183} INFO - Processing /opt/airflow/dags/urbanmove_nightly.py took 0.054 seconds
[2026-06-28T14:55:24.557+0000] {processor.py:161} INFO - Started process (PID=1789) to work on /opt/airflow/dags/urbanmove_nightly.py
[2026-06-28T14:55:24.558+0000] {processor.py:830} INFO - Processing file /opt/airflow/dags/urbanmove_nightly.py for tasks to queue
[2026-06-28T14:55:24.560+0000] {logging_mixin.py:188} INFO - [2026-06-28T14:55:24.559+0000] {dagbag.py:545} INFO - Filling up the DagBag from /opt/airflow/dags/urbanmove_nightly.py
[2026-06-28T14:55:24.570+0000] {processor.py:840} INFO - DAG(s) 'urbanmove_nightly_pipeline' retrieved from /opt/airflow/dags/urbanmove_nightly.py
[2026-06-28T14:55:24.591+0000] {logging_mixin.py:188} INFO - [2026-06-28T14:55:24.591+0000] {dag.py:3096} INFO - Sync 1 DAGs
[2026-06-28T14:55:24.601+0000] {logging_mixin.py:188} INFO - [2026-06-28T14:55:24.601+0000] {dag.py:3954} INFO - Setting next_dagrun for urbanmove_nightly_pipeline to 2026-06-28 02:00:00+00:00, run_after=2026-06-29 02:00:00+00:00
[2026-06-28T14:55:24.607+0000] {processor.py:183} INFO - Processing /opt/airflow/dags/urbanmove_nightly.py took 0.056 seconds
[2026-06-28T14:55:54.766+0000] {processor.py:161} INFO - Started process (PID=1794) to work on /opt/airflow/dags/urbanmove_nightly.py
[2026-06-28T14:55:54.767+0000] {processor.py:830} INFO - Processing file /opt/airflow/dags/urbanmove_nightly.py for tasks to queue
[2026-06-28T14:55:54.768+0000] {logging_mixin.py:188} INFO - [2026-06-28T14:55:54.768+0000] {dagbag.py:545} INFO - Filling up the DagBag from /opt/airflow/dags/urbanmove_nightly.py
[2026-06-28T14:55:54.776+0000] {processor.py:840} INFO - DAG(s) 'urbanmove_nightly_pipeline' retrieved from /opt/airflow/dags/urbanmove_nightly.py
[2026-06-28T14:55:54.792+0000] {logging_mixin.py:188} INFO - [2026-06-28T14:55:54.792+0000] {dag.py:3096} INFO - Sync 1 DAGs
[2026-06-28T14:55:54.801+0000] {logging_mixin.py:188} INFO - [2026-06-28T14:55:54.801+0000] {dag.py:3954} INFO - Setting next_dagrun for urbanmove_nightly_pipeline to 2026-06-28 02:00:00+00:00, run_after=2026-06-29 02:00:00+00:00
[2026-06-28T14:55:54.807+0000] {processor.py:183} INFO - Processing /opt/airflow/dags/urbanmove_nightly.py took 0.046 seconds
[2026-06-28T14:56:24.980+0000] {processor.py:161} INFO - Started process (PID=1799) to work on /opt/airflow/dags/urbanmove_nightly.py
[2026-06-28T14:56:24.981+0000] {processor.py:830} INFO - Processing file /opt/airflow/dags/urbanmove_nightly.py for tasks to queue
[2026-06-28T14:56:24.983+0000] {logging_mixin.py:188} INFO - [2026-06-28T14:56:24.982+0000] {dagbag.py:545} INFO - Filling up the DagBag from /opt/airflow/dags/urbanmove_nightly.py
[2026-06-28T14:56:24.992+0000] {processor.py:840} INFO - DAG(s) 'urbanmove_nightly_pipeline' retrieved from /opt/airflow/dags/urbanmove_nightly.py
[2026-06-28T14:56:25.011+0000] {logging_mixin.py:188} INFO - [2026-06-28T14:56:25.011+0000] {dag.py:3096} INFO - Sync 1 DAGs
[2026-06-28T14:56:25.020+0000] {logging_mixin.py:188} INFO - [2026-06-28T14:56:25.020+0000] {dag.py:3954} INFO - Setting next_dagrun for urbanmove_nightly_pipeline to 2026-06-28 02:00:00+00:00, run_after=2026-06-29 02:00:00+00:00
[2026-06-28T14:56:25.027+0000] {processor.py:183} INFO - Processing /opt/airflow/dags/urbanmove_nightly.py took 0.051 seconds
[2026-06-28T15:25:54.482+0000] {processor.py:161} INFO - Started process (PID=196) to work on /opt/airflow/dags/urbanmove_nightly.py
[2026-06-28T15:25:54.485+0000] {processor.py:830} INFO - Processing file /opt/airflow/dags/urbanmove_nightly.py for tasks to queue
[2026-06-28T15:25:54.486+0000] {logging_mixin.py:188} INFO - [2026-06-28T15:25:54.486+0000] {dagbag.py:545} INFO - Filling up the DagBag from /opt/airflow/dags/urbanmove_nightly.py
[2026-06-28T15:25:54.494+0000] {processor.py:840} INFO - DAG(s) 'urbanmove_nightly_pipeline' retrieved from /opt/airflow/dags/urbanmove_nightly.py
[2026-06-28T15:25:54.552+0000] {logging_mixin.py:188} INFO - [2026-06-28T15:25:54.552+0000] {override.py:1829} INFO - Created Permission View: can read on DAG:urbanmove_nightly_pipeline
[2026-06-28T15:25:54.555+0000] {logging_mixin.py:188} INFO - [2026-06-28T15:25:54.555+0000] {override.py:1829} INFO - Created Permission View: can delete on DAG:urbanmove_nightly_pipeline
[2026-06-28T15:25:54.557+0000] {logging_mixin.py:188} INFO - [2026-06-28T15:25:54.557+0000] {override.py:1829} INFO - Created Permission View: can edit on DAG:urbanmove_nightly_pipeline
[2026-06-28T15:25:54.557+0000] {logging_mixin.py:188} INFO - [2026-06-28T15:25:54.557+0000] {dag.py:3096} INFO - Sync 1 DAGs
[2026-06-28T15:25:54.563+0000] {logging_mixin.py:188} INFO - [2026-06-28T15:25:54.563+0000] {dag.py:3118} INFO - Creating ORM DAG for urbanmove_nightly_pipeline
[2026-06-28T15:25:54.568+0000] {logging_mixin.py:188} INFO - [2026-06-28T15:25:54.568+0000] {dag.py:3954} INFO - Setting next_dagrun for urbanmove_nightly_pipeline to 2026-06-27 02:00:00+00:00, run_after=2026-06-28 02:00:00+00:00
[2026-06-28T15:25:54.578+0000] {processor.py:183} INFO - Processing /opt/airflow/dags/urbanmove_nightly.py took 0.098 seconds
[2026-06-28T15:26:24.676+0000] {processor.py:161} INFO - Started process (PID=222) to work on /opt/airflow/dags/urbanmove_nightly.py
[2026-06-28T15:26:24.677+0000] {processor.py:830} INFO - Processing file /opt/airflow/dags/urbanmove_nightly.py for tasks to queue
[2026-06-28T15:26:24.678+0000] {logging_mixin.py:188} INFO - [2026-06-28T15:26:24.678+0000] {dagbag.py:545} INFO - Filling up the DagBag from /opt/airflow/dags/urbanmove_nightly.py
[2026-06-28T15:26:24.687+0000] {processor.py:840} INFO - DAG(s) 'urbanmove_nightly_pipeline' retrieved from /opt/airflow/dags/urbanmove_nightly.py
[2026-06-28T15:26:24.704+0000] {logging_mixin.py:188} INFO - [2026-06-28T15:26:24.704+0000] {dag.py:3096} INFO - Sync 1 DAGs
[2026-06-28T15:26:24.714+0000] {logging_mixin.py:188} INFO - [2026-06-28T15:26:24.714+0000] {dag.py:3954} INFO - Setting next_dagrun for urbanmove_nightly_pipeline to 2026-06-27 02:00:00+00:00, run_after=2026-06-28 02:00:00+00:00
[2026-06-28T15:26:24.720+0000] {processor.py:183} INFO - Processing /opt/airflow/dags/urbanmove_nightly.py took 0.049 seconds
[2026-06-28T15:26:54.931+0000] {processor.py:161} INFO - Started process (PID=227) to work on /opt/airflow/dags/urbanmove_nightly.py
[2026-06-28T15:26:54.932+0000] {processor.py:830} INFO - Processing file /opt/airflow/dags/urbanmove_nightly.py for tasks to queue
[2026-06-28T15:26:54.933+0000] {logging_mixin.py:188} INFO - [2026-06-28T15:26:54.933+0000] {dagbag.py:545} INFO - Filling up the DagBag from /opt/airflow/dags/urbanmove_nightly.py
[2026-06-28T15:26:54.938+0000] {processor.py:840} INFO - DAG(s) 'urbanmove_nightly_pipeline' retrieved from /opt/airflow/dags/urbanmove_nightly.py
[2026-06-28T15:26:54.954+0000] {logging_mixin.py:188} INFO - [2026-06-28T15:26:54.954+0000] {dag.py:3096} INFO - Sync 1 DAGs
[2026-06-28T15:26:54.963+0000] {logging_mixin.py:188} INFO - [2026-06-28T15:26:54.963+0000] {dag.py:3954} INFO - Setting next_dagrun for urbanmove_nightly_pipeline to 2026-06-27 02:00:00+00:00, run_after=2026-06-28 02:00:00+00:00
[2026-06-28T15:26:54.970+0000] {processor.py:183} INFO - Processing /opt/airflow/dags/urbanmove_nightly.py took 0.042 seconds
[2026-06-28T15:27:25.092+0000] {processor.py:161} INFO - Started process (PID=232) to work on /opt/airflow/dags/urbanmove_nightly.py
[2026-06-28T15:27:25.092+0000] {processor.py:830} INFO - Processing file /opt/airflow/dags/urbanmove_nightly.py for tasks to queue
[2026-06-28T15:27:25.093+0000] {logging_mixin.py:188} INFO - [2026-06-28T15:27:25.093+0000] {dagbag.py:545} INFO - Filling up the DagBag from /opt/airflow/dags/urbanmove_nightly.py
[2026-06-28T15:27:25.100+0000] {processor.py:840} INFO - DAG(s) 'urbanmove_nightly_pipeline' retrieved from /opt/airflow/dags/urbanmove_nightly.py
[2026-06-28T15:27:25.110+0000] {logging_mixin.py:188} INFO - [2026-06-28T15:27:25.110+0000] {dag.py:3096} INFO - Sync 1 DAGs
[2026-06-28T15:27:25.118+0000] {logging_mixin.py:188} INFO - [2026-06-28T15:27:25.118+0000] {dag.py:3954} INFO - Setting next_dagrun for urbanmove_nightly_pipeline to 2026-06-27 02:00:00+00:00, run_after=2026-06-28 02:00:00+00:00
[2026-06-28T15:27:25.124+0000] {processor.py:183} INFO - Processing /opt/airflow/dags/urbanmove_nightly.py took 0.036 seconds
[2026-06-28T15:27:55.269+0000] {processor.py:161} INFO - Started process (PID=237) to work on /opt/airflow/dags/urbanmove_nightly.py
[2026-06-28T15:27:55.270+0000] {processor.py:830} INFO - Processing file /opt/airflow/dags/urbanmove_nightly.py for tasks to queue
[2026-06-28T15:27:55.270+0000] {logging_mixin.py:188} INFO - [2026-06-28T15:27:55.270+0000] {dagbag.py:545} INFO - Filling up the DagBag from /opt/airflow/dags/urbanmove_nightly.py
[2026-06-28T15:27:55.275+0000] {processor.py:840} INFO - DAG(s) 'urbanmove_nightly_pipeline' retrieved from /opt/airflow/dags/urbanmove_nightly.py
[2026-06-28T15:27:55.286+0000] {logging_mixin.py:188} INFO - [2026-06-28T15:27:55.286+0000] {dag.py:3096} INFO - Sync 1 DAGs
[2026-06-28T15:27:55.294+0000] {logging_mixin.py:188} INFO - [2026-06-28T15:27:55.294+0000] {dag.py:3954} INFO - Setting next_dagrun for urbanmove_nightly_pipeline to 2026-06-27 02:00:00+00:00, run_after=2026-06-28 02:00:00+00:00
[2026-06-28T15:27:55.300+0000] {processor.py:183} INFO - Processing /opt/airflow/dags/urbanmove_nightly.py took 0.033 seconds
[2026-06-28T15:28:25.457+0000] {processor.py:161} INFO - Started process (PID=242) to work on /opt/airflow/dags/urbanmove_nightly.py
[2026-06-28T15:28:25.457+0000] {processor.py:830} INFO - Processing file /opt/airflow/dags/urbanmove_nightly.py for tasks to queue
[2026-06-28T15:28:25.459+0000] {logging_mixin.py:188} INFO - [2026-06-28T15:28:25.458+0000] {dagbag.py:545} INFO - Filling up the DagBag from /opt/airflow/dags/urbanmove_nightly.py
[2026-06-28T15:28:25.468+0000] {processor.py:840} INFO - DAG(s) 'urbanmove_nightly_pipeline' retrieved from /opt/airflow/dags/urbanmove_nightly.py
[2026-06-28T15:28:25.485+0000] {logging_mixin.py:188} INFO - [2026-06-28T15:28:25.485+0000] {dag.py:3096} INFO - Sync 1 DAGs
[2026-06-28T15:28:25.494+0000] {logging_mixin.py:188} INFO - [2026-06-28T15:28:25.494+0000] {dag.py:3954} INFO - Setting next_dagrun for urbanmove_nightly_pipeline to 2026-06-27 02:00:00+00:00, run_after=2026-06-28 02:00:00+00:00
[2026-06-28T15:28:25.500+0000] {processor.py:183} INFO - Processing /opt/airflow/dags/urbanmove_nightly.py took 0.049 seconds
[2026-06-28T15:28:55.643+0000] {processor.py:161} INFO - Started process (PID=247) to work on /opt/airflow/dags/urbanmove_nightly.py
[2026-06-28T15:28:55.643+0000] {processor.py:830} INFO - Processing file /opt/airflow/dags/urbanmove_nightly.py for tasks to queue
[2026-06-28T15:28:55.645+0000] {logging_mixin.py:188} INFO - [2026-06-28T15:28:55.644+0000] {dagbag.py:545} INFO - Filling up the DagBag from /opt/airflow/dags/urbanmove_nightly.py
[2026-06-28T15:28:55.654+0000] {processor.py:840} INFO - DAG(s) 'urbanmove_nightly_pipeline' retrieved from /opt/airflow/dags/urbanmove_nightly.py
[2026-06-28T15:28:55.668+0000] {logging_mixin.py:188} INFO - [2026-06-28T15:28:55.668+0000] {dag.py:3096} INFO - Sync 1 DAGs
[2026-06-28T15:28:55.677+0000] {logging_mixin.py:188} INFO - [2026-06-28T15:28:55.677+0000] {dag.py:3954} INFO - Setting next_dagrun for urbanmove_nightly_pipeline to 2026-06-27 02:00:00+00:00, run_after=2026-06-28 02:00:00+00:00
[2026-06-28T15:28:55.683+0000] {processor.py:183} INFO - Processing /opt/airflow/dags/urbanmove_nightly.py took 0.045 seconds
[2026-06-28T15:29:25.825+0000] {processor.py:161} INFO - Started process (PID=252) to work on /opt/airflow/dags/urbanmove_nightly.py
[2026-06-28T15:29:25.826+0000] {processor.py:830} INFO - Processing file /opt/airflow/dags/urbanmove_nightly.py for tasks to queue
[2026-06-28T15:29:25.828+0000] {logging_mixin.py:188} INFO - [2026-06-28T15:29:25.828+0000] {dagbag.py:545} INFO - Filling up the DagBag from /opt/airflow/dags/urbanmove_nightly.py
[2026-06-28T15:29:25.838+0000] {processor.py:840} INFO - DAG(s) 'urbanmove_nightly_pipeline' retrieved from /opt/airflow/dags/urbanmove_nightly.py
[2026-06-28T15:29:25.855+0000] {logging_mixin.py:188} INFO - [2026-06-28T15:29:25.855+0000] {dag.py:3096} INFO - Sync 1 DAGs
[2026-06-28T15:29:25.865+0000] {logging_mixin.py:188} INFO - [2026-06-28T15:29:25.865+0000] {dag.py:3954} INFO - Setting next_dagrun for urbanmove_nightly_pipeline to 2026-06-27 02:00:00+00:00, run_after=2026-06-28 02:00:00+00:00
[2026-06-28T15:29:25.871+0000] {processor.py:183} INFO - Processing /opt/airflow/dags/urbanmove_nightly.py took 0.050 seconds
[2026-06-28T15:29:56.064+0000] {processor.py:161} INFO - Started process (PID=257) to work on /opt/airflow/dags/urbanmove_nightly.py
[2026-06-28T15:29:56.065+0000] {processor.py:830} INFO - Processing file /opt/airflow/dags/urbanmove_nightly.py for tasks to queue
[2026-06-28T15:29:56.066+0000] {logging_mixin.py:188} INFO - [2026-06-28T15:29:56.066+0000] {dagbag.py:545} INFO - Filling up the DagBag from /opt/airflow/dags/urbanmove_nightly.py
[2026-06-28T15:29:56.075+0000] {processor.py:840} INFO - DAG(s) 'urbanmove_nightly_pipeline' retrieved from /opt/airflow/dags/urbanmove_nightly.py
[2026-06-28T15:29:56.091+0000] {logging_mixin.py:188} INFO - [2026-06-28T15:29:56.091+0000] {dag.py:3096} INFO - Sync 1 DAGs
[2026-06-28T15:29:56.100+0000] {logging_mixin.py:188} INFO - [2026-06-28T15:29:56.100+0000] {dag.py:3954} INFO - Setting next_dagrun for urbanmove_nightly_pipeline to 2026-06-27 02:00:00+00:00, run_after=2026-06-28 02:00:00+00:00
[2026-06-28T15:29:56.106+0000] {processor.py:183} INFO - Processing /opt/airflow/dags/urbanmove_nightly.py took 0.047 seconds
[2026-06-28T15:30:26.259+0000] {processor.py:161} INFO - Started process (PID=262) to work on /opt/airflow/dags/urbanmove_nightly.py
[2026-06-28T15:30:26.260+0000] {processor.py:830} INFO - Processing file /opt/airflow/dags/urbanmove_nightly.py for tasks to queue
[2026-06-28T15:30:26.261+0000] {logging_mixin.py:188} INFO - [2026-06-28T15:30:26.261+0000] {dagbag.py:545} INFO - Filling up the DagBag from /opt/airflow/dags/urbanmove_nightly.py
[2026-06-28T15:30:26.270+0000] {processor.py:840} INFO - DAG(s) 'urbanmove_nightly_pipeline' retrieved from /opt/airflow/dags/urbanmove_nightly.py
[2026-06-28T15:30:26.286+0000] {logging_mixin.py:188} INFO - [2026-06-28T15:30:26.286+0000] {dag.py:3096} INFO - Sync 1 DAGs
[2026-06-28T15:30:26.295+0000] {logging_mixin.py:188} INFO - [2026-06-28T15:30:26.295+0000] {dag.py:3954} INFO - Setting next_dagrun for urbanmove_nightly_pipeline to 2026-06-27 02:00:00+00:00, run_after=2026-06-28 02:00:00+00:00
[2026-06-28T15:30:26.301+0000] {processor.py:183} INFO - Processing /opt/airflow/dags/urbanmove_nightly.py took 0.047 seconds
[2026-06-28T15:30:56.460+0000] {processor.py:161} INFO - Started process (PID=267) to work on /opt/airflow/dags/urbanmove_nightly.py
[2026-06-28T15:30:56.461+0000] {processor.py:830} INFO - Processing file /opt/airflow/dags/urbanmove_nightly.py for tasks to queue
[2026-06-28T15:30:56.462+0000] {logging_mixin.py:188} INFO - [2026-06-28T15:30:56.462+0000] {dagbag.py:545} INFO - Filling up the DagBag from /opt/airflow/dags/urbanmove_nightly.py
[2026-06-28T15:30:56.471+0000] {processor.py:840} INFO - DAG(s) 'urbanmove_nightly_pipeline' retrieved from /opt/airflow/dags/urbanmove_nightly.py
[2026-06-28T15:30:56.487+0000] {logging_mixin.py:188} INFO - [2026-06-28T15:30:56.486+0000] {dag.py:3096} INFO - Sync 1 DAGs
[2026-06-28T15:30:56.495+0000] {logging_mixin.py:188} INFO - [2026-06-28T15:30:56.495+0000] {dag.py:3954} INFO - Setting next_dagrun for urbanmove_nightly_pipeline to 2026-06-27 02:00:00+00:00, run_after=2026-06-28 02:00:00+00:00
[2026-06-28T15:30:56.502+0000] {processor.py:183} INFO - Processing /opt/airflow/dags/urbanmove_nightly.py took 0.047 seconds
[2026-06-28T15:31:26.650+0000] {processor.py:161} INFO - Started process (PID=272) to work on /opt/airflow/dags/urbanmove_nightly.py
[2026-06-28T15:31:26.651+0000] {processor.py:830} INFO - Processing file /opt/airflow/dags/urbanmove_nightly.py for tasks to queue
[2026-06-28T15:31:26.652+0000] {logging_mixin.py:188} INFO - [2026-06-28T15:31:26.651+0000] {dagbag.py:545} INFO - Filling up the DagBag from /opt/airflow/dags/urbanmove_nightly.py
[2026-06-28T15:31:26.659+0000] {processor.py:840} INFO - DAG(s) 'urbanmove_nightly_pipeline' retrieved from /opt/airflow/dags/urbanmove_nightly.py
[2026-06-28T15:31:26.673+0000] {logging_mixin.py:188} INFO - [2026-06-28T15:31:26.672+0000] {dag.py:3096} INFO - Sync 1 DAGs
[2026-06-28T15:31:26.680+0000] {logging_mixin.py:188} INFO - [2026-06-28T15:31:26.680+0000] {dag.py:3954} INFO - Setting next_dagrun for urbanmove_nightly_pipeline to 2026-06-27 02:00:00+00:00, run_after=2026-06-28 02:00:00+00:00
[2026-06-28T15:31:26.687+0000] {processor.py:183} INFO - Processing /opt/airflow/dags/urbanmove_nightly.py took 0.040 seconds
[2026-06-28T15:31:56.828+0000] {processor.py:161} INFO - Started process (PID=277) to work on /opt/airflow/dags/urbanmove_nightly.py
[2026-06-28T15:31:56.829+0000] {processor.py:830} INFO - Processing file /opt/airflow/dags/urbanmove_nightly.py for tasks to queue
[2026-06-28T15:31:56.830+0000] {logging_mixin.py:188} INFO - [2026-06-28T15:31:56.830+0000] {dagbag.py:545} INFO - Filling up the DagBag from /opt/airflow/dags/urbanmove_nightly.py
[2026-06-28T15:31:56.835+0000] {processor.py:840} INFO - DAG(s) 'urbanmove_nightly_pipeline' retrieved from /opt/airflow/dags/urbanmove_nightly.py
[2026-06-28T15:31:56.848+0000] {logging_mixin.py:188} INFO - [2026-06-28T15:31:56.848+0000] {dag.py:3096} INFO - Sync 1 DAGs
[2026-06-28T15:31:56.856+0000] {logging_mixin.py:188} INFO - [2026-06-28T15:31:56.856+0000] {dag.py:3954} INFO - Setting next_dagrun for urbanmove_nightly_pipeline to 2026-06-27 02:00:00+00:00, run_after=2026-06-28 02:00:00+00:00
[2026-06-28T15:31:56.863+0000] {processor.py:183} INFO - Processing /opt/airflow/dags/urbanmove_nightly.py took 0.038 seconds
[2026-06-28T15:32:26.990+0000] {processor.py:161} INFO - Started process (PID=282) to work on /opt/airflow/dags/urbanmove_nightly.py
[2026-06-28T15:32:26.990+0000] {processor.py:830} INFO - Processing file /opt/airflow/dags/urbanmove_nightly.py for tasks to queue
[2026-06-28T15:32:26.991+0000] {logging_mixin.py:188} INFO - [2026-06-28T15:32:26.991+0000] {dagbag.py:545} INFO - Filling up the DagBag from /opt/airflow/dags/urbanmove_nightly.py
[2026-06-28T15:32:26.998+0000] {processor.py:840} INFO - DAG(s) 'urbanmove_nightly_pipeline' retrieved from /opt/airflow/dags/urbanmove_nightly.py
[2026-06-28T15:32:27.016+0000] {logging_mixin.py:188} INFO - [2026-06-28T15:32:27.016+0000] {dag.py:3096} INFO - Sync 1 DAGs
[2026-06-28T15:32:27.028+0000] {logging_mixin.py:188} INFO - [2026-06-28T15:32:27.028+0000] {dag.py:3954} INFO - Setting next_dagrun for urbanmove_nightly_pipeline to 2026-06-27 02:00:00+00:00, run_after=2026-06-28 02:00:00+00:00
[2026-06-28T15:32:27.041+0000] {processor.py:183} INFO - Processing /opt/airflow/dags/urbanmove_nightly.py took 0.055 seconds
[2026-06-28T15:32:57.224+0000] {processor.py:161} INFO - Started process (PID=287) to work on /opt/airflow/dags/urbanmove_nightly.py
[2026-06-28T15:32:57.225+0000] {processor.py:830} INFO - Processing file /opt/airflow/dags/urbanmove_nightly.py for tasks to queue
[2026-06-28T15:32:57.226+0000] {logging_mixin.py:188} INFO - [2026-06-28T15:32:57.225+0000] {dagbag.py:545} INFO - Filling up the DagBag from /opt/airflow/dags/urbanmove_nightly.py
[2026-06-28T15:32:57.231+0000] {processor.py:840} INFO - DAG(s) 'urbanmove_nightly_pipeline' retrieved from /opt/airflow/dags/urbanmove_nightly.py
[2026-06-28T15:32:57.243+0000] {logging_mixin.py:188} INFO - [2026-06-28T15:32:57.243+0000] {dag.py:3096} INFO - Sync 1 DAGs
[2026-06-28T15:32:57.251+0000] {logging_mixin.py:188} INFO - [2026-06-28T15:32:57.251+0000] {dag.py:3954} INFO - Setting next_dagrun for urbanmove_nightly_pipeline to 2026-06-27 02:00:00+00:00, run_after=2026-06-28 02:00:00+00:00
[2026-06-28T15:32:57.262+0000] {processor.py:183} INFO - Processing /opt/airflow/dags/urbanmove_nightly.py took 0.041 seconds
[2026-06-28T15:33:27.438+0000] {processor.py:161} INFO - Started process (PID=292) to work on /opt/airflow/dags/urbanmove_nightly.py
[2026-06-28T15:33:27.438+0000] {processor.py:830} INFO - Processing file /opt/airflow/dags/urbanmove_nightly.py for tasks to queue
[2026-06-28T15:33:27.440+0000] {logging_mixin.py:188} INFO - [2026-06-28T15:33:27.440+0000] {dagbag.py:545} INFO - Filling up the DagBag from /opt/airflow/dags/urbanmove_nightly.py
[2026-06-28T15:33:27.449+0000] {processor.py:840} INFO - DAG(s) 'urbanmove_nightly_pipeline' retrieved from /opt/airflow/dags/urbanmove_nightly.py
[2026-06-28T15:33:27.466+0000] {logging_mixin.py:188} INFO - [2026-06-28T15:33:27.466+0000] {dag.py:3096} INFO - Sync 1 DAGs
[2026-06-28T15:33:27.475+0000] {logging_mixin.py:188} INFO - [2026-06-28T15:33:27.475+0000] {dag.py:3954} INFO - Setting next_dagrun for urbanmove_nightly_pipeline to 2026-06-27 02:00:00+00:00, run_after=2026-06-28 02:00:00+00:00
[2026-06-28T15:33:27.482+0000] {processor.py:183} INFO - Processing /opt/airflow/dags/urbanmove_nightly.py took 0.049 seconds
[2026-06-28T15:33:57.667+0000] {processor.py:161} INFO - Started process (PID=297) to work on /opt/airflow/dags/urbanmove_nightly.py
[2026-06-28T15:33:57.668+0000] {processor.py:830} INFO - Processing file /opt/airflow/dags/urbanmove_nightly.py for tasks to queue
[2026-06-28T15:33:57.669+0000] {logging_mixin.py:188} INFO - [2026-06-28T15:33:57.669+0000] {dagbag.py:545} INFO - Filling up the DagBag from /opt/airflow/dags/urbanmove_nightly.py
[2026-06-28T15:33:57.678+0000] {processor.py:840} INFO - DAG(s) 'urbanmove_nightly_pipeline' retrieved from /opt/airflow/dags/urbanmove_nightly.py
[2026-06-28T15:33:57.695+0000] {logging_mixin.py:188} INFO - [2026-06-28T15:33:57.695+0000] {dag.py:3096} INFO - Sync 1 DAGs
[2026-06-28T15:33:57.704+0000] {logging_mixin.py:188} INFO - [2026-06-28T15:33:57.704+0000] {dag.py:3954} INFO - Setting next_dagrun for urbanmove_nightly_pipeline to 2026-06-27 02:00:00+00:00, run_after=2026-06-28 02:00:00+00:00
[2026-06-28T15:33:57.710+0000] {processor.py:183} INFO - Processing /opt/airflow/dags/urbanmove_nightly.py took 0.048 seconds
[2026-06-28T15:34:27.890+0000] {processor.py:161} INFO - Started process (PID=302) to work on /opt/airflow/dags/urbanmove_nightly.py
[2026-06-28T15:34:27.890+0000] {processor.py:830} INFO - Processing file /opt/airflow/dags/urbanmove_nightly.py for tasks to queue
[2026-06-28T15:34:27.892+0000] {logging_mixin.py:188} INFO - [2026-06-28T15:34:27.892+0000] {dagbag.py:545} INFO - Filling up the DagBag from /opt/airflow/dags/urbanmove_nightly.py
[2026-06-28T15:34:27.901+0000] {processor.py:840} INFO - DAG(s) 'urbanmove_nightly_pipeline' retrieved from /opt/airflow/dags/urbanmove_nightly.py
[2026-06-28T15:34:27.917+0000] {logging_mixin.py:188} INFO - [2026-06-28T15:34:27.917+0000] {dag.py:3096} INFO - Sync 1 DAGs
[2026-06-28T15:34:27.927+0000] {logging_mixin.py:188} INFO - [2026-06-28T15:34:27.927+0000] {dag.py:3954} INFO - Setting next_dagrun for urbanmove_nightly_pipeline to 2026-06-27 02:00:00+00:00, run_after=2026-06-28 02:00:00+00:00
[2026-06-28T15:34:27.932+0000] {processor.py:183} INFO - Processing /opt/airflow/dags/urbanmove_nightly.py took 0.047 seconds
[2026-06-28T15:34:58.100+0000] {processor.py:161} INFO - Started process (PID=307) to work on /opt/airflow/dags/urbanmove_nightly.py
[2026-06-28T15:34:58.100+0000] {processor.py:830} INFO - Processing file /opt/airflow/dags/urbanmove_nightly.py for tasks to queue
[2026-06-28T15:34:58.102+0000] {logging_mixin.py:188} INFO - [2026-06-28T15:34:58.101+0000] {dagbag.py:545} INFO - Filling up the DagBag from /opt/airflow/dags/urbanmove_nightly.py
[2026-06-28T15:34:58.110+0000] {processor.py:840} INFO - DAG(s) 'urbanmove_nightly_pipeline' retrieved from /opt/airflow/dags/urbanmove_nightly.py
[2026-06-28T15:34:58.126+0000] {logging_mixin.py:188} INFO - [2026-06-28T15:34:58.126+0000] {dag.py:3096} INFO - Sync 1 DAGs
[2026-06-28T15:34:58.135+0000] {logging_mixin.py:188} INFO - [2026-06-28T15:34:58.135+0000] {dag.py:3954} INFO - Setting next_dagrun for urbanmove_nightly_pipeline to 2026-06-27 02:00:00+00:00, run_after=2026-06-28 02:00:00+00:00
[2026-06-28T15:34:58.141+0000] {processor.py:183} INFO - Processing /opt/airflow/dags/urbanmove_nightly.py took 0.046 seconds
[2026-06-28T15:35:28.332+0000] {processor.py:161} INFO - Started process (PID=312) to work on /opt/airflow/dags/urbanmove_nightly.py
[2026-06-28T15:35:28.332+0000] {processor.py:830} INFO - Processing file /opt/airflow/dags/urbanmove_nightly.py for tasks to queue
[2026-06-28T15:35:28.334+0000] {logging_mixin.py:188} INFO - [2026-06-28T15:35:28.334+0000] {dagbag.py:545} INFO - Filling up the DagBag from /opt/airflow/dags/urbanmove_nightly.py
[2026-06-28T15:35:28.344+0000] {processor.py:840} INFO - DAG(s) 'urbanmove_nightly_pipeline' retrieved from /opt/airflow/dags/urbanmove_nightly.py
[2026-06-28T15:35:28.361+0000] {logging_mixin.py:188} INFO - [2026-06-28T15:35:28.361+0000] {dag.py:3096} INFO - Sync 1 DAGs
[2026-06-28T15:35:28.371+0000] {logging_mixin.py:188} INFO - [2026-06-28T15:35:28.371+0000] {dag.py:3954} INFO - Setting next_dagrun for urbanmove_nightly_pipeline to 2026-06-27 02:00:00+00:00, run_after=2026-06-28 02:00:00+00:00
[2026-06-28T15:35:28.377+0000] {processor.py:183} INFO - Processing /opt/airflow/dags/urbanmove_nightly.py took 0.049 seconds
[2026-06-28T15:35:58.564+0000] {processor.py:161} INFO - Started process (PID=317) to work on /opt/airflow/dags/urbanmove_nightly.py
[2026-06-28T15:35:58.565+0000] {processor.py:830} INFO - Processing file /opt/airflow/dags/urbanmove_nightly.py for tasks to queue
[2026-06-28T15:35:58.566+0000] {logging_mixin.py:188} INFO - [2026-06-28T15:35:58.566+0000] {dagbag.py:545} INFO - Filling up the DagBag from /opt/airflow/dags/urbanmove_nightly.py
[2026-06-28T15:35:58.575+0000] {processor.py:840} INFO - DAG(s) 'urbanmove_nightly_pipeline' retrieved from /opt/airflow/dags/urbanmove_nightly.py
[2026-06-28T15:35:58.591+0000] {logging_mixin.py:188} INFO - [2026-06-28T15:35:58.591+0000] {dag.py:3096} INFO - Sync 1 DAGs
[2026-06-28T15:35:58.601+0000] {logging_mixin.py:188} INFO - [2026-06-28T15:35:58.601+0000] {dag.py:3954} INFO - Setting next_dagrun for urbanmove_nightly_pipeline to 2026-06-27 02:00:00+00:00, run_after=2026-06-28 02:00:00+00:00
[2026-06-28T15:35:58.607+0000] {processor.py:183} INFO - Processing /opt/airflow/dags/urbanmove_nightly.py took 0.047 seconds
[2026-06-28T15:36:28.794+0000] {processor.py:161} INFO - Started process (PID=322) to work on /opt/airflow/dags/urbanmove_nightly.py
[2026-06-28T15:36:28.794+0000] {processor.py:830} INFO - Processing file /opt/airflow/dags/urbanmove_nightly.py for tasks to queue
[2026-06-28T15:36:28.796+0000] {logging_mixin.py:188} INFO - [2026-06-28T15:36:28.796+0000] {dagbag.py:545} INFO - Filling up the DagBag from /opt/airflow/dags/urbanmove_nightly.py
[2026-06-28T15:36:28.805+0000] {processor.py:840} INFO - DAG(s) 'urbanmove_nightly_pipeline' retrieved from /opt/airflow/dags/urbanmove_nightly.py
[2026-06-28T15:36:28.822+0000] {logging_mixin.py:188} INFO - [2026-06-28T15:36:28.822+0000] {dag.py:3096} INFO - Sync 1 DAGs
[2026-06-28T15:36:28.831+0000] {logging_mixin.py:188} INFO - [2026-06-28T15:36:28.831+0000] {dag.py:3954} INFO - Setting next_dagrun for urbanmove_nightly_pipeline to 2026-06-27 02:00:00+00:00, run_after=2026-06-28 02:00:00+00:00
[2026-06-28T15:36:28.838+0000] {processor.py:183} INFO - Processing /opt/airflow/dags/urbanmove_nightly.py took 0.049 seconds
[2026-06-28T15:36:58.991+0000] {processor.py:161} INFO - Started process (PID=327) to work on /opt/airflow/dags/urbanmove_nightly.py
[2026-06-28T15:36:58.992+0000] {processor.py:830} INFO - Processing file /opt/airflow/dags/urbanmove_nightly.py for tasks to queue
[2026-06-28T15:36:58.993+0000] {logging_mixin.py:188} INFO - [2026-06-28T15:36:58.992+0000] {dagbag.py:545} INFO - Filling up the DagBag from /opt/airflow/dags/urbanmove_nightly.py
[2026-06-28T15:36:59.000+0000] {processor.py:840} INFO - DAG(s) 'urbanmove_nightly_pipeline' retrieved from /opt/airflow/dags/urbanmove_nightly.py
[2026-06-28T15:36:59.020+0000] {logging_mixin.py:188} INFO - [2026-06-28T15:36:59.020+0000] {dag.py:3096} INFO - Sync 1 DAGs
[2026-06-28T15:36:59.032+0000] {logging_mixin.py:188} INFO - [2026-06-28T15:36:59.032+0000] {dag.py:3954} INFO - Setting next_dagrun for urbanmove_nightly_pipeline to 2026-06-27 02:00:00+00:00, run_after=2026-06-28 02:00:00+00:00
[2026-06-28T15:36:59.041+0000] {processor.py:183} INFO - Processing /opt/airflow/dags/urbanmove_nightly.py took 0.053 seconds
[2026-06-28T15:37:29.200+0000] {processor.py:161} INFO - Started process (PID=332) to work on /opt/airflow/dags/urbanmove_nightly.py
[2026-06-28T15:37:29.200+0000] {processor.py:830} INFO - Processing file /opt/airflow/dags/urbanmove_nightly.py for tasks to queue
[2026-06-28T15:37:29.202+0000] {logging_mixin.py:188} INFO - [2026-06-28T15:37:29.201+0000] {dagbag.py:545} INFO - Filling up the DagBag from /opt/airflow/dags/urbanmove_nightly.py
[2026-06-28T15:37:29.208+0000] {processor.py:840} INFO - DAG(s) 'urbanmove_nightly_pipeline' retrieved from /opt/airflow/dags/urbanmove_nightly.py
[2026-06-28T15:37:29.222+0000] {logging_mixin.py:188} INFO - [2026-06-28T15:37:29.222+0000] {dag.py:3096} INFO - Sync 1 DAGs
[2026-06-28T15:37:29.231+0000] {logging_mixin.py:188} INFO - [2026-06-28T15:37:29.231+0000] {dag.py:3954} INFO - Setting next_dagrun for urbanmove_nightly_pipeline to 2026-06-27 02:00:00+00:00, run_after=2026-06-28 02:00:00+00:00
[2026-06-28T15:37:29.239+0000] {processor.py:183} INFO - Processing /opt/airflow/dags/urbanmove_nightly.py took 0.043 seconds
[2026-06-28T15:37:59.396+0000] {processor.py:161} INFO - Started process (PID=337) to work on /opt/airflow/dags/urbanmove_nightly.py
[2026-06-28T15:37:59.396+0000] {processor.py:830} INFO - Processing file /opt/airflow/dags/urbanmove_nightly.py for tasks to queue
[2026-06-28T15:37:59.397+0000] {logging_mixin.py:188} INFO - [2026-06-28T15:37:59.397+0000] {dagbag.py:545} INFO - Filling up the DagBag from /opt/airflow/dags/urbanmove_nightly.py
[2026-06-28T15:37:59.402+0000] {processor.py:840} INFO - DAG(s) 'urbanmove_nightly_pipeline' retrieved from /opt/airflow/dags/urbanmove_nightly.py
[2026-06-28T15:37:59.414+0000] {logging_mixin.py:188} INFO - [2026-06-28T15:37:59.413+0000] {dag.py:3096} INFO - Sync 1 DAGs
[2026-06-28T15:37:59.421+0000] {logging_mixin.py:188} INFO - [2026-06-28T15:37:59.421+0000] {dag.py:3954} INFO - Setting next_dagrun for urbanmove_nightly_pipeline to 2026-06-27 02:00:00+00:00, run_after=2026-06-28 02:00:00+00:00
[2026-06-28T15:37:59.428+0000] {processor.py:183} INFO - Processing /opt/airflow/dags/urbanmove_nightly.py took 0.035 seconds
[2026-06-28T15:38:29.577+0000] {processor.py:161} INFO - Started process (PID=342) to work on /opt/airflow/dags/urbanmove_nightly.py
[2026-06-28T15:38:29.578+0000] {processor.py:830} INFO - Processing file /opt/airflow/dags/urbanmove_nightly.py for tasks to queue
[2026-06-28T15:38:29.579+0000] {logging_mixin.py:188} INFO - [2026-06-28T15:38:29.579+0000] {dagbag.py:545} INFO - Filling up the DagBag from /opt/airflow/dags/urbanmove_nightly.py
[2026-06-28T15:38:29.588+0000] {processor.py:840} INFO - DAG(s) 'urbanmove_nightly_pipeline' retrieved from /opt/airflow/dags/urbanmove_nightly.py
[2026-06-28T15:38:29.605+0000] {logging_mixin.py:188} INFO - [2026-06-28T15:38:29.605+0000] {dag.py:3096} INFO - Sync 1 DAGs
[2026-06-28T15:38:29.616+0000] {logging_mixin.py:188} INFO - [2026-06-28T15:38:29.616+0000] {dag.py:3954} INFO - Setting next_dagrun for urbanmove_nightly_pipeline to 2026-06-27 02:00:00+00:00, run_after=2026-06-28 02:00:00+00:00
[2026-06-28T15:38:29.623+0000] {processor.py:183} INFO - Processing /opt/airflow/dags/urbanmove_nightly.py took 0.049 seconds
[2026-06-28T15:38:59.804+0000] {processor.py:161} INFO - Started process (PID=347) to work on /opt/airflow/dags/urbanmove_nightly.py
[2026-06-28T15:38:59.805+0000] {processor.py:830} INFO - Processing file /opt/airflow/dags/urbanmove_nightly.py for tasks to queue
[2026-06-28T15:38:59.807+0000] {logging_mixin.py:188} INFO - [2026-06-28T15:38:59.807+0000] {dagbag.py:545} INFO - Filling up the DagBag from /opt/airflow/dags/urbanmove_nightly.py
[2026-06-28T15:38:59.819+0000] {processor.py:840} INFO - DAG(s) 'urbanmove_nightly_pipeline' retrieved from /opt/airflow/dags/urbanmove_nightly.py
[2026-06-28T15:38:59.839+0000] {logging_mixin.py:188} INFO - [2026-06-28T15:38:59.838+0000] {dag.py:3096} INFO - Sync 1 DAGs
[2026-06-28T15:38:59.848+0000] {logging_mixin.py:188} INFO - [2026-06-28T15:38:59.848+0000] {dag.py:3954} INFO - Setting next_dagrun for urbanmove_nightly_pipeline to 2026-06-27 02:00:00+00:00, run_after=2026-06-28 02:00:00+00:00
[2026-06-28T15:38:59.854+0000] {processor.py:183} INFO - Processing /opt/airflow/dags/urbanmove_nightly.py took 0.058 seconds
[2026-06-28T15:39:09.158+0000] {processor.py:161} INFO - Started process (PID=196) to work on /opt/airflow/dags/urbanmove_nightly.py
[2026-06-28T15:39:09.160+0000] {processor.py:830} INFO - Processing file /opt/airflow/dags/urbanmove_nightly.py for tasks to queue
[2026-06-28T15:39:09.162+0000] {logging_mixin.py:188} INFO - [2026-06-28T15:39:09.162+0000] {dagbag.py:545} INFO - Filling up the DagBag from /opt/airflow/dags/urbanmove_nightly.py
[2026-06-28T15:39:09.171+0000] {processor.py:840} INFO - DAG(s) 'urbanmove_nightly_pipeline' retrieved from /opt/airflow/dags/urbanmove_nightly.py
[2026-06-28T15:39:09.251+0000] {logging_mixin.py:188} INFO - [2026-06-28T15:39:09.250+0000] {override.py:1829} INFO - Created Permission View: can read on DAG:urbanmove_nightly_pipeline
[2026-06-28T15:39:09.255+0000] {logging_mixin.py:188} INFO - [2026-06-28T15:39:09.255+0000] {override.py:1829} INFO - Created Permission View: can edit on DAG:urbanmove_nightly_pipeline
[2026-06-28T15:39:09.257+0000] {logging_mixin.py:188} INFO - [2026-06-28T15:39:09.257+0000] {override.py:1829} INFO - Created Permission View: can delete on DAG:urbanmove_nightly_pipeline
[2026-06-28T15:39:09.257+0000] {logging_mixin.py:188} INFO - [2026-06-28T15:39:09.257+0000] {dag.py:3096} INFO - Sync 1 DAGs
[2026-06-28T15:39:09.264+0000] {logging_mixin.py:188} INFO - [2026-06-28T15:39:09.264+0000] {dag.py:3118} INFO - Creating ORM DAG for urbanmove_nightly_pipeline
[2026-06-28T15:39:09.269+0000] {logging_mixin.py:188} INFO - [2026-06-28T15:39:09.269+0000] {dag.py:3954} INFO - Setting next_dagrun for urbanmove_nightly_pipeline to 2026-06-27 02:00:00+00:00, run_after=2026-06-28 02:00:00+00:00
[2026-06-28T15:39:09.279+0000] {processor.py:183} INFO - Processing /opt/airflow/dags/urbanmove_nightly.py took 0.124 seconds
[2026-06-28T15:39:39.340+0000] {processor.py:161} INFO - Started process (PID=238) to work on /opt/airflow/dags/urbanmove_nightly.py
[2026-06-28T15:39:39.341+0000] {processor.py:830} INFO - Processing file /opt/airflow/dags/urbanmove_nightly.py for tasks to queue
[2026-06-28T15:39:39.342+0000] {logging_mixin.py:188} INFO - [2026-06-28T15:39:39.342+0000] {dagbag.py:545} INFO - Filling up the DagBag from /opt/airflow/dags/urbanmove_nightly.py
[2026-06-28T15:39:39.348+0000] {processor.py:840} INFO - DAG(s) 'urbanmove_nightly_pipeline' retrieved from /opt/airflow/dags/urbanmove_nightly.py
[2026-06-28T15:39:39.360+0000] {logging_mixin.py:188} INFO - [2026-06-28T15:39:39.360+0000] {dag.py:3096} INFO - Sync 1 DAGs
[2026-06-28T15:39:39.369+0000] {logging_mixin.py:188} INFO - [2026-06-28T15:39:39.369+0000] {dag.py:3954} INFO - Setting next_dagrun for urbanmove_nightly_pipeline to 2026-06-27 02:00:00+00:00, run_after=2026-06-28 02:00:00+00:00
[2026-06-28T15:39:39.375+0000] {processor.py:183} INFO - Processing /opt/airflow/dags/urbanmove_nightly.py took 0.039 seconds
[2026-06-28T15:40:09.501+0000] {processor.py:161} INFO - Started process (PID=243) to work on /opt/airflow/dags/urbanmove_nightly.py
[2026-06-28T15:40:09.501+0000] {processor.py:830} INFO - Processing file /opt/airflow/dags/urbanmove_nightly.py for tasks to queue
[2026-06-28T15:40:09.503+0000] {logging_mixin.py:188} INFO - [2026-06-28T15:40:09.502+0000] {dagbag.py:545} INFO - Filling up the DagBag from /opt/airflow/dags/urbanmove_nightly.py
[2026-06-28T15:40:09.508+0000] {processor.py:840} INFO - DAG(s) 'urbanmove_nightly_pipeline' retrieved from /opt/airflow/dags/urbanmove_nightly.py
[2026-06-28T15:40:09.521+0000] {logging_mixin.py:188} INFO - [2026-06-28T15:40:09.521+0000] {dag.py:3096} INFO - Sync 1 DAGs
[2026-06-28T15:40:09.529+0000] {logging_mixin.py:188} INFO - [2026-06-28T15:40:09.529+0000] {dag.py:3954} INFO - Setting next_dagrun for urbanmove_nightly_pipeline to 2026-06-27 02:00:00+00:00, run_after=2026-06-28 02:00:00+00:00
[2026-06-28T15:40:09.535+0000] {processor.py:183} INFO - Processing /opt/airflow/dags/urbanmove_nightly.py took 0.038 seconds
[2026-06-28T15:40:39.700+0000] {processor.py:161} INFO - Started process (PID=265) to work on /opt/airflow/dags/urbanmove_nightly.py
[2026-06-28T15:40:39.700+0000] {processor.py:830} INFO - Processing file /opt/airflow/dags/urbanmove_nightly.py for tasks to queue
[2026-06-28T15:40:39.702+0000] {logging_mixin.py:188} INFO - [2026-06-28T15:40:39.701+0000] {dagbag.py:545} INFO - Filling up the DagBag from /opt/airflow/dags/urbanmove_nightly.py
[2026-06-28T15:40:39.712+0000] {processor.py:840} INFO - DAG(s) 'urbanmove_nightly_pipeline' retrieved from /opt/airflow/dags/urbanmove_nightly.py
[2026-06-28T15:40:39.727+0000] {logging_mixin.py:188} INFO - [2026-06-28T15:40:39.727+0000] {dag.py:3096} INFO - Sync 1 DAGs
[2026-06-28T15:40:39.737+0000] {logging_mixin.py:188} INFO - [2026-06-28T15:40:39.737+0000] {dag.py:3954} INFO - Setting next_dagrun for urbanmove_nightly_pipeline to 2026-06-27 02:00:00+00:00, run_after=2026-06-28 02:00:00+00:00
[2026-06-28T15:40:39.743+0000] {processor.py:183} INFO - Processing /opt/airflow/dags/urbanmove_nightly.py took 0.047 seconds
[2026-06-28T15:41:09.907+0000] {processor.py:161} INFO - Started process (PID=270) to work on /opt/airflow/dags/urbanmove_nightly.py
[2026-06-28T15:41:09.908+0000] {processor.py:830} INFO - Processing file /opt/airflow/dags/urbanmove_nightly.py for tasks to queue
[2026-06-28T15:41:09.909+0000] {logging_mixin.py:188} INFO - [2026-06-28T15:41:09.909+0000] {dagbag.py:545} INFO - Filling up the DagBag from /opt/airflow/dags/urbanmove_nightly.py
[2026-06-28T15:41:09.918+0000] {processor.py:840} INFO - DAG(s) 'urbanmove_nightly_pipeline' retrieved from /opt/airflow/dags/urbanmove_nightly.py
[2026-06-28T15:41:09.934+0000] {logging_mixin.py:188} INFO - [2026-06-28T15:41:09.934+0000] {dag.py:3096} INFO - Sync 1 DAGs
[2026-06-28T15:41:09.944+0000] {logging_mixin.py:188} INFO - [2026-06-28T15:41:09.944+0000] {dag.py:3954} INFO - Setting next_dagrun for urbanmove_nightly_pipeline to 2026-06-27 02:00:00+00:00, run_after=2026-06-28 02:00:00+00:00
[2026-06-28T15:41:09.951+0000] {processor.py:183} INFO - Processing /opt/airflow/dags/urbanmove_nightly.py took 0.047 seconds
[2026-06-28T15:41:40.115+0000] {processor.py:161} INFO - Started process (PID=275) to work on /opt/airflow/dags/urbanmove_nightly.py
[2026-06-28T15:41:40.115+0000] {processor.py:830} INFO - Processing file /opt/airflow/dags/urbanmove_nightly.py for tasks to queue
[2026-06-28T15:41:40.116+0000] {logging_mixin.py:188} INFO - [2026-06-28T15:41:40.115+0000] {dagbag.py:545} INFO - Filling up the DagBag from /opt/airflow/dags/urbanmove_nightly.py
[2026-06-28T15:41:40.123+0000] {processor.py:840} INFO - DAG(s) 'urbanmove_nightly_pipeline' retrieved from /opt/airflow/dags/urbanmove_nightly.py
[2026-06-28T15:41:40.134+0000] {logging_mixin.py:188} INFO - [2026-06-28T15:41:40.134+0000] {dag.py:3096} INFO - Sync 1 DAGs
[2026-06-28T15:41:40.142+0000] {logging_mixin.py:188} INFO - [2026-06-28T15:41:40.141+0000] {dag.py:3954} INFO - Setting next_dagrun for urbanmove_nightly_pipeline to 2026-06-27 02:00:00+00:00, run_after=2026-06-28 02:00:00+00:00
[2026-06-28T15:41:40.148+0000] {processor.py:183} INFO - Processing /opt/airflow/dags/urbanmove_nightly.py took 0.036 seconds
[2026-06-28T15:42:10.304+0000] {processor.py:161} INFO - Started process (PID=280) to work on /opt/airflow/dags/urbanmove_nightly.py
[2026-06-28T15:42:10.304+0000] {processor.py:830} INFO - Processing file /opt/airflow/dags/urbanmove_nightly.py for tasks to queue
[2026-06-28T15:42:10.305+0000] {logging_mixin.py:188} INFO - [2026-06-28T15:42:10.305+0000] {dagbag.py:545} INFO - Filling up the DagBag from /opt/airflow/dags/urbanmove_nightly.py
[2026-06-28T15:42:10.315+0000] {processor.py:840} INFO - DAG(s) 'urbanmove_nightly_pipeline' retrieved from /opt/airflow/dags/urbanmove_nightly.py
[2026-06-28T15:42:10.331+0000] {logging_mixin.py:188} INFO - [2026-06-28T15:42:10.331+0000] {dag.py:3096} INFO - Sync 1 DAGs
[2026-06-28T15:42:10.342+0000] {logging_mixin.py:188} INFO - [2026-06-28T15:42:10.341+0000] {dag.py:3954} INFO - Setting next_dagrun for urbanmove_nightly_pipeline to 2026-06-27 02:00:00+00:00, run_after=2026-06-28 02:00:00+00:00
[2026-06-28T15:42:10.351+0000] {processor.py:183} INFO - Processing /opt/airflow/dags/urbanmove_nightly.py took 0.052 seconds
[2026-06-28T15:42:40.475+0000] {processor.py:161} INFO - Started process (PID=285) to work on /opt/airflow/dags/urbanmove_nightly.py
[2026-06-28T15:42:40.476+0000] {processor.py:830} INFO - Processing file /opt/airflow/dags/urbanmove_nightly.py for tasks to queue
[2026-06-28T15:42:40.477+0000] {logging_mixin.py:188} INFO - [2026-06-28T15:42:40.477+0000] {dagbag.py:545} INFO - Filling up the DagBag from /opt/airflow/dags/urbanmove_nightly.py
[2026-06-28T15:42:40.485+0000] {processor.py:840} INFO - DAG(s) 'urbanmove_nightly_pipeline' retrieved from /opt/airflow/dags/urbanmove_nightly.py
[2026-06-28T15:42:40.505+0000] {logging_mixin.py:188} INFO - [2026-06-28T15:42:40.505+0000] {dag.py:3096} INFO - Sync 1 DAGs
[2026-06-28T15:42:40.518+0000] {logging_mixin.py:188} INFO - [2026-06-28T15:42:40.518+0000] {dag.py:3954} INFO - Setting next_dagrun for urbanmove_nightly_pipeline to 2026-06-27 02:00:00+00:00, run_after=2026-06-28 02:00:00+00:00
[2026-06-28T15:42:40.528+0000] {processor.py:183} INFO - Processing /opt/airflow/dags/urbanmove_nightly.py took 0.057 seconds
[2026-06-28T15:43:10.662+0000] {processor.py:161} INFO - Started process (PID=296) to work on /opt/airflow/dags/urbanmove_nightly.py
[2026-06-28T15:43:10.662+0000] {processor.py:830} INFO - Processing file /opt/airflow/dags/urbanmove_nightly.py for tasks to queue
[2026-06-28T15:43:10.664+0000] {logging_mixin.py:188} INFO - [2026-06-28T15:43:10.664+0000] {dagbag.py:545} INFO - Filling up the DagBag from /opt/airflow/dags/urbanmove_nightly.py
[2026-06-28T15:43:10.673+0000] {processor.py:840} INFO - DAG(s) 'urbanmove_nightly_pipeline' retrieved from /opt/airflow/dags/urbanmove_nightly.py
[2026-06-28T15:43:10.691+0000] {logging_mixin.py:188} INFO - [2026-06-28T15:43:10.691+0000] {dag.py:3096} INFO - Sync 1 DAGs
[2026-06-28T15:43:10.700+0000] {logging_mixin.py:188} INFO - [2026-06-28T15:43:10.700+0000] {dag.py:3954} INFO - Setting next_dagrun for urbanmove_nightly_pipeline to 2026-06-27 02:00:00+00:00, run_after=2026-06-28 02:00:00+00:00
[2026-06-28T15:43:10.706+0000] {processor.py:183} INFO - Processing /opt/airflow/dags/urbanmove_nightly.py took 0.049 seconds
[2026-06-28T15:43:40.872+0000] {processor.py:161} INFO - Started process (PID=301) to work on /opt/airflow/dags/urbanmove_nightly.py
[2026-06-28T15:43:40.873+0000] {processor.py:830} INFO - Processing file /opt/airflow/dags/urbanmove_nightly.py for tasks to queue
[2026-06-28T15:43:40.874+0000] {logging_mixin.py:188} INFO - [2026-06-28T15:43:40.874+0000] {dagbag.py:545} INFO - Filling up the DagBag from /opt/airflow/dags/urbanmove_nightly.py
[2026-06-28T15:43:40.884+0000] {processor.py:840} INFO - DAG(s) 'urbanmove_nightly_pipeline' retrieved from /opt/airflow/dags/urbanmove_nightly.py
[2026-06-28T15:43:40.904+0000] {logging_mixin.py:188} INFO - [2026-06-28T15:43:40.904+0000] {dag.py:3096} INFO - Sync 1 DAGs
[2026-06-28T15:43:40.913+0000] {logging_mixin.py:188} INFO - [2026-06-28T15:43:40.913+0000] {dag.py:3954} INFO - Setting next_dagrun for urbanmove_nightly_pipeline to 2026-06-27 02:00:00+00:00, run_after=2026-06-28 02:00:00+00:00
[2026-06-28T15:43:40.920+0000] {processor.py:183} INFO - Processing /opt/airflow/dags/urbanmove_nightly.py took 0.053 seconds
[2026-06-28T15:44:11.095+0000] {processor.py:161} INFO - Started process (PID=306) to work on /opt/airflow/dags/urbanmove_nightly.py
[2026-06-28T15:44:11.096+0000] {processor.py:830} INFO - Processing file /opt/airflow/dags/urbanmove_nightly.py for tasks to queue
[2026-06-28T15:44:11.097+0000] {logging_mixin.py:188} INFO - [2026-06-28T15:44:11.096+0000] {dagbag.py:545} INFO - Filling up the DagBag from /opt/airflow/dags/urbanmove_nightly.py
[2026-06-28T15:44:11.102+0000] {processor.py:840} INFO - DAG(s) 'urbanmove_nightly_pipeline' retrieved from /opt/airflow/dags/urbanmove_nightly.py
[2026-06-28T15:44:11.115+0000] {logging_mixin.py:188} INFO - [2026-06-28T15:44:11.114+0000] {dag.py:3096} INFO - Sync 1 DAGs
[2026-06-28T15:44:11.124+0000] {logging_mixin.py:188} INFO - [2026-06-28T15:44:11.124+0000] {dag.py:3954} INFO - Setting next_dagrun for urbanmove_nightly_pipeline to 2026-06-27 02:00:00+00:00, run_after=2026-06-28 02:00:00+00:00
[2026-06-28T15:44:11.130+0000] {processor.py:183} INFO - Processing /opt/airflow/dags/urbanmove_nightly.py took 0.039 seconds
[2026-06-28T15:44:41.290+0000] {processor.py:161} INFO - Started process (PID=311) to work on /opt/airflow/dags/urbanmove_nightly.py
[2026-06-28T15:44:41.290+0000] {processor.py:830} INFO - Processing file /opt/airflow/dags/urbanmove_nightly.py for tasks to queue
[2026-06-28T15:44:41.291+0000] {logging_mixin.py:188} INFO - [2026-06-28T15:44:41.291+0000] {dagbag.py:545} INFO - Filling up the DagBag from /opt/airflow/dags/urbanmove_nightly.py
[2026-06-28T15:44:41.296+0000] {processor.py:840} INFO - DAG(s) 'urbanmove_nightly_pipeline' retrieved from /opt/airflow/dags/urbanmove_nightly.py
[2026-06-28T15:44:41.310+0000] {logging_mixin.py:188} INFO - [2026-06-28T15:44:41.310+0000] {dag.py:3096} INFO - Sync 1 DAGs
[2026-06-28T15:44:41.319+0000] {logging_mixin.py:188} INFO - [2026-06-28T15:44:41.319+0000] {dag.py:3954} INFO - Setting next_dagrun for urbanmove_nightly_pipeline to 2026-06-27 02:00:00+00:00, run_after=2026-06-28 02:00:00+00:00
[2026-06-28T15:44:41.328+0000] {processor.py:183} INFO - Processing /opt/airflow/dags/urbanmove_nightly.py took 0.041 seconds
[2026-06-28T15:45:27.720+0000] {processor.py:161} INFO - Started process (PID=316) to work on /opt/airflow/dags/urbanmove_nightly.py
[2026-06-28T15:45:27.722+0000] {processor.py:830} INFO - Processing file /opt/airflow/dags/urbanmove_nightly.py for tasks to queue
[2026-06-28T15:45:27.727+0000] {logging_mixin.py:188} INFO - [2026-06-28T15:45:27.726+0000] {dagbag.py:545} INFO - Filling up the DagBag from /opt/airflow/dags/urbanmove_nightly.py
[2026-06-28T15:45:27.793+0000] {processor.py:840} INFO - DAG(s) 'urbanmove_nightly_pipeline' retrieved from /opt/airflow/dags/urbanmove_nightly.py
[2026-06-28T15:45:27.878+0000] {logging_mixin.py:188} INFO - [2026-06-28T15:45:27.877+0000] {dag.py:3096} INFO - Sync 1 DAGs
[2026-06-28T15:45:27.903+0000] {logging_mixin.py:188} INFO - [2026-06-28T15:45:27.903+0000] {dag.py:3954} INFO - Setting next_dagrun for urbanmove_nightly_pipeline to 2026-06-27 02:00:00+00:00, run_after=2026-06-28 02:00:00+00:00
[2026-06-28T15:45:27.928+0000] {processor.py:183} INFO - Processing /opt/airflow/dags/urbanmove_nightly.py took 0.220 seconds
[2026-06-28T15:45:58.017+0000] {processor.py:161} INFO - Started process (PID=321) to work on /opt/airflow/dags/urbanmove_nightly.py
[2026-06-28T15:45:58.017+0000] {processor.py:830} INFO - Processing file /opt/airflow/dags/urbanmove_nightly.py for tasks to queue
[2026-06-28T15:45:58.018+0000] {logging_mixin.py:188} INFO - [2026-06-28T15:45:58.018+0000] {dagbag.py:545} INFO - Filling up the DagBag from /opt/airflow/dags/urbanmove_nightly.py
[2026-06-28T15:45:58.025+0000] {processor.py:840} INFO - DAG(s) 'urbanmove_nightly_pipeline' retrieved from /opt/airflow/dags/urbanmove_nightly.py
[2026-06-28T15:45:58.047+0000] {logging_mixin.py:188} INFO - [2026-06-28T15:45:58.046+0000] {dag.py:3096} INFO - Sync 1 DAGs
[2026-06-28T15:45:58.059+0000] {logging_mixin.py:188} INFO - [2026-06-28T15:45:58.059+0000] {dag.py:3954} INFO - Setting next_dagrun for urbanmove_nightly_pipeline to 2026-06-27 02:00:00+00:00, run_after=2026-06-28 02:00:00+00:00
[2026-06-28T15:45:58.068+0000] {processor.py:183} INFO - Processing /opt/airflow/dags/urbanmove_nightly.py took 0.056 seconds
[2026-06-28T15:46:28.207+0000] {processor.py:161} INFO - Started process (PID=326) to work on /opt/airflow/dags/urbanmove_nightly.py
[2026-06-28T15:46:28.208+0000] {processor.py:830} INFO - Processing file /opt/airflow/dags/urbanmove_nightly.py for tasks to queue
[2026-06-28T15:46:28.209+0000] {logging_mixin.py:188} INFO - [2026-06-28T15:46:28.209+0000] {dagbag.py:545} INFO - Filling up the DagBag from /opt/airflow/dags/urbanmove_nightly.py
[2026-06-28T15:46:28.216+0000] {processor.py:840} INFO - DAG(s) 'urbanmove_nightly_pipeline' retrieved from /opt/airflow/dags/urbanmove_nightly.py
[2026-06-28T15:46:28.230+0000] {logging_mixin.py:188} INFO - [2026-06-28T15:46:28.229+0000] {dag.py:3096} INFO - Sync 1 DAGs
[2026-06-28T15:46:28.237+0000] {logging_mixin.py:188} INFO - [2026-06-28T15:46:28.237+0000] {dag.py:3954} INFO - Setting next_dagrun for urbanmove_nightly_pipeline to 2026-06-27 02:00:00+00:00, run_after=2026-06-28 02:00:00+00:00
[2026-06-28T15:46:28.242+0000] {processor.py:183} INFO - Processing /opt/airflow/dags/urbanmove_nightly.py took 0.039 seconds
[2026-06-28T15:46:58.442+0000] {processor.py:161} INFO - Started process (PID=331) to work on /opt/airflow/dags/urbanmove_nightly.py
[2026-06-28T15:46:58.444+0000] {processor.py:830} INFO - Processing file /opt/airflow/dags/urbanmove_nightly.py for tasks to queue
[2026-06-28T15:46:58.448+0000] {logging_mixin.py:188} INFO - [2026-06-28T15:46:58.447+0000] {dagbag.py:545} INFO - Filling up the DagBag from /opt/airflow/dags/urbanmove_nightly.py
[2026-06-28T15:46:58.473+0000] {processor.py:840} INFO - DAG(s) 'urbanmove_nightly_pipeline' retrieved from /opt/airflow/dags/urbanmove_nightly.py
[2026-06-28T15:46:58.513+0000] {logging_mixin.py:188} INFO - [2026-06-28T15:46:58.513+0000] {dag.py:3096} INFO - Sync 1 DAGs
[2026-06-28T15:46:58.539+0000] {logging_mixin.py:188} INFO - [2026-06-28T15:46:58.539+0000] {dag.py:3954} INFO - Setting next_dagrun for urbanmove_nightly_pipeline to 2026-06-27 02:00:00+00:00, run_after=2026-06-28 02:00:00+00:00
[2026-06-28T15:46:58.566+0000] {processor.py:183} INFO - Processing /opt/airflow/dags/urbanmove_nightly.py took 0.132 seconds
[2026-06-28T15:47:28.623+0000] {processor.py:161} INFO - Started process (PID=336) to work on /opt/airflow/dags/urbanmove_nightly.py
[2026-06-28T15:47:28.623+0000] {processor.py:830} INFO - Processing file /opt/airflow/dags/urbanmove_nightly.py for tasks to queue
[2026-06-28T15:47:28.624+0000] {logging_mixin.py:188} INFO - [2026-06-28T15:47:28.624+0000] {dagbag.py:545} INFO - Filling up the DagBag from /opt/airflow/dags/urbanmove_nightly.py
[2026-06-28T15:47:28.630+0000] {processor.py:840} INFO - DAG(s) 'urbanmove_nightly_pipeline' retrieved from /opt/airflow/dags/urbanmove_nightly.py
[2026-06-28T15:47:28.651+0000] {logging_mixin.py:188} INFO - [2026-06-28T15:47:28.651+0000] {dag.py:3096} INFO - Sync 1 DAGs
[2026-06-28T15:47:28.663+0000] {logging_mixin.py:188} INFO - [2026-06-28T15:47:28.662+0000] {dag.py:3954} INFO - Setting next_dagrun for urbanmove_nightly_pipeline to 2026-06-27 02:00:00+00:00, run_after=2026-06-28 02:00:00+00:00
[2026-06-28T15:47:28.671+0000] {processor.py:183} INFO - Processing /opt/airflow/dags/urbanmove_nightly.py took 0.052 seconds
[2026-06-28T15:47:58.800+0000] {processor.py:161} INFO - Started process (PID=341) to work on /opt/airflow/dags/urbanmove_nightly.py
[2026-06-28T15:47:58.800+0000] {processor.py:830} INFO - Processing file /opt/airflow/dags/urbanmove_nightly.py for tasks to queue
[2026-06-28T15:47:58.801+0000] {logging_mixin.py:188} INFO - [2026-06-28T15:47:58.801+0000] {dagbag.py:545} INFO - Filling up the DagBag from /opt/airflow/dags/urbanmove_nightly.py
[2026-06-28T15:47:58.811+0000] {processor.py:840} INFO - DAG(s) 'urbanmove_nightly_pipeline' retrieved from /opt/airflow/dags/urbanmove_nightly.py
[2026-06-28T15:47:58.835+0000] {logging_mixin.py:188} INFO - [2026-06-28T15:47:58.835+0000] {dag.py:3096} INFO - Sync 1 DAGs
[2026-06-28T15:47:58.849+0000] {logging_mixin.py:188} INFO - [2026-06-28T15:47:58.849+0000] {dag.py:3954} INFO - Setting next_dagrun for urbanmove_nightly_pipeline to 2026-06-27 02:00:00+00:00, run_after=2026-06-28 02:00:00+00:00
[2026-06-28T15:47:58.859+0000] {processor.py:183} INFO - Processing /opt/airflow/dags/urbanmove_nightly.py took 0.065 seconds
[2026-06-28T15:48:29.001+0000] {processor.py:161} INFO - Started process (PID=346) to work on /opt/airflow/dags/urbanmove_nightly.py
[2026-06-28T15:48:29.003+0000] {processor.py:830} INFO - Processing file /opt/airflow/dags/urbanmove_nightly.py for tasks to queue
[2026-06-28T15:48:29.005+0000] {logging_mixin.py:188} INFO - [2026-06-28T15:48:29.005+0000] {dagbag.py:545} INFO - Filling up the DagBag from /opt/airflow/dags/urbanmove_nightly.py
[2026-06-28T15:48:29.014+0000] {processor.py:840} INFO - DAG(s) 'urbanmove_nightly_pipeline' retrieved from /opt/airflow/dags/urbanmove_nightly.py
[2026-06-28T15:48:29.040+0000] {logging_mixin.py:188} INFO - [2026-06-28T15:48:29.039+0000] {dag.py:3096} INFO - Sync 1 DAGs
[2026-06-28T15:48:29.058+0000] {logging_mixin.py:188} INFO - [2026-06-28T15:48:29.058+0000] {dag.py:3954} INFO - Setting next_dagrun for urbanmove_nightly_pipeline to 2026-06-27 02:00:00+00:00, run_after=2026-06-28 02:00:00+00:00
[2026-06-28T15:48:29.072+0000] {processor.py:183} INFO - Processing /opt/airflow/dags/urbanmove_nightly.py took 0.077 seconds
[2026-06-28T15:48:59.219+0000] {processor.py:161} INFO - Started process (PID=351) to work on /opt/airflow/dags/urbanmove_nightly.py
[2026-06-28T15:48:59.220+0000] {processor.py:830} INFO - Processing file /opt/airflow/dags/urbanmove_nightly.py for tasks to queue
[2026-06-28T15:48:59.220+0000] {logging_mixin.py:188} INFO - [2026-06-28T15:48:59.220+0000] {dagbag.py:545} INFO - Filling up the DagBag from /opt/airflow/dags/urbanmove_nightly.py
[2026-06-28T15:48:59.226+0000] {processor.py:840} INFO - DAG(s) 'urbanmove_nightly_pipeline' retrieved from /opt/airflow/dags/urbanmove_nightly.py
[2026-06-28T15:48:59.242+0000] {logging_mixin.py:188} INFO - [2026-06-28T15:48:59.242+0000] {dag.py:3096} INFO - Sync 1 DAGs
[2026-06-28T15:48:59.252+0000] {logging_mixin.py:188} INFO - [2026-06-28T15:48:59.252+0000] {dag.py:3954} INFO - Setting next_dagrun for urbanmove_nightly_pipeline to 2026-06-27 02:00:00+00:00, run_after=2026-06-28 02:00:00+00:00
[2026-06-28T15:48:59.259+0000] {processor.py:183} INFO - Processing /opt/airflow/dags/urbanmove_nightly.py took 0.044 seconds
[2026-06-28T15:49:29.435+0000] {processor.py:161} INFO - Started process (PID=356) to work on /opt/airflow/dags/urbanmove_nightly.py
[2026-06-28T15:49:29.436+0000] {processor.py:830} INFO - Processing file /opt/airflow/dags/urbanmove_nightly.py for tasks to queue
[2026-06-28T15:49:29.437+0000] {logging_mixin.py:188} INFO - [2026-06-28T15:49:29.437+0000] {dagbag.py:545} INFO - Filling up the DagBag from /opt/airflow/dags/urbanmove_nightly.py
[2026-06-28T15:49:29.444+0000] {processor.py:840} INFO - DAG(s) 'urbanmove_nightly_pipeline' retrieved from /opt/airflow/dags/urbanmove_nightly.py
[2026-06-28T15:49:29.462+0000] {logging_mixin.py:188} INFO - [2026-06-28T15:49:29.462+0000] {dag.py:3096} INFO - Sync 1 DAGs
[2026-06-28T15:49:29.472+0000] {logging_mixin.py:188} INFO - [2026-06-28T15:49:29.472+0000] {dag.py:3954} INFO - Setting next_dagrun for urbanmove_nightly_pipeline to 2026-06-27 02:00:00+00:00, run_after=2026-06-28 02:00:00+00:00
[2026-06-28T15:49:29.478+0000] {processor.py:183} INFO - Processing /opt/airflow/dags/urbanmove_nightly.py took 0.047 seconds
[2026-06-28T15:49:59.662+0000] {processor.py:161} INFO - Started process (PID=361) to work on /opt/airflow/dags/urbanmove_nightly.py
[2026-06-28T15:49:59.663+0000] {processor.py:830} INFO - Processing file /opt/airflow/dags/urbanmove_nightly.py for tasks to queue
[2026-06-28T15:49:59.665+0000] {logging_mixin.py:188} INFO - [2026-06-28T15:49:59.665+0000] {dagbag.py:545} INFO - Filling up the DagBag from /opt/airflow/dags/urbanmove_nightly.py
[2026-06-28T15:49:59.674+0000] {processor.py:840} INFO - DAG(s) 'urbanmove_nightly_pipeline' retrieved from /opt/airflow/dags/urbanmove_nightly.py
[2026-06-28T15:49:59.692+0000] {logging_mixin.py:188} INFO - [2026-06-28T15:49:59.692+0000] {dag.py:3096} INFO - Sync 1 DAGs
[2026-06-28T15:49:59.702+0000] {logging_mixin.py:188} INFO - [2026-06-28T15:49:59.702+0000] {dag.py:3954} INFO - Setting next_dagrun for urbanmove_nightly_pipeline to 2026-06-27 02:00:00+00:00, run_after=2026-06-28 02:00:00+00:00
[2026-06-28T15:49:59.708+0000] {processor.py:183} INFO - Processing /opt/airflow/dags/urbanmove_nightly.py took 0.050 seconds
[2026-06-28T15:50:29.869+0000] {processor.py:161} INFO - Started process (PID=366) to work on /opt/airflow/dags/urbanmove_nightly.py
[2026-06-28T15:50:29.869+0000] {processor.py:830} INFO - Processing file /opt/airflow/dags/urbanmove_nightly.py for tasks to queue
[2026-06-28T15:50:29.871+0000] {logging_mixin.py:188} INFO - [2026-06-28T15:50:29.871+0000] {dagbag.py:545} INFO - Filling up the DagBag from /opt/airflow/dags/urbanmove_nightly.py
[2026-06-28T15:50:29.881+0000] {processor.py:840} INFO - DAG(s) 'urbanmove_nightly_pipeline' retrieved from /opt/airflow/dags/urbanmove_nightly.py
[2026-06-28T15:50:29.899+0000] {logging_mixin.py:188} INFO - [2026-06-28T15:50:29.899+0000] {dag.py:3096} INFO - Sync 1 DAGs
[2026-06-28T15:50:29.908+0000] {logging_mixin.py:188} INFO - [2026-06-28T15:50:29.908+0000] {dag.py:3954} INFO - Setting next_dagrun for urbanmove_nightly_pipeline to 2026-06-27 02:00:00+00:00, run_after=2026-06-28 02:00:00+00:00
[2026-06-28T15:50:29.915+0000] {processor.py:183} INFO - Processing /opt/airflow/dags/urbanmove_nightly.py took 0.050 seconds
[2026-06-28T16:21:44.416+0000] {processor.py:161} INFO - Started process (PID=195) to work on /opt/airflow/dags/urbanmove_nightly.py
[2026-06-28T16:21:44.418+0000] {processor.py:830} INFO - Processing file /opt/airflow/dags/urbanmove_nightly.py for tasks to queue
[2026-06-28T16:21:44.418+0000] {logging_mixin.py:188} INFO - [2026-06-28T16:21:44.418+0000] {dagbag.py:545} INFO - Filling up the DagBag from /opt/airflow/dags/urbanmove_nightly.py
[2026-06-28T16:21:44.424+0000] {processor.py:840} INFO - DAG(s) 'urbanmove_nightly_pipeline' retrieved from /opt/airflow/dags/urbanmove_nightly.py
[2026-06-28T16:21:44.488+0000] {logging_mixin.py:188} INFO - [2026-06-28T16:21:44.487+0000] {override.py:1829} INFO - Created Permission View: can read on DAG:urbanmove_nightly_pipeline
[2026-06-28T16:21:44.492+0000] {logging_mixin.py:188} INFO - [2026-06-28T16:21:44.492+0000] {override.py:1829} INFO - Created Permission View: can delete on DAG:urbanmove_nightly_pipeline
[2026-06-28T16:21:44.494+0000] {logging_mixin.py:188} INFO - [2026-06-28T16:21:44.494+0000] {override.py:1829} INFO - Created Permission View: can edit on DAG:urbanmove_nightly_pipeline
[2026-06-28T16:21:44.495+0000] {logging_mixin.py:188} INFO - [2026-06-28T16:21:44.494+0000] {dag.py:3096} INFO - Sync 1 DAGs
[2026-06-28T16:21:44.511+0000] {logging_mixin.py:188} INFO - [2026-06-28T16:21:44.511+0000] {dag.py:3118} INFO - Creating ORM DAG for urbanmove_nightly_pipeline
[2026-06-28T16:21:44.516+0000] {logging_mixin.py:188} INFO - [2026-06-28T16:21:44.516+0000] {dag.py:3954} INFO - Setting next_dagrun for urbanmove_nightly_pipeline to 2026-06-27 02:00:00+00:00, run_after=2026-06-28 02:00:00+00:00
[2026-06-28T16:21:44.524+0000] {processor.py:183} INFO - Processing /opt/airflow/dags/urbanmove_nightly.py took 0.111 seconds
[2026-06-28T16:22:14.595+0000] {processor.py:161} INFO - Started process (PID=221) to work on /opt/airflow/dags/urbanmove_nightly.py
[2026-06-28T16:22:14.596+0000] {processor.py:830} INFO - Processing file /opt/airflow/dags/urbanmove_nightly.py for tasks to queue
[2026-06-28T16:22:14.597+0000] {logging_mixin.py:188} INFO - [2026-06-28T16:22:14.597+0000] {dagbag.py:545} INFO - Filling up the DagBag from /opt/airflow/dags/urbanmove_nightly.py
[2026-06-28T16:22:14.605+0000] {processor.py:840} INFO - DAG(s) 'urbanmove_nightly_pipeline' retrieved from /opt/airflow/dags/urbanmove_nightly.py
[2026-06-28T16:22:14.624+0000] {logging_mixin.py:188} INFO - [2026-06-28T16:22:14.624+0000] {dag.py:3096} INFO - Sync 1 DAGs
[2026-06-28T16:22:14.633+0000] {logging_mixin.py:188} INFO - [2026-06-28T16:22:14.633+0000] {dag.py:3954} INFO - Setting next_dagrun for urbanmove_nightly_pipeline to 2026-06-27 02:00:00+00:00, run_after=2026-06-28 02:00:00+00:00
[2026-06-28T16:22:14.639+0000] {processor.py:183} INFO - Processing /opt/airflow/dags/urbanmove_nightly.py took 0.049 seconds
[2026-06-28T16:22:44.801+0000] {processor.py:161} INFO - Started process (PID=226) to work on /opt/airflow/dags/urbanmove_nightly.py
[2026-06-28T16:22:44.801+0000] {processor.py:830} INFO - Processing file /opt/airflow/dags/urbanmove_nightly.py for tasks to queue
[2026-06-28T16:22:44.802+0000] {logging_mixin.py:188} INFO - [2026-06-28T16:22:44.802+0000] {dagbag.py:545} INFO - Filling up the DagBag from /opt/airflow/dags/urbanmove_nightly.py
[2026-06-28T16:22:44.809+0000] {processor.py:840} INFO - DAG(s) 'urbanmove_nightly_pipeline' retrieved from /opt/airflow/dags/urbanmove_nightly.py
[2026-06-28T16:22:44.827+0000] {logging_mixin.py:188} INFO - [2026-06-28T16:22:44.827+0000] {dag.py:3096} INFO - Sync 1 DAGs
[2026-06-28T16:22:44.837+0000] {logging_mixin.py:188} INFO - [2026-06-28T16:22:44.837+0000] {dag.py:3954} INFO - Setting next_dagrun for urbanmove_nightly_pipeline to 2026-06-27 02:00:00+00:00, run_after=2026-06-28 02:00:00+00:00
[2026-06-28T16:22:44.844+0000] {processor.py:183} INFO - Processing /opt/airflow/dags/urbanmove_nightly.py took 0.047 seconds
[2026-06-28T16:23:14.976+0000] {processor.py:161} INFO - Started process (PID=248) to work on /opt/airflow/dags/urbanmove_nightly.py
[2026-06-28T16:23:14.976+0000] {processor.py:830} INFO - Processing file /opt/airflow/dags/urbanmove_nightly.py for tasks to queue
[2026-06-28T16:23:14.977+0000] {logging_mixin.py:188} INFO - [2026-06-28T16:23:14.977+0000] {dagbag.py:545} INFO - Filling up the DagBag from /opt/airflow/dags/urbanmove_nightly.py
[2026-06-28T16:23:14.986+0000] {processor.py:840} INFO - DAG(s) 'urbanmove_nightly_pipeline' retrieved from /opt/airflow/dags/urbanmove_nightly.py
[2026-06-28T16:23:15.003+0000] {logging_mixin.py:188} INFO - [2026-06-28T16:23:15.003+0000] {dag.py:3096} INFO - Sync 1 DAGs
[2026-06-28T16:23:15.012+0000] {logging_mixin.py:188} INFO - [2026-06-28T16:23:15.012+0000] {dag.py:3954} INFO - Setting next_dagrun for urbanmove_nightly_pipeline to 2026-06-27 02:00:00+00:00, run_after=2026-06-28 02:00:00+00:00
[2026-06-28T16:23:15.019+0000] {processor.py:183} INFO - Processing /opt/airflow/dags/urbanmove_nightly.py took 0.047 seconds
[2026-06-28T16:23:45.164+0000] {processor.py:161} INFO - Started process (PID=310) to work on /opt/airflow/dags/urbanmove_nightly.py
[2026-06-28T16:23:45.164+0000] {processor.py:830} INFO - Processing file /opt/airflow/dags/urbanmove_nightly.py for tasks to queue
[2026-06-28T16:23:45.165+0000] {logging_mixin.py:188} INFO - [2026-06-28T16:23:45.165+0000] {dagbag.py:545} INFO - Filling up the DagBag from /opt/airflow/dags/urbanmove_nightly.py
[2026-06-28T16:23:45.170+0000] {processor.py:840} INFO - DAG(s) 'urbanmove_nightly_pipeline' retrieved from /opt/airflow/dags/urbanmove_nightly.py
[2026-06-28T16:23:45.183+0000] {logging_mixin.py:188} INFO - [2026-06-28T16:23:45.183+0000] {dag.py:3096} INFO - Sync 1 DAGs
[2026-06-28T16:23:45.190+0000] {logging_mixin.py:188} INFO - [2026-06-28T16:23:45.190+0000] {dag.py:3954} INFO - Setting next_dagrun for urbanmove_nightly_pipeline to 2026-06-28 02:00:00+00:00, run_after=2026-06-29 02:00:00+00:00
[2026-06-28T16:23:45.196+0000] {processor.py:183} INFO - Processing /opt/airflow/dags/urbanmove_nightly.py took 0.034 seconds
[2026-06-28T16:24:15.281+0000] {processor.py:161} INFO - Started process (PID=315) to work on /opt/airflow/dags/urbanmove_nightly.py
[2026-06-28T16:24:15.282+0000] {processor.py:830} INFO - Processing file /opt/airflow/dags/urbanmove_nightly.py for tasks to queue
[2026-06-28T16:24:15.282+0000] {logging_mixin.py:188} INFO - [2026-06-28T16:24:15.282+0000] {dagbag.py:545} INFO - Filling up the DagBag from /opt/airflow/dags/urbanmove_nightly.py
[2026-06-28T16:24:15.287+0000] {processor.py:840} INFO - DAG(s) 'urbanmove_nightly_pipeline' retrieved from /opt/airflow/dags/urbanmove_nightly.py
[2026-06-28T16:24:15.297+0000] {logging_mixin.py:188} INFO - [2026-06-28T16:24:15.297+0000] {dag.py:3096} INFO - Sync 1 DAGs
[2026-06-28T16:24:15.305+0000] {logging_mixin.py:188} INFO - [2026-06-28T16:24:15.305+0000] {dag.py:3954} INFO - Setting next_dagrun for urbanmove_nightly_pipeline to 2026-06-28 02:00:00+00:00, run_after=2026-06-29 02:00:00+00:00
[2026-06-28T16:24:15.313+0000] {processor.py:183} INFO - Processing /opt/airflow/dags/urbanmove_nightly.py took 0.034 seconds
[2026-06-28T16:24:45.429+0000] {processor.py:161} INFO - Started process (PID=326) to work on /opt/airflow/dags/urbanmove_nightly.py
[2026-06-28T16:24:45.430+0000] {processor.py:830} INFO - Processing file /opt/airflow/dags/urbanmove_nightly.py for tasks to queue
[2026-06-28T16:24:45.432+0000] {logging_mixin.py:188} INFO - [2026-06-28T16:24:45.431+0000] {dagbag.py:545} INFO - Filling up the DagBag from /opt/airflow/dags/urbanmove_nightly.py
[2026-06-28T16:24:45.440+0000] {processor.py:840} INFO - DAG(s) 'urbanmove_nightly_pipeline' retrieved from /opt/airflow/dags/urbanmove_nightly.py
[2026-06-28T16:24:45.458+0000] {logging_mixin.py:188} INFO - [2026-06-28T16:24:45.458+0000] {dag.py:3096} INFO - Sync 1 DAGs
[2026-06-28T16:24:45.468+0000] {logging_mixin.py:188} INFO - [2026-06-28T16:24:45.468+0000] {dag.py:3954} INFO - Setting next_dagrun for urbanmove_nightly_pipeline to 2026-06-28 02:00:00+00:00, run_after=2026-06-29 02:00:00+00:00
[2026-06-28T16:24:45.474+0000] {processor.py:183} INFO - Processing /opt/airflow/dags/urbanmove_nightly.py took 0.050 seconds
[2026-06-28T16:25:15.623+0000] {processor.py:161} INFO - Started process (PID=331) to work on /opt/airflow/dags/urbanmove_nightly.py
[2026-06-28T16:25:15.623+0000] {processor.py:830} INFO - Processing file /opt/airflow/dags/urbanmove_nightly.py for tasks to queue
[2026-06-28T16:25:15.625+0000] {logging_mixin.py:188} INFO - [2026-06-28T16:25:15.624+0000] {dagbag.py:545} INFO - Filling up the DagBag from /opt/airflow/dags/urbanmove_nightly.py
[2026-06-28T16:25:15.632+0000] {processor.py:840} INFO - DAG(s) 'urbanmove_nightly_pipeline' retrieved from /opt/airflow/dags/urbanmove_nightly.py
[2026-06-28T16:25:15.645+0000] {logging_mixin.py:188} INFO - [2026-06-28T16:25:15.645+0000] {dag.py:3096} INFO - Sync 1 DAGs
[2026-06-28T16:25:15.653+0000] {logging_mixin.py:188} INFO - [2026-06-28T16:25:15.653+0000] {dag.py:3954} INFO - Setting next_dagrun for urbanmove_nightly_pipeline to 2026-06-28 02:00:00+00:00, run_after=2026-06-29 02:00:00+00:00
[2026-06-28T16:25:15.667+0000] {processor.py:183} INFO - Processing /opt/airflow/dags/urbanmove_nightly.py took 0.049 seconds
[2026-06-28T16:25:45.838+0000] {processor.py:161} INFO - Started process (PID=336) to work on /opt/airflow/dags/urbanmove_nightly.py
[2026-06-28T16:25:45.839+0000] {processor.py:830} INFO - Processing file /opt/airflow/dags/urbanmove_nightly.py for tasks to queue
[2026-06-28T16:25:45.841+0000] {logging_mixin.py:188} INFO - [2026-06-28T16:25:45.840+0000] {dagbag.py:545} INFO - Filling up the DagBag from /opt/airflow/dags/urbanmove_nightly.py
[2026-06-28T16:25:45.852+0000] {processor.py:840} INFO - DAG(s) 'urbanmove_nightly_pipeline' retrieved from /opt/airflow/dags/urbanmove_nightly.py
[2026-06-28T16:25:45.870+0000] {logging_mixin.py:188} INFO - [2026-06-28T16:25:45.870+0000] {dag.py:3096} INFO - Sync 1 DAGs
[2026-06-28T16:25:45.880+0000] {logging_mixin.py:188} INFO - [2026-06-28T16:25:45.880+0000] {dag.py:3954} INFO - Setting next_dagrun for urbanmove_nightly_pipeline to 2026-06-28 02:00:00+00:00, run_after=2026-06-29 02:00:00+00:00
[2026-06-28T16:25:45.886+0000] {processor.py:183} INFO - Processing /opt/airflow/dags/urbanmove_nightly.py took 0.055 seconds
[2026-06-28T16:26:16.015+0000] {processor.py:161} INFO - Started process (PID=341) to work on /opt/airflow/dags/urbanmove_nightly.py
[2026-06-28T16:26:16.016+0000] {processor.py:830} INFO - Processing file /opt/airflow/dags/urbanmove_nightly.py for tasks to queue
[2026-06-28T16:26:16.018+0000] {logging_mixin.py:188} INFO - [2026-06-28T16:26:16.018+0000] {dagbag.py:545} INFO - Filling up the DagBag from /opt/airflow/dags/urbanmove_nightly.py
[2026-06-28T16:26:16.027+0000] {processor.py:840} INFO - DAG(s) 'urbanmove_nightly_pipeline' retrieved from /opt/airflow/dags/urbanmove_nightly.py
[2026-06-28T16:26:16.043+0000] {logging_mixin.py:188} INFO - [2026-06-28T16:26:16.043+0000] {dag.py:3096} INFO - Sync 1 DAGs
[2026-06-28T16:26:16.054+0000] {logging_mixin.py:188} INFO - [2026-06-28T16:26:16.054+0000] {dag.py:3954} INFO - Setting next_dagrun for urbanmove_nightly_pipeline to 2026-06-28 02:00:00+00:00, run_after=2026-06-29 02:00:00+00:00
[2026-06-28T16:26:16.060+0000] {processor.py:183} INFO - Processing /opt/airflow/dags/urbanmove_nightly.py took 0.050 seconds
[2026-06-28T16:26:46.209+0000] {processor.py:161} INFO - Started process (PID=346) to work on /opt/airflow/dags/urbanmove_nightly.py
[2026-06-28T16:26:46.210+0000] {processor.py:830} INFO - Processing file /opt/airflow/dags/urbanmove_nightly.py for tasks to queue
[2026-06-28T16:26:46.211+0000] {logging_mixin.py:188} INFO - [2026-06-28T16:26:46.211+0000] {dagbag.py:545} INFO - Filling up the DagBag from /opt/airflow/dags/urbanmove_nightly.py
[2026-06-28T16:26:46.219+0000] {processor.py:840} INFO - DAG(s) 'urbanmove_nightly_pipeline' retrieved from /opt/airflow/dags/urbanmove_nightly.py
[2026-06-28T16:26:46.236+0000] {logging_mixin.py:188} INFO - [2026-06-28T16:26:46.236+0000] {dag.py:3096} INFO - Sync 1 DAGs
[2026-06-28T16:26:46.245+0000] {logging_mixin.py:188} INFO - [2026-06-28T16:26:46.245+0000] {dag.py:3954} INFO - Setting next_dagrun for urbanmove_nightly_pipeline to 2026-06-28 02:00:00+00:00, run_after=2026-06-29 02:00:00+00:00
[2026-06-28T16:26:46.251+0000] {processor.py:183} INFO - Processing /opt/airflow/dags/urbanmove_nightly.py took 0.048 seconds
[2026-06-28T16:27:16.370+0000] {processor.py:161} INFO - Started process (PID=351) to work on /opt/airflow/dags/urbanmove_nightly.py
[2026-06-28T16:27:16.371+0000] {processor.py:830} INFO - Processing file /opt/airflow/dags/urbanmove_nightly.py for tasks to queue
[2026-06-28T16:27:16.372+0000] {logging_mixin.py:188} INFO - [2026-06-28T16:27:16.372+0000] {dagbag.py:545} INFO - Filling up the DagBag from /opt/airflow/dags/urbanmove_nightly.py
[2026-06-28T16:27:16.381+0000] {processor.py:840} INFO - DAG(s) 'urbanmove_nightly_pipeline' retrieved from /opt/airflow/dags/urbanmove_nightly.py
[2026-06-28T16:27:16.401+0000] {logging_mixin.py:188} INFO - [2026-06-28T16:27:16.401+0000] {dag.py:3096} INFO - Sync 1 DAGs
[2026-06-28T16:27:16.410+0000] {logging_mixin.py:188} INFO - [2026-06-28T16:27:16.410+0000] {dag.py:3954} INFO - Setting next_dagrun for urbanmove_nightly_pipeline to 2026-06-28 02:00:00+00:00, run_after=2026-06-29 02:00:00+00:00
[2026-06-28T16:27:16.417+0000] {processor.py:183} INFO - Processing /opt/airflow/dags/urbanmove_nightly.py took 0.051 seconds
[2026-06-28T16:27:46.598+0000] {processor.py:161} INFO - Started process (PID=356) to work on /opt/airflow/dags/urbanmove_nightly.py
[2026-06-28T16:27:46.598+0000] {processor.py:830} INFO - Processing file /opt/airflow/dags/urbanmove_nightly.py for tasks to queue
[2026-06-28T16:27:46.599+0000] {logging_mixin.py:188} INFO - [2026-06-28T16:27:46.599+0000] {dagbag.py:545} INFO - Filling up the DagBag from /opt/airflow/dags/urbanmove_nightly.py
[2026-06-28T16:27:46.607+0000] {processor.py:840} INFO - DAG(s) 'urbanmove_nightly_pipeline' retrieved from /opt/airflow/dags/urbanmove_nightly.py
[2026-06-28T16:27:46.624+0000] {logging_mixin.py:188} INFO - [2026-06-28T16:27:46.623+0000] {dag.py:3096} INFO - Sync 1 DAGs
[2026-06-28T16:27:46.633+0000] {logging_mixin.py:188} INFO - [2026-06-28T16:27:46.633+0000] {dag.py:3954} INFO - Setting next_dagrun for urbanmove_nightly_pipeline to 2026-06-28 02:00:00+00:00, run_after=2026-06-29 02:00:00+00:00
[2026-06-28T16:27:46.639+0000] {processor.py:183} INFO - Processing /opt/airflow/dags/urbanmove_nightly.py took 0.047 seconds
[2026-06-28T16:28:16.798+0000] {processor.py:161} INFO - Started process (PID=361) to work on /opt/airflow/dags/urbanmove_nightly.py
[2026-06-28T16:28:16.799+0000] {processor.py:830} INFO - Processing file /opt/airflow/dags/urbanmove_nightly.py for tasks to queue
[2026-06-28T16:28:16.800+0000] {logging_mixin.py:188} INFO - [2026-06-28T16:28:16.800+0000] {dagbag.py:545} INFO - Filling up the DagBag from /opt/airflow/dags/urbanmove_nightly.py
[2026-06-28T16:28:16.809+0000] {processor.py:840} INFO - DAG(s) 'urbanmove_nightly_pipeline' retrieved from /opt/airflow/dags/urbanmove_nightly.py
[2026-06-28T16:28:16.824+0000] {logging_mixin.py:188} INFO - [2026-06-28T16:28:16.824+0000] {dag.py:3096} INFO - Sync 1 DAGs
[2026-06-28T16:28:16.833+0000] {logging_mixin.py:188} INFO - [2026-06-28T16:28:16.833+0000] {dag.py:3954} INFO - Setting next_dagrun for urbanmove_nightly_pipeline to 2026-06-28 02:00:00+00:00, run_after=2026-06-29 02:00:00+00:00
[2026-06-28T16:28:16.840+0000] {processor.py:183} INFO - Processing /opt/airflow/dags/urbanmove_nightly.py took 0.047 seconds
[2026-06-28T16:28:46.986+0000] {processor.py:161} INFO - Started process (PID=366) to work on /opt/airflow/dags/urbanmove_nightly.py
[2026-06-28T16:28:46.986+0000] {processor.py:830} INFO - Processing file /opt/airflow/dags/urbanmove_nightly.py for tasks to queue
[2026-06-28T16:28:46.987+0000] {logging_mixin.py:188} INFO - [2026-06-28T16:28:46.987+0000] {dagbag.py:545} INFO - Filling up the DagBag from /opt/airflow/dags/urbanmove_nightly.py
[2026-06-28T16:28:46.994+0000] {processor.py:840} INFO - DAG(s) 'urbanmove_nightly_pipeline' retrieved from /opt/airflow/dags/urbanmove_nightly.py
[2026-06-28T16:28:47.010+0000] {logging_mixin.py:188} INFO - [2026-06-28T16:28:47.010+0000] {dag.py:3096} INFO - Sync 1 DAGs
[2026-06-28T16:28:47.018+0000] {logging_mixin.py:188} INFO - [2026-06-28T16:28:47.018+0000] {dag.py:3954} INFO - Setting next_dagrun for urbanmove_nightly_pipeline to 2026-06-28 02:00:00+00:00, run_after=2026-06-29 02:00:00+00:00
[2026-06-28T16:28:47.024+0000] {processor.py:183} INFO - Processing /opt/airflow/dags/urbanmove_nightly.py took 0.043 seconds
[2026-06-28T16:29:17.208+0000] {processor.py:161} INFO - Started process (PID=371) to work on /opt/airflow/dags/urbanmove_nightly.py
[2026-06-28T16:29:17.208+0000] {processor.py:830} INFO - Processing file /opt/airflow/dags/urbanmove_nightly.py for tasks to queue
[2026-06-28T16:29:17.210+0000] {logging_mixin.py:188} INFO - [2026-06-28T16:29:17.209+0000] {dagbag.py:545} INFO - Filling up the DagBag from /opt/airflow/dags/urbanmove_nightly.py
[2026-06-28T16:29:17.221+0000] {processor.py:840} INFO - DAG(s) 'urbanmove_nightly_pipeline' retrieved from /opt/airflow/dags/urbanmove_nightly.py
[2026-06-28T16:29:17.240+0000] {logging_mixin.py:188} INFO - [2026-06-28T16:29:17.240+0000] {dag.py:3096} INFO - Sync 1 DAGs
[2026-06-28T16:29:17.251+0000] {logging_mixin.py:188} INFO - [2026-06-28T16:29:17.251+0000] {dag.py:3954} INFO - Setting next_dagrun for urbanmove_nightly_pipeline to 2026-06-28 02:00:00+00:00, run_after=2026-06-29 02:00:00+00:00
[2026-06-28T16:29:17.259+0000] {processor.py:183} INFO - Processing /opt/airflow/dags/urbanmove_nightly.py took 0.057 seconds
[2026-06-28T16:29:47.344+0000] {processor.py:161} INFO - Started process (PID=404) to work on /opt/airflow/dags/urbanmove_nightly.py
[2026-06-28T16:29:47.344+0000] {processor.py:830} INFO - Processing file /opt/airflow/dags/urbanmove_nightly.py for tasks to queue
[2026-06-28T16:29:47.345+0000] {logging_mixin.py:188} INFO - [2026-06-28T16:29:47.345+0000] {dagbag.py:545} INFO - Filling up the DagBag from /opt/airflow/dags/urbanmove_nightly.py
[2026-06-28T16:29:47.349+0000] {processor.py:840} INFO - DAG(s) 'urbanmove_nightly_pipeline' retrieved from /opt/airflow/dags/urbanmove_nightly.py
[2026-06-28T16:29:47.360+0000] {logging_mixin.py:188} INFO - [2026-06-28T16:29:47.360+0000] {dag.py:3096} INFO - Sync 1 DAGs
[2026-06-28T16:29:47.368+0000] {logging_mixin.py:188} INFO - [2026-06-28T16:29:47.368+0000] {dag.py:3954} INFO - Setting next_dagrun for urbanmove_nightly_pipeline to 2026-06-28 02:00:00+00:00, run_after=2026-06-29 02:00:00+00:00
[2026-06-28T16:29:47.374+0000] {processor.py:183} INFO - Processing /opt/airflow/dags/urbanmove_nightly.py took 0.032 seconds
[2026-06-28T16:30:17.525+0000] {processor.py:161} INFO - Started process (PID=409) to work on /opt/airflow/dags/urbanmove_nightly.py
[2026-06-28T16:30:17.525+0000] {processor.py:830} INFO - Processing file /opt/airflow/dags/urbanmove_nightly.py for tasks to queue
[2026-06-28T16:30:17.527+0000] {logging_mixin.py:188} INFO - [2026-06-28T16:30:17.526+0000] {dagbag.py:545} INFO - Filling up the DagBag from /opt/airflow/dags/urbanmove_nightly.py
[2026-06-28T16:30:17.536+0000] {processor.py:840} INFO - DAG(s) 'urbanmove_nightly_pipeline' retrieved from /opt/airflow/dags/urbanmove_nightly.py
[2026-06-28T16:30:17.560+0000] {logging_mixin.py:188} INFO - [2026-06-28T16:30:17.560+0000] {dag.py:3096} INFO - Sync 1 DAGs
[2026-06-28T16:30:17.578+0000] {logging_mixin.py:188} INFO - [2026-06-28T16:30:17.578+0000] {dag.py:3954} INFO - Setting next_dagrun for urbanmove_nightly_pipeline to 2026-06-28 02:00:00+00:00, run_after=2026-06-29 02:00:00+00:00
[2026-06-28T16:30:17.594+0000] {processor.py:183} INFO - Processing /opt/airflow/dags/urbanmove_nightly.py took 0.073 seconds
[2026-06-28T16:30:47.746+0000] {processor.py:161} INFO - Started process (PID=420) to work on /opt/airflow/dags/urbanmove_nightly.py
[2026-06-28T16:30:47.747+0000] {processor.py:830} INFO - Processing file /opt/airflow/dags/urbanmove_nightly.py for tasks to queue
[2026-06-28T16:30:47.749+0000] {logging_mixin.py:188} INFO - [2026-06-28T16:30:47.749+0000] {dagbag.py:545} INFO - Filling up the DagBag from /opt/airflow/dags/urbanmove_nightly.py
[2026-06-28T16:30:47.757+0000] {processor.py:840} INFO - DAG(s) 'urbanmove_nightly_pipeline' retrieved from /opt/airflow/dags/urbanmove_nightly.py
[2026-06-28T16:30:47.776+0000] {logging_mixin.py:188} INFO - [2026-06-28T16:30:47.776+0000] {dag.py:3096} INFO - Sync 1 DAGs
[2026-06-28T16:30:47.787+0000] {logging_mixin.py:188} INFO - [2026-06-28T16:30:47.787+0000] {dag.py:3954} INFO - Setting next_dagrun for urbanmove_nightly_pipeline to 2026-06-28 02:00:00+00:00, run_after=2026-06-29 02:00:00+00:00
[2026-06-28T16:30:47.798+0000] {processor.py:183} INFO - Processing /opt/airflow/dags/urbanmove_nightly.py took 0.057 seconds
[2026-06-28T16:31:17.886+0000] {processor.py:161} INFO - Started process (PID=425) to work on /opt/airflow/dags/urbanmove_nightly.py
[2026-06-28T16:31:17.887+0000] {processor.py:830} INFO - Processing file /opt/airflow/dags/urbanmove_nightly.py for tasks to queue
[2026-06-28T16:31:17.888+0000] {logging_mixin.py:188} INFO - [2026-06-28T16:31:17.888+0000] {dagbag.py:545} INFO - Filling up the DagBag from /opt/airflow/dags/urbanmove_nightly.py
[2026-06-28T16:31:17.897+0000] {processor.py:840} INFO - DAG(s) 'urbanmove_nightly_pipeline' retrieved from /opt/airflow/dags/urbanmove_nightly.py
[2026-06-28T16:31:17.923+0000] {logging_mixin.py:188} INFO - [2026-06-28T16:31:17.923+0000] {dag.py:3096} INFO - Sync 1 DAGs
[2026-06-28T16:31:17.932+0000] {logging_mixin.py:188} INFO - [2026-06-28T16:31:17.932+0000] {dag.py:3954} INFO - Setting next_dagrun for urbanmove_nightly_pipeline to 2026-06-28 02:00:00+00:00, run_after=2026-06-29 02:00:00+00:00
[2026-06-28T16:31:17.945+0000] {processor.py:183} INFO - Processing /opt/airflow/dags/urbanmove_nightly.py took 0.067 seconds
[2026-06-28T16:31:48.112+0000] {processor.py:161} INFO - Started process (PID=430) to work on /opt/airflow/dags/urbanmove_nightly.py
[2026-06-28T16:31:48.112+0000] {processor.py:830} INFO - Processing file /opt/airflow/dags/urbanmove_nightly.py for tasks to queue
[2026-06-28T16:31:48.114+0000] {logging_mixin.py:188} INFO - [2026-06-28T16:31:48.114+0000] {dagbag.py:545} INFO - Filling up the DagBag from /opt/airflow/dags/urbanmove_nightly.py
[2026-06-28T16:31:48.125+0000] {processor.py:840} INFO - DAG(s) 'urbanmove_nightly_pipeline' retrieved from /opt/airflow/dags/urbanmove_nightly.py
[2026-06-28T16:31:48.155+0000] {logging_mixin.py:188} INFO - [2026-06-28T16:31:48.155+0000] {dag.py:3096} INFO - Sync 1 DAGs
[2026-06-28T16:31:48.176+0000] {logging_mixin.py:188} INFO - [2026-06-28T16:31:48.176+0000] {dag.py:3954} INFO - Setting next_dagrun for urbanmove_nightly_pipeline to 2026-06-28 02:00:00+00:00, run_after=2026-06-29 02:00:00+00:00
[2026-06-28T16:31:48.195+0000] {processor.py:183} INFO - Processing /opt/airflow/dags/urbanmove_nightly.py took 0.089 seconds
[2026-06-28T16:32:18.272+0000] {processor.py:161} INFO - Started process (PID=435) to work on /opt/airflow/dags/urbanmove_nightly.py
[2026-06-28T16:32:18.272+0000] {processor.py:830} INFO - Processing file /opt/airflow/dags/urbanmove_nightly.py for tasks to queue
[2026-06-28T16:32:18.274+0000] {logging_mixin.py:188} INFO - [2026-06-28T16:32:18.273+0000] {dagbag.py:545} INFO - Filling up the DagBag from /opt/airflow/dags/urbanmove_nightly.py
[2026-06-28T16:32:18.283+0000] {processor.py:840} INFO - DAG(s) 'urbanmove_nightly_pipeline' retrieved from /opt/airflow/dags/urbanmove_nightly.py
[2026-06-28T16:32:18.303+0000] {logging_mixin.py:188} INFO - [2026-06-28T16:32:18.302+0000] {dag.py:3096} INFO - Sync 1 DAGs
[2026-06-28T16:32:18.319+0000] {logging_mixin.py:188} INFO - [2026-06-28T16:32:18.319+0000] {dag.py:3954} INFO - Setting next_dagrun for urbanmove_nightly_pipeline to 2026-06-28 02:00:00+00:00, run_after=2026-06-29 02:00:00+00:00
[2026-06-28T16:32:18.334+0000] {processor.py:183} INFO - Processing /opt/airflow/dags/urbanmove_nightly.py took 0.067 seconds
[2026-06-28T16:32:48.474+0000] {processor.py:161} INFO - Started process (PID=440) to work on /opt/airflow/dags/urbanmove_nightly.py
[2026-06-28T16:32:48.474+0000] {processor.py:830} INFO - Processing file /opt/airflow/dags/urbanmove_nightly.py for tasks to queue
[2026-06-28T16:32:48.476+0000] {logging_mixin.py:188} INFO - [2026-06-28T16:32:48.475+0000] {dagbag.py:545} INFO - Filling up the DagBag from /opt/airflow/dags/urbanmove_nightly.py
[2026-06-28T16:32:48.482+0000] {processor.py:840} INFO - DAG(s) 'urbanmove_nightly_pipeline' retrieved from /opt/airflow/dags/urbanmove_nightly.py
[2026-06-28T16:32:48.505+0000] {logging_mixin.py:188} INFO - [2026-06-28T16:32:48.505+0000] {dag.py:3096} INFO - Sync 1 DAGs
[2026-06-28T16:32:48.518+0000] {logging_mixin.py:188} INFO - [2026-06-28T16:32:48.518+0000] {dag.py:3954} INFO - Setting next_dagrun for urbanmove_nightly_pipeline to 2026-06-28 02:00:00+00:00, run_after=2026-06-29 02:00:00+00:00
[2026-06-28T16:32:48.528+0000] {processor.py:183} INFO - Processing /opt/airflow/dags/urbanmove_nightly.py took 0.058 seconds
[2026-06-28T16:33:18.646+0000] {processor.py:161} INFO - Started process (PID=445) to work on /opt/airflow/dags/urbanmove_nightly.py
[2026-06-28T16:33:18.646+0000] {processor.py:830} INFO - Processing file /opt/airflow/dags/urbanmove_nightly.py for tasks to queue
[2026-06-28T16:33:18.648+0000] {logging_mixin.py:188} INFO - [2026-06-28T16:33:18.647+0000] {dagbag.py:545} INFO - Filling up the DagBag from /opt/airflow/dags/urbanmove_nightly.py
[2026-06-28T16:33:18.655+0000] {processor.py:840} INFO - DAG(s) 'urbanmove_nightly_pipeline' retrieved from /opt/airflow/dags/urbanmove_nightly.py
[2026-06-28T16:33:18.669+0000] {logging_mixin.py:188} INFO - [2026-06-28T16:33:18.669+0000] {dag.py:3096} INFO - Sync 1 DAGs
[2026-06-28T16:33:18.678+0000] {logging_mixin.py:188} INFO - [2026-06-28T16:33:18.678+0000] {dag.py:3954} INFO - Setting next_dagrun for urbanmove_nightly_pipeline to 2026-06-28 02:00:00+00:00, run_after=2026-06-29 02:00:00+00:00
[2026-06-28T16:33:18.684+0000] {processor.py:183} INFO - Processing /opt/airflow/dags/urbanmove_nightly.py took 0.043 seconds
[2026-06-28T16:33:48.822+0000] {processor.py:161} INFO - Started process (PID=450) to work on /opt/airflow/dags/urbanmove_nightly.py
[2026-06-28T16:33:48.823+0000] {processor.py:830} INFO - Processing file /opt/airflow/dags/urbanmove_nightly.py for tasks to queue
[2026-06-28T16:33:48.825+0000] {logging_mixin.py:188} INFO - [2026-06-28T16:33:48.824+0000] {dagbag.py:545} INFO - Filling up the DagBag from /opt/airflow/dags/urbanmove_nightly.py
[2026-06-28T16:33:48.834+0000] {processor.py:840} INFO - DAG(s) 'urbanmove_nightly_pipeline' retrieved from /opt/airflow/dags/urbanmove_nightly.py
[2026-06-28T16:33:48.862+0000] {logging_mixin.py:188} INFO - [2026-06-28T16:33:48.862+0000] {dag.py:3096} INFO - Sync 1 DAGs
[2026-06-28T16:33:48.882+0000] {logging_mixin.py:188} INFO - [2026-06-28T16:33:48.881+0000] {dag.py:3954} INFO - Setting next_dagrun for urbanmove_nightly_pipeline to 2026-06-28 02:00:00+00:00, run_after=2026-06-29 02:00:00+00:00
[2026-06-28T16:33:48.900+0000] {processor.py:183} INFO - Processing /opt/airflow/dags/urbanmove_nightly.py took 0.082 seconds
[2026-06-28T16:34:18.972+0000] {processor.py:161} INFO - Started process (PID=455) to work on /opt/airflow/dags/urbanmove_nightly.py
[2026-06-28T16:34:18.972+0000] {processor.py:830} INFO - Processing file /opt/airflow/dags/urbanmove_nightly.py for tasks to queue
[2026-06-28T16:34:18.974+0000] {logging_mixin.py:188} INFO - [2026-06-28T16:34:18.974+0000] {dagbag.py:545} INFO - Filling up the DagBag from /opt/airflow/dags/urbanmove_nightly.py
[2026-06-28T16:34:18.984+0000] {processor.py:840} INFO - DAG(s) 'urbanmove_nightly_pipeline' retrieved from /opt/airflow/dags/urbanmove_nightly.py
[2026-06-28T16:34:19.001+0000] {logging_mixin.py:188} INFO - [2026-06-28T16:34:19.001+0000] {dag.py:3096} INFO - Sync 1 DAGs
[2026-06-28T16:34:19.012+0000] {logging_mixin.py:188} INFO - [2026-06-28T16:34:19.012+0000] {dag.py:3954} INFO - Setting next_dagrun for urbanmove_nightly_pipeline to 2026-06-28 02:00:00+00:00, run_after=2026-06-29 02:00:00+00:00
[2026-06-28T16:34:19.021+0000] {processor.py:183} INFO - Processing /opt/airflow/dags/urbanmove_nightly.py took 0.054 seconds
[2026-06-28T16:34:49.207+0000] {processor.py:161} INFO - Started process (PID=460) to work on /opt/airflow/dags/urbanmove_nightly.py
[2026-06-28T16:34:49.208+0000] {processor.py:830} INFO - Processing file /opt/airflow/dags/urbanmove_nightly.py for tasks to queue
[2026-06-28T16:34:49.210+0000] {logging_mixin.py:188} INFO - [2026-06-28T16:34:49.209+0000] {dagbag.py:545} INFO - Filling up the DagBag from /opt/airflow/dags/urbanmove_nightly.py
[2026-06-28T16:34:49.219+0000] {processor.py:840} INFO - DAG(s) 'urbanmove_nightly_pipeline' retrieved from /opt/airflow/dags/urbanmove_nightly.py
[2026-06-28T16:34:49.236+0000] {logging_mixin.py:188} INFO - [2026-06-28T16:34:49.236+0000] {dag.py:3096} INFO - Sync 1 DAGs
[2026-06-28T16:34:49.246+0000] {logging_mixin.py:188} INFO - [2026-06-28T16:34:49.246+0000] {dag.py:3954} INFO - Setting next_dagrun for urbanmove_nightly_pipeline to 2026-06-28 02:00:00+00:00, run_after=2026-06-29 02:00:00+00:00
[2026-06-28T16:34:49.252+0000] {processor.py:183} INFO - Processing /opt/airflow/dags/urbanmove_nightly.py took 0.051 seconds
[2026-06-28T16:35:19.382+0000] {processor.py:161} INFO - Started process (PID=465) to work on /opt/airflow/dags/urbanmove_nightly.py
[2026-06-28T16:35:19.382+0000] {processor.py:830} INFO - Processing file /opt/airflow/dags/urbanmove_nightly.py for tasks to queue
[2026-06-28T16:35:19.384+0000] {logging_mixin.py:188} INFO - [2026-06-28T16:35:19.384+0000] {dagbag.py:545} INFO - Filling up the DagBag from /opt/airflow/dags/urbanmove_nightly.py
[2026-06-28T16:35:19.393+0000] {processor.py:840} INFO - DAG(s) 'urbanmove_nightly_pipeline' retrieved from /opt/airflow/dags/urbanmove_nightly.py
[2026-06-28T16:35:19.411+0000] {logging_mixin.py:188} INFO - [2026-06-28T16:35:19.411+0000] {dag.py:3096} INFO - Sync 1 DAGs
[2026-06-28T16:35:19.421+0000] {logging_mixin.py:188} INFO - [2026-06-28T16:35:19.421+0000] {dag.py:3954} INFO - Setting next_dagrun for urbanmove_nightly_pipeline to 2026-06-28 02:00:00+00:00, run_after=2026-06-29 02:00:00+00:00
[2026-06-28T16:35:19.428+0000] {processor.py:183} INFO - Processing /opt/airflow/dags/urbanmove_nightly.py took 0.053 seconds
[2026-06-28T16:35:49.595+0000] {processor.py:161} INFO - Started process (PID=470) to work on /opt/airflow/dags/urbanmove_nightly.py
[2026-06-28T16:35:49.596+0000] {processor.py:830} INFO - Processing file /opt/airflow/dags/urbanmove_nightly.py for tasks to queue
[2026-06-28T16:35:49.598+0000] {logging_mixin.py:188} INFO - [2026-06-28T16:35:49.597+0000] {dagbag.py:545} INFO - Filling up the DagBag from /opt/airflow/dags/urbanmove_nightly.py
[2026-06-28T16:35:49.606+0000] {processor.py:840} INFO - DAG(s) 'urbanmove_nightly_pipeline' retrieved from /opt/airflow/dags/urbanmove_nightly.py
[2026-06-28T16:35:49.626+0000] {logging_mixin.py:188} INFO - [2026-06-28T16:35:49.626+0000] {dag.py:3096} INFO - Sync 1 DAGs
[2026-06-28T16:35:49.638+0000] {logging_mixin.py:188} INFO - [2026-06-28T16:35:49.638+0000] {dag.py:3954} INFO - Setting next_dagrun for urbanmove_nightly_pipeline to 2026-06-28 02:00:00+00:00, run_after=2026-06-29 02:00:00+00:00
[2026-06-28T16:35:49.646+0000] {processor.py:183} INFO - Processing /opt/airflow/dags/urbanmove_nightly.py took 0.056 seconds
[2026-06-28T16:36:19.778+0000] {processor.py:161} INFO - Started process (PID=475) to work on /opt/airflow/dags/urbanmove_nightly.py
[2026-06-28T16:36:19.779+0000] {processor.py:830} INFO - Processing file /opt/airflow/dags/urbanmove_nightly.py for tasks to queue
[2026-06-28T16:36:19.781+0000] {logging_mixin.py:188} INFO - [2026-06-28T16:36:19.781+0000] {dagbag.py:545} INFO - Filling up the DagBag from /opt/airflow/dags/urbanmove_nightly.py
[2026-06-28T16:36:19.789+0000] {processor.py:840} INFO - DAG(s) 'urbanmove_nightly_pipeline' retrieved from /opt/airflow/dags/urbanmove_nightly.py
[2026-06-28T16:36:19.805+0000] {logging_mixin.py:188} INFO - [2026-06-28T16:36:19.805+0000] {dag.py:3096} INFO - Sync 1 DAGs
[2026-06-28T16:36:19.816+0000] {logging_mixin.py:188} INFO - [2026-06-28T16:36:19.816+0000] {dag.py:3954} INFO - Setting next_dagrun for urbanmove_nightly_pipeline to 2026-06-28 02:00:00+00:00, run_after=2026-06-29 02:00:00+00:00
[2026-06-28T16:36:19.822+0000] {processor.py:183} INFO - Processing /opt/airflow/dags/urbanmove_nightly.py took 0.050 seconds
[2026-06-28T16:36:49.991+0000] {processor.py:161} INFO - Started process (PID=480) to work on /opt/airflow/dags/urbanmove_nightly.py
[2026-06-28T16:36:49.992+0000] {processor.py:830} INFO - Processing file /opt/airflow/dags/urbanmove_nightly.py for tasks to queue
[2026-06-28T16:36:49.993+0000] {logging_mixin.py:188} INFO - [2026-06-28T16:36:49.993+0000] {dagbag.py:545} INFO - Filling up the DagBag from /opt/airflow/dags/urbanmove_nightly.py
[2026-06-28T16:36:50.002+0000] {processor.py:840} INFO - DAG(s) 'urbanmove_nightly_pipeline' retrieved from /opt/airflow/dags/urbanmove_nightly.py
[2026-06-28T16:36:50.019+0000] {logging_mixin.py:188} INFO - [2026-06-28T16:36:50.019+0000] {dag.py:3096} INFO - Sync 1 DAGs
[2026-06-28T16:36:50.030+0000] {logging_mixin.py:188} INFO - [2026-06-28T16:36:50.029+0000] {dag.py:3954} INFO - Setting next_dagrun for urbanmove_nightly_pipeline to 2026-06-28 02:00:00+00:00, run_after=2026-06-29 02:00:00+00:00
[2026-06-28T16:36:50.036+0000] {processor.py:183} INFO - Processing /opt/airflow/dags/urbanmove_nightly.py took 0.051 seconds
[2026-06-28T16:37:20.154+0000] {processor.py:161} INFO - Started process (PID=485) to work on /opt/airflow/dags/urbanmove_nightly.py
[2026-06-28T16:37:20.155+0000] {processor.py:830} INFO - Processing file /opt/airflow/dags/urbanmove_nightly.py for tasks to queue
[2026-06-28T16:37:20.156+0000] {logging_mixin.py:188} INFO - [2026-06-28T16:37:20.156+0000] {dagbag.py:545} INFO - Filling up the DagBag from /opt/airflow/dags/urbanmove_nightly.py
[2026-06-28T16:37:20.161+0000] {processor.py:840} INFO - DAG(s) 'urbanmove_nightly_pipeline' retrieved from /opt/airflow/dags/urbanmove_nightly.py
[2026-06-28T16:37:20.175+0000] {logging_mixin.py:188} INFO - [2026-06-28T16:37:20.174+0000] {dag.py:3096} INFO - Sync 1 DAGs
[2026-06-28T16:37:20.185+0000] {logging_mixin.py:188} INFO - [2026-06-28T16:37:20.185+0000] {dag.py:3954} INFO - Setting next_dagrun for urbanmove_nightly_pipeline to 2026-06-28 02:00:00+00:00, run_after=2026-06-29 02:00:00+00:00
[2026-06-28T16:37:20.191+0000] {processor.py:183} INFO - Processing /opt/airflow/dags/urbanmove_nightly.py took 0.040 seconds
[2026-06-28T16:37:50.380+0000] {processor.py:161} INFO - Started process (PID=490) to work on /opt/airflow/dags/urbanmove_nightly.py
[2026-06-28T16:37:50.381+0000] {processor.py:830} INFO - Processing file /opt/airflow/dags/urbanmove_nightly.py for tasks to queue
[2026-06-28T16:37:50.382+0000] {logging_mixin.py:188} INFO - [2026-06-28T16:37:50.382+0000] {dagbag.py:545} INFO - Filling up the DagBag from /opt/airflow/dags/urbanmove_nightly.py
[2026-06-28T16:37:50.390+0000] {processor.py:840} INFO - DAG(s) 'urbanmove_nightly_pipeline' retrieved from /opt/airflow/dags/urbanmove_nightly.py
[2026-06-28T16:37:50.408+0000] {logging_mixin.py:188} INFO - [2026-06-28T16:37:50.408+0000] {dag.py:3096} INFO - Sync 1 DAGs
[2026-06-28T16:37:50.418+0000] {logging_mixin.py:188} INFO - [2026-06-28T16:37:50.418+0000] {dag.py:3954} INFO - Setting next_dagrun for urbanmove_nightly_pipeline to 2026-06-28 02:00:00+00:00, run_after=2026-06-29 02:00:00+00:00
[2026-06-28T16:37:50.424+0000] {processor.py:183} INFO - Processing /opt/airflow/dags/urbanmove_nightly.py took 0.049 seconds
[2026-06-28T16:38:20.592+0000] {processor.py:161} INFO - Started process (PID=495) to work on /opt/airflow/dags/urbanmove_nightly.py
[2026-06-28T16:38:20.592+0000] {processor.py:830} INFO - Processing file /opt/airflow/dags/urbanmove_nightly.py for tasks to queue
[2026-06-28T16:38:20.593+0000] {logging_mixin.py:188} INFO - [2026-06-28T16:38:20.593+0000] {dagbag.py:545} INFO - Filling up the DagBag from /opt/airflow/dags/urbanmove_nightly.py
[2026-06-28T16:38:20.599+0000] {processor.py:840} INFO - DAG(s) 'urbanmove_nightly_pipeline' retrieved from /opt/airflow/dags/urbanmove_nightly.py
[2026-06-28T16:38:20.614+0000] {logging_mixin.py:188} INFO - [2026-06-28T16:38:20.614+0000] {dag.py:3096} INFO - Sync 1 DAGs
[2026-06-28T16:38:20.624+0000] {logging_mixin.py:188} INFO - [2026-06-28T16:38:20.624+0000] {dag.py:3954} INFO - Setting next_dagrun for urbanmove_nightly_pipeline to 2026-06-28 02:00:00+00:00, run_after=2026-06-29 02:00:00+00:00
[2026-06-28T16:38:20.631+0000] {processor.py:183} INFO - Processing /opt/airflow/dags/urbanmove_nightly.py took 0.042 seconds
[2026-06-28T16:38:50.783+0000] {processor.py:161} INFO - Started process (PID=500) to work on /opt/airflow/dags/urbanmove_nightly.py
[2026-06-28T16:38:50.783+0000] {processor.py:830} INFO - Processing file /opt/airflow/dags/urbanmove_nightly.py for tasks to queue
[2026-06-28T16:38:50.784+0000] {logging_mixin.py:188} INFO - [2026-06-28T16:38:50.784+0000] {dagbag.py:545} INFO - Filling up the DagBag from /opt/airflow/dags/urbanmove_nightly.py
[2026-06-28T16:38:50.792+0000] {processor.py:840} INFO - DAG(s) 'urbanmove_nightly_pipeline' retrieved from /opt/airflow/dags/urbanmove_nightly.py
[2026-06-28T16:38:50.807+0000] {logging_mixin.py:188} INFO - [2026-06-28T16:38:50.807+0000] {dag.py:3096} INFO - Sync 1 DAGs
[2026-06-28T16:38:50.818+0000] {logging_mixin.py:188} INFO - [2026-06-28T16:38:50.818+0000] {dag.py:3954} INFO - Setting next_dagrun for urbanmove_nightly_pipeline to 2026-06-28 02:00:00+00:00, run_after=2026-06-29 02:00:00+00:00
[2026-06-28T16:38:50.826+0000] {processor.py:183} INFO - Processing /opt/airflow/dags/urbanmove_nightly.py took 0.047 seconds
[2026-06-28T16:39:20.977+0000] {processor.py:161} INFO - Started process (PID=505) to work on /opt/airflow/dags/urbanmove_nightly.py
[2026-06-28T16:39:20.979+0000] {processor.py:830} INFO - Processing file /opt/airflow/dags/urbanmove_nightly.py for tasks to queue
[2026-06-28T16:39:20.980+0000] {logging_mixin.py:188} INFO - [2026-06-28T16:39:20.980+0000] {dagbag.py:545} INFO - Filling up the DagBag from /opt/airflow/dags/urbanmove_nightly.py
[2026-06-28T16:39:20.987+0000] {processor.py:840} INFO - DAG(s) 'urbanmove_nightly_pipeline' retrieved from /opt/airflow/dags/urbanmove_nightly.py
[2026-06-28T16:39:21.001+0000] {logging_mixin.py:188} INFO - [2026-06-28T16:39:21.001+0000] {dag.py:3096} INFO - Sync 1 DAGs
[2026-06-28T16:39:21.011+0000] {logging_mixin.py:188} INFO - [2026-06-28T16:39:21.010+0000] {dag.py:3954} INFO - Setting next_dagrun for urbanmove_nightly_pipeline to 2026-06-28 02:00:00+00:00, run_after=2026-06-29 02:00:00+00:00
[2026-06-28T16:39:21.018+0000] {processor.py:183} INFO - Processing /opt/airflow/dags/urbanmove_nightly.py took 0.046 seconds
[2026-06-28T16:39:51.156+0000] {processor.py:161} INFO - Started process (PID=510) to work on /opt/airflow/dags/urbanmove_nightly.py
[2026-06-28T16:39:51.156+0000] {processor.py:830} INFO - Processing file /opt/airflow/dags/urbanmove_nightly.py for tasks to queue
[2026-06-28T16:39:51.157+0000] {logging_mixin.py:188} INFO - [2026-06-28T16:39:51.157+0000] {dagbag.py:545} INFO - Filling up the DagBag from /opt/airflow/dags/urbanmove_nightly.py
[2026-06-28T16:39:51.161+0000] {processor.py:840} INFO - DAG(s) 'urbanmove_nightly_pipeline' retrieved from /opt/airflow/dags/urbanmove_nightly.py
[2026-06-28T16:39:51.173+0000] {logging_mixin.py:188} INFO - [2026-06-28T16:39:51.173+0000] {dag.py:3096} INFO - Sync 1 DAGs
[2026-06-28T16:39:51.181+0000] {logging_mixin.py:188} INFO - [2026-06-28T16:39:51.181+0000] {dag.py:3954} INFO - Setting next_dagrun for urbanmove_nightly_pipeline to 2026-06-28 02:00:00+00:00, run_after=2026-06-29 02:00:00+00:00
[2026-06-28T16:39:51.187+0000] {processor.py:183} INFO - Processing /opt/airflow/dags/urbanmove_nightly.py took 0.035 seconds
[2026-06-28T16:40:21.328+0000] {processor.py:161} INFO - Started process (PID=515) to work on /opt/airflow/dags/urbanmove_nightly.py
[2026-06-28T16:40:21.328+0000] {processor.py:830} INFO - Processing file /opt/airflow/dags/urbanmove_nightly.py for tasks to queue
[2026-06-28T16:40:21.329+0000] {logging_mixin.py:188} INFO - [2026-06-28T16:40:21.329+0000] {dagbag.py:545} INFO - Filling up the DagBag from /opt/airflow/dags/urbanmove_nightly.py
[2026-06-28T16:40:21.335+0000] {processor.py:840} INFO - DAG(s) 'urbanmove_nightly_pipeline' retrieved from /opt/airflow/dags/urbanmove_nightly.py
[2026-06-28T16:40:21.348+0000] {logging_mixin.py:188} INFO - [2026-06-28T16:40:21.347+0000] {dag.py:3096} INFO - Sync 1 DAGs
[2026-06-28T16:40:21.357+0000] {logging_mixin.py:188} INFO - [2026-06-28T16:40:21.357+0000] {dag.py:3954} INFO - Setting next_dagrun for urbanmove_nightly_pipeline to 2026-06-28 02:00:00+00:00, run_after=2026-06-29 02:00:00+00:00
[2026-06-28T16:40:21.363+0000] {processor.py:183} INFO - Processing /opt/airflow/dags/urbanmove_nightly.py took 0.039 seconds
[2026-06-28T16:40:51.512+0000] {processor.py:161} INFO - Started process (PID=520) to work on /opt/airflow/dags/urbanmove_nightly.py
[2026-06-28T16:40:51.513+0000] {processor.py:830} INFO - Processing file /opt/airflow/dags/urbanmove_nightly.py for tasks to queue
[2026-06-28T16:40:51.514+0000] {logging_mixin.py:188} INFO - [2026-06-28T16:40:51.513+0000] {dagbag.py:545} INFO - Filling up the DagBag from /opt/airflow/dags/urbanmove_nightly.py
[2026-06-28T16:40:51.522+0000] {processor.py:840} INFO - DAG(s) 'urbanmove_nightly_pipeline' retrieved from /opt/airflow/dags/urbanmove_nightly.py
[2026-06-28T16:40:51.535+0000] {logging_mixin.py:188} INFO - [2026-06-28T16:40:51.535+0000] {dag.py:3096} INFO - Sync 1 DAGs
[2026-06-28T16:40:51.544+0000] {logging_mixin.py:188} INFO - [2026-06-28T16:40:51.544+0000] {dag.py:3954} INFO - Setting next_dagrun for urbanmove_nightly_pipeline to 2026-06-28 02:00:00+00:00, run_after=2026-06-29 02:00:00+00:00
[2026-06-28T16:40:51.552+0000] {processor.py:183} INFO - Processing /opt/airflow/dags/urbanmove_nightly.py took 0.043 seconds
[2026-06-28T16:41:21.690+0000] {processor.py:161} INFO - Started process (PID=525) to work on /opt/airflow/dags/urbanmove_nightly.py
[2026-06-28T16:41:21.691+0000] {processor.py:830} INFO - Processing file /opt/airflow/dags/urbanmove_nightly.py for tasks to queue
[2026-06-28T16:41:21.692+0000] {logging_mixin.py:188} INFO - [2026-06-28T16:41:21.691+0000] {dagbag.py:545} INFO - Filling up the DagBag from /opt/airflow/dags/urbanmove_nightly.py
[2026-06-28T16:41:21.698+0000] {processor.py:840} INFO - DAG(s) 'urbanmove_nightly_pipeline' retrieved from /opt/airflow/dags/urbanmove_nightly.py
[2026-06-28T16:41:21.711+0000] {logging_mixin.py:188} INFO - [2026-06-28T16:41:21.711+0000] {dag.py:3096} INFO - Sync 1 DAGs
[2026-06-28T16:41:21.719+0000] {logging_mixin.py:188} INFO - [2026-06-28T16:41:21.719+0000] {dag.py:3954} INFO - Setting next_dagrun for urbanmove_nightly_pipeline to 2026-06-28 02:00:00+00:00, run_after=2026-06-29 02:00:00+00:00
[2026-06-28T16:41:21.726+0000] {processor.py:183} INFO - Processing /opt/airflow/dags/urbanmove_nightly.py took 0.041 seconds
[2026-06-28T16:41:51.906+0000] {processor.py:161} INFO - Started process (PID=530) to work on /opt/airflow/dags/urbanmove_nightly.py
[2026-06-28T16:41:51.907+0000] {processor.py:830} INFO - Processing file /opt/airflow/dags/urbanmove_nightly.py for tasks to queue
[2026-06-28T16:41:51.908+0000] {logging_mixin.py:188} INFO - [2026-06-28T16:41:51.908+0000] {dagbag.py:545} INFO - Filling up the DagBag from /opt/airflow/dags/urbanmove_nightly.py
[2026-06-28T16:41:51.917+0000] {processor.py:840} INFO - DAG(s) 'urbanmove_nightly_pipeline' retrieved from /opt/airflow/dags/urbanmove_nightly.py
[2026-06-28T16:41:51.933+0000] {logging_mixin.py:188} INFO - [2026-06-28T16:41:51.933+0000] {dag.py:3096} INFO - Sync 1 DAGs
[2026-06-28T16:41:51.943+0000] {logging_mixin.py:188} INFO - [2026-06-28T16:41:51.942+0000] {dag.py:3954} INFO - Setting next_dagrun for urbanmove_nightly_pipeline to 2026-06-28 02:00:00+00:00, run_after=2026-06-29 02:00:00+00:00
[2026-06-28T16:41:51.950+0000] {processor.py:183} INFO - Processing /opt/airflow/dags/urbanmove_nightly.py took 0.049 seconds
[2026-06-28T16:42:22.113+0000] {processor.py:161} INFO - Started process (PID=535) to work on /opt/airflow/dags/urbanmove_nightly.py
[2026-06-28T16:42:22.113+0000] {processor.py:830} INFO - Processing file /opt/airflow/dags/urbanmove_nightly.py for tasks to queue
[2026-06-28T16:42:22.115+0000] {logging_mixin.py:188} INFO - [2026-06-28T16:42:22.115+0000] {dagbag.py:545} INFO - Filling up the DagBag from /opt/airflow/dags/urbanmove_nightly.py
[2026-06-28T16:42:22.124+0000] {processor.py:840} INFO - DAG(s) 'urbanmove_nightly_pipeline' retrieved from /opt/airflow/dags/urbanmove_nightly.py
[2026-06-28T16:42:22.141+0000] {logging_mixin.py:188} INFO - [2026-06-28T16:42:22.140+0000] {dag.py:3096} INFO - Sync 1 DAGs
[2026-06-28T16:42:22.150+0000] {logging_mixin.py:188} INFO - [2026-06-28T16:42:22.150+0000] {dag.py:3954} INFO - Setting next_dagrun for urbanmove_nightly_pipeline to 2026-06-28 02:00:00+00:00, run_after=2026-06-29 02:00:00+00:00
[2026-06-28T16:42:22.156+0000] {processor.py:183} INFO - Processing /opt/airflow/dags/urbanmove_nightly.py took 0.048 seconds
[2026-06-28T16:42:52.304+0000] {processor.py:161} INFO - Started process (PID=540) to work on /opt/airflow/dags/urbanmove_nightly.py
[2026-06-28T16:42:52.304+0000] {processor.py:830} INFO - Processing file /opt/airflow/dags/urbanmove_nightly.py for tasks to queue
[2026-06-28T16:42:52.306+0000] {logging_mixin.py:188} INFO - [2026-06-28T16:42:52.306+0000] {dagbag.py:545} INFO - Filling up the DagBag from /opt/airflow/dags/urbanmove_nightly.py
[2026-06-28T16:42:52.314+0000] {processor.py:840} INFO - DAG(s) 'urbanmove_nightly_pipeline' retrieved from /opt/airflow/dags/urbanmove_nightly.py
[2026-06-28T16:42:52.332+0000] {logging_mixin.py:188} INFO - [2026-06-28T16:42:52.331+0000] {dag.py:3096} INFO - Sync 1 DAGs
[2026-06-28T16:42:52.341+0000] {logging_mixin.py:188} INFO - [2026-06-28T16:42:52.341+0000] {dag.py:3954} INFO - Setting next_dagrun for urbanmove_nightly_pipeline to 2026-06-28 02:00:00+00:00, run_after=2026-06-29 02:00:00+00:00
[2026-06-28T16:42:52.348+0000] {processor.py:183} INFO - Processing /opt/airflow/dags/urbanmove_nightly.py took 0.049 seconds
[2026-06-28T16:43:22.500+0000] {processor.py:161} INFO - Started process (PID=545) to work on /opt/airflow/dags/urbanmove_nightly.py
[2026-06-28T16:43:22.501+0000] {processor.py:830} INFO - Processing file /opt/airflow/dags/urbanmove_nightly.py for tasks to queue
[2026-06-28T16:43:22.502+0000] {logging_mixin.py:188} INFO - [2026-06-28T16:43:22.502+0000] {dagbag.py:545} INFO - Filling up the DagBag from /opt/airflow/dags/urbanmove_nightly.py
[2026-06-28T16:43:22.508+0000] {processor.py:840} INFO - DAG(s) 'urbanmove_nightly_pipeline' retrieved from /opt/airflow/dags/urbanmove_nightly.py
[2026-06-28T16:43:22.522+0000] {logging_mixin.py:188} INFO - [2026-06-28T16:43:22.522+0000] {dag.py:3096} INFO - Sync 1 DAGs
[2026-06-28T16:43:22.533+0000] {logging_mixin.py:188} INFO - [2026-06-28T16:43:22.533+0000] {dag.py:3954} INFO - Setting next_dagrun for urbanmove_nightly_pipeline to 2026-06-28 02:00:00+00:00, run_after=2026-06-29 02:00:00+00:00
[2026-06-28T16:43:22.539+0000] {processor.py:183} INFO - Processing /opt/airflow/dags/urbanmove_nightly.py took 0.042 seconds
[2026-06-28T16:43:52.695+0000] {processor.py:161} INFO - Started process (PID=550) to work on /opt/airflow/dags/urbanmove_nightly.py
[2026-06-28T16:43:52.696+0000] {processor.py:830} INFO - Processing file /opt/airflow/dags/urbanmove_nightly.py for tasks to queue
[2026-06-28T16:43:52.697+0000] {logging_mixin.py:188} INFO - [2026-06-28T16:43:52.697+0000] {dagbag.py:545} INFO - Filling up the DagBag from /opt/airflow/dags/urbanmove_nightly.py
[2026-06-28T16:43:52.703+0000] {processor.py:840} INFO - DAG(s) 'urbanmove_nightly_pipeline' retrieved from /opt/airflow/dags/urbanmove_nightly.py
[2026-06-28T16:43:52.717+0000] {logging_mixin.py:188} INFO - [2026-06-28T16:43:52.717+0000] {dag.py:3096} INFO - Sync 1 DAGs
[2026-06-28T16:43:52.725+0000] {logging_mixin.py:188} INFO - [2026-06-28T16:43:52.725+0000] {dag.py:3954} INFO - Setting next_dagrun for urbanmove_nightly_pipeline to 2026-06-28 02:00:00+00:00, run_after=2026-06-29 02:00:00+00:00
[2026-06-28T16:43:52.732+0000] {processor.py:183} INFO - Processing /opt/airflow/dags/urbanmove_nightly.py took 0.041 seconds
[2026-06-28T16:44:22.878+0000] {processor.py:161} INFO - Started process (PID=555) to work on /opt/airflow/dags/urbanmove_nightly.py
[2026-06-28T16:44:22.879+0000] {processor.py:830} INFO - Processing file /opt/airflow/dags/urbanmove_nightly.py for tasks to queue
[2026-06-28T16:44:22.880+0000] {logging_mixin.py:188} INFO - [2026-06-28T16:44:22.880+0000] {dagbag.py:545} INFO - Filling up the DagBag from /opt/airflow/dags/urbanmove_nightly.py
[2026-06-28T16:44:22.887+0000] {processor.py:840} INFO - DAG(s) 'urbanmove_nightly_pipeline' retrieved from /opt/airflow/dags/urbanmove_nightly.py
[2026-06-28T16:44:22.901+0000] {logging_mixin.py:188} INFO - [2026-06-28T16:44:22.901+0000] {dag.py:3096} INFO - Sync 1 DAGs
[2026-06-28T16:44:22.909+0000] {logging_mixin.py:188} INFO - [2026-06-28T16:44:22.909+0000] {dag.py:3954} INFO - Setting next_dagrun for urbanmove_nightly_pipeline to 2026-06-28 02:00:00+00:00, run_after=2026-06-29 02:00:00+00:00
[2026-06-28T16:44:22.916+0000] {processor.py:183} INFO - Processing /opt/airflow/dags/urbanmove_nightly.py took 0.042 seconds
[2026-06-28T16:44:53.074+0000] {processor.py:161} INFO - Started process (PID=560) to work on /opt/airflow/dags/urbanmove_nightly.py
[2026-06-28T16:44:53.075+0000] {processor.py:830} INFO - Processing file /opt/airflow/dags/urbanmove_nightly.py for tasks to queue
[2026-06-28T16:44:53.076+0000] {logging_mixin.py:188} INFO - [2026-06-28T16:44:53.076+0000] {dagbag.py:545} INFO - Filling up the DagBag from /opt/airflow/dags/urbanmove_nightly.py
[2026-06-28T16:44:53.081+0000] {processor.py:840} INFO - DAG(s) 'urbanmove_nightly_pipeline' retrieved from /opt/airflow/dags/urbanmove_nightly.py
[2026-06-28T16:44:53.094+0000] {logging_mixin.py:188} INFO - [2026-06-28T16:44:53.093+0000] {dag.py:3096} INFO - Sync 1 DAGs
[2026-06-28T16:44:53.103+0000] {logging_mixin.py:188} INFO - [2026-06-28T16:44:53.103+0000] {dag.py:3954} INFO - Setting next_dagrun for urbanmove_nightly_pipeline to 2026-06-28 02:00:00+00:00, run_after=2026-06-29 02:00:00+00:00
[2026-06-28T16:44:53.109+0000] {processor.py:183} INFO - Processing /opt/airflow/dags/urbanmove_nightly.py took 0.038 seconds
[2026-06-28T16:45:23.273+0000] {processor.py:161} INFO - Started process (PID=565) to work on /opt/airflow/dags/urbanmove_nightly.py
[2026-06-28T16:45:23.274+0000] {processor.py:830} INFO - Processing file /opt/airflow/dags/urbanmove_nightly.py for tasks to queue
[2026-06-28T16:45:23.275+0000] {logging_mixin.py:188} INFO - [2026-06-28T16:45:23.275+0000] {dagbag.py:545} INFO - Filling up the DagBag from /opt/airflow/dags/urbanmove_nightly.py
[2026-06-28T16:45:23.280+0000] {processor.py:840} INFO - DAG(s) 'urbanmove_nightly_pipeline' retrieved from /opt/airflow/dags/urbanmove_nightly.py
[2026-06-28T16:45:23.292+0000] {logging_mixin.py:188} INFO - [2026-06-28T16:45:23.292+0000] {dag.py:3096} INFO - Sync 1 DAGs
[2026-06-28T16:45:23.300+0000] {logging_mixin.py:188} INFO - [2026-06-28T16:45:23.300+0000] {dag.py:3954} INFO - Setting next_dagrun for urbanmove_nightly_pipeline to 2026-06-28 02:00:00+00:00, run_after=2026-06-29 02:00:00+00:00
[2026-06-28T16:45:23.307+0000] {processor.py:183} INFO - Processing /opt/airflow/dags/urbanmove_nightly.py took 0.038 seconds
[2026-06-28T16:45:53.456+0000] {processor.py:161} INFO - Started process (PID=570) to work on /opt/airflow/dags/urbanmove_nightly.py
[2026-06-28T16:45:53.456+0000] {processor.py:830} INFO - Processing file /opt/airflow/dags/urbanmove_nightly.py for tasks to queue
[2026-06-28T16:45:53.457+0000] {logging_mixin.py:188} INFO - [2026-06-28T16:45:53.457+0000] {dagbag.py:545} INFO - Filling up the DagBag from /opt/airflow/dags/urbanmove_nightly.py
[2026-06-28T16:45:53.462+0000] {processor.py:840} INFO - DAG(s) 'urbanmove_nightly_pipeline' retrieved from /opt/airflow/dags/urbanmove_nightly.py
[2026-06-28T16:45:53.475+0000] {logging_mixin.py:188} INFO - [2026-06-28T16:45:53.475+0000] {dag.py:3096} INFO - Sync 1 DAGs
[2026-06-28T16:45:53.485+0000] {logging_mixin.py:188} INFO - [2026-06-28T16:45:53.484+0000] {dag.py:3954} INFO - Setting next_dagrun for urbanmove_nightly_pipeline to 2026-06-28 02:00:00+00:00, run_after=2026-06-29 02:00:00+00:00
[2026-06-28T16:45:53.492+0000] {processor.py:183} INFO - Processing /opt/airflow/dags/urbanmove_nightly.py took 0.040 seconds
[2026-06-28T16:46:23.655+0000] {processor.py:161} INFO - Started process (PID=575) to work on /opt/airflow/dags/urbanmove_nightly.py
[2026-06-28T16:46:23.656+0000] {processor.py:830} INFO - Processing file /opt/airflow/dags/urbanmove_nightly.py for tasks to queue
[2026-06-28T16:46:23.657+0000] {logging_mixin.py:188} INFO - [2026-06-28T16:46:23.657+0000] {dagbag.py:545} INFO - Filling up the DagBag from /opt/airflow/dags/urbanmove_nightly.py
[2026-06-28T16:46:23.664+0000] {processor.py:840} INFO - DAG(s) 'urbanmove_nightly_pipeline' retrieved from /opt/airflow/dags/urbanmove_nightly.py
[2026-06-28T16:46:23.681+0000] {logging_mixin.py:188} INFO - [2026-06-28T16:46:23.680+0000] {dag.py:3096} INFO - Sync 1 DAGs
[2026-06-28T16:46:23.691+0000] {logging_mixin.py:188} INFO - [2026-06-28T16:46:23.691+0000] {dag.py:3954} INFO - Setting next_dagrun for urbanmove_nightly_pipeline to 2026-06-28 02:00:00+00:00, run_after=2026-06-29 02:00:00+00:00
[2026-06-28T16:46:23.697+0000] {processor.py:183} INFO - Processing /opt/airflow/dags/urbanmove_nightly.py took 0.047 seconds
[2026-06-28T16:46:53.840+0000] {processor.py:161} INFO - Started process (PID=580) to work on /opt/airflow/dags/urbanmove_nightly.py
[2026-06-28T16:46:53.840+0000] {processor.py:830} INFO - Processing file /opt/airflow/dags/urbanmove_nightly.py for tasks to queue
[2026-06-28T16:46:53.842+0000] {logging_mixin.py:188} INFO - [2026-06-28T16:46:53.842+0000] {dagbag.py:545} INFO - Filling up the DagBag from /opt/airflow/dags/urbanmove_nightly.py
[2026-06-28T16:46:53.850+0000] {processor.py:840} INFO - DAG(s) 'urbanmove_nightly_pipeline' retrieved from /opt/airflow/dags/urbanmove_nightly.py
[2026-06-28T16:46:53.867+0000] {logging_mixin.py:188} INFO - [2026-06-28T16:46:53.867+0000] {dag.py:3096} INFO - Sync 1 DAGs
[2026-06-28T16:46:53.876+0000] {logging_mixin.py:188} INFO - [2026-06-28T16:46:53.876+0000] {dag.py:3954} INFO - Setting next_dagrun for urbanmove_nightly_pipeline to 2026-06-28 02:00:00+00:00, run_after=2026-06-29 02:00:00+00:00
[2026-06-28T16:46:53.882+0000] {processor.py:183} INFO - Processing /opt/airflow/dags/urbanmove_nightly.py took 0.048 seconds
[2026-06-28T16:47:24.048+0000] {processor.py:161} INFO - Started process (PID=585) to work on /opt/airflow/dags/urbanmove_nightly.py
[2026-06-28T16:47:24.049+0000] {processor.py:830} INFO - Processing file /opt/airflow/dags/urbanmove_nightly.py for tasks to queue
[2026-06-28T16:47:24.050+0000] {logging_mixin.py:188} INFO - [2026-06-28T16:47:24.050+0000] {dagbag.py:545} INFO - Filling up the DagBag from /opt/airflow/dags/urbanmove_nightly.py
[2026-06-28T16:47:24.059+0000] {processor.py:840} INFO - DAG(s) 'urbanmove_nightly_pipeline' retrieved from /opt/airflow/dags/urbanmove_nightly.py
[2026-06-28T16:47:24.077+0000] {logging_mixin.py:188} INFO - [2026-06-28T16:47:24.077+0000] {dag.py:3096} INFO - Sync 1 DAGs
[2026-06-28T16:47:24.087+0000] {logging_mixin.py:188} INFO - [2026-06-28T16:47:24.087+0000] {dag.py:3954} INFO - Setting next_dagrun for urbanmove_nightly_pipeline to 2026-06-28 02:00:00+00:00, run_after=2026-06-29 02:00:00+00:00
[2026-06-28T16:47:24.094+0000] {processor.py:183} INFO - Processing /opt/airflow/dags/urbanmove_nightly.py took 0.051 seconds
[2026-06-28T16:47:54.225+0000] {processor.py:161} INFO - Started process (PID=590) to work on /opt/airflow/dags/urbanmove_nightly.py
[2026-06-28T16:47:54.226+0000] {processor.py:830} INFO - Processing file /opt/airflow/dags/urbanmove_nightly.py for tasks to queue
[2026-06-28T16:47:54.227+0000] {logging_mixin.py:188} INFO - [2026-06-28T16:47:54.227+0000] {dagbag.py:545} INFO - Filling up the DagBag from /opt/airflow/dags/urbanmove_nightly.py
[2026-06-28T16:47:54.234+0000] {processor.py:840} INFO - DAG(s) 'urbanmove_nightly_pipeline' retrieved from /opt/airflow/dags/urbanmove_nightly.py
[2026-06-28T16:47:54.249+0000] {logging_mixin.py:188} INFO - [2026-06-28T16:47:54.249+0000] {dag.py:3096} INFO - Sync 1 DAGs
[2026-06-28T16:47:54.256+0000] {logging_mixin.py:188} INFO - [2026-06-28T16:47:54.256+0000] {dag.py:3954} INFO - Setting next_dagrun for urbanmove_nightly_pipeline to 2026-06-28 02:00:00+00:00, run_after=2026-06-29 02:00:00+00:00
[2026-06-28T16:47:54.263+0000] {processor.py:183} INFO - Processing /opt/airflow/dags/urbanmove_nightly.py took 0.042 seconds
[2026-06-28T16:48:24.417+0000] {processor.py:161} INFO - Started process (PID=595) to work on /opt/airflow/dags/urbanmove_nightly.py
[2026-06-28T16:48:24.418+0000] {processor.py:830} INFO - Processing file /opt/airflow/dags/urbanmove_nightly.py for tasks to queue
[2026-06-28T16:48:24.419+0000] {logging_mixin.py:188} INFO - [2026-06-28T16:48:24.419+0000] {dagbag.py:545} INFO - Filling up the DagBag from /opt/airflow/dags/urbanmove_nightly.py
[2026-06-28T16:48:24.424+0000] {processor.py:840} INFO - DAG(s) 'urbanmove_nightly_pipeline' retrieved from /opt/airflow/dags/urbanmove_nightly.py
[2026-06-28T16:48:24.436+0000] {logging_mixin.py:188} INFO - [2026-06-28T16:48:24.436+0000] {dag.py:3096} INFO - Sync 1 DAGs
[2026-06-28T16:48:24.443+0000] {logging_mixin.py:188} INFO - [2026-06-28T16:48:24.443+0000] {dag.py:3954} INFO - Setting next_dagrun for urbanmove_nightly_pipeline to 2026-06-28 02:00:00+00:00, run_after=2026-06-29 02:00:00+00:00
[2026-06-28T16:48:24.450+0000] {processor.py:183} INFO - Processing /opt/airflow/dags/urbanmove_nightly.py took 0.036 seconds
[2026-06-28T16:48:54.598+0000] {processor.py:161} INFO - Started process (PID=600) to work on /opt/airflow/dags/urbanmove_nightly.py
[2026-06-28T16:48:54.598+0000] {processor.py:830} INFO - Processing file /opt/airflow/dags/urbanmove_nightly.py for tasks to queue
[2026-06-28T16:48:54.599+0000] {logging_mixin.py:188} INFO - [2026-06-28T16:48:54.599+0000] {dagbag.py:545} INFO - Filling up the DagBag from /opt/airflow/dags/urbanmove_nightly.py
[2026-06-28T16:48:54.604+0000] {processor.py:840} INFO - DAG(s) 'urbanmove_nightly_pipeline' retrieved from /opt/airflow/dags/urbanmove_nightly.py
[2026-06-28T16:48:54.616+0000] {logging_mixin.py:188} INFO - [2026-06-28T16:48:54.616+0000] {dag.py:3096} INFO - Sync 1 DAGs
[2026-06-28T16:48:54.624+0000] {logging_mixin.py:188} INFO - [2026-06-28T16:48:54.624+0000] {dag.py:3954} INFO - Setting next_dagrun for urbanmove_nightly_pipeline to 2026-06-28 02:00:00+00:00, run_after=2026-06-29 02:00:00+00:00
[2026-06-28T16:48:54.630+0000] {processor.py:183} INFO - Processing /opt/airflow/dags/urbanmove_nightly.py took 0.036 seconds
[2026-06-28T16:49:24.776+0000] {processor.py:161} INFO - Started process (PID=605) to work on /opt/airflow/dags/urbanmove_nightly.py
[2026-06-28T16:49:24.777+0000] {processor.py:830} INFO - Processing file /opt/airflow/dags/urbanmove_nightly.py for tasks to queue
[2026-06-28T16:49:24.779+0000] {logging_mixin.py:188} INFO - [2026-06-28T16:49:24.778+0000] {dagbag.py:545} INFO - Filling up the DagBag from /opt/airflow/dags/urbanmove_nightly.py
[2026-06-28T16:49:24.787+0000] {processor.py:840} INFO - DAG(s) 'urbanmove_nightly_pipeline' retrieved from /opt/airflow/dags/urbanmove_nightly.py
[2026-06-28T16:49:24.804+0000] {logging_mixin.py:188} INFO - [2026-06-28T16:49:24.804+0000] {dag.py:3096} INFO - Sync 1 DAGs
[2026-06-28T16:49:24.814+0000] {logging_mixin.py:188} INFO - [2026-06-28T16:49:24.814+0000] {dag.py:3954} INFO - Setting next_dagrun for urbanmove_nightly_pipeline to 2026-06-28 02:00:00+00:00, run_after=2026-06-29 02:00:00+00:00
[2026-06-28T16:49:24.821+0000] {processor.py:183} INFO - Processing /opt/airflow/dags/urbanmove_nightly.py took 0.050 seconds
[2026-06-28T16:49:54.980+0000] {processor.py:161} INFO - Started process (PID=610) to work on /opt/airflow/dags/urbanmove_nightly.py
[2026-06-28T16:49:54.981+0000] {processor.py:830} INFO - Processing file /opt/airflow/dags/urbanmove_nightly.py for tasks to queue
[2026-06-28T16:49:54.983+0000] {logging_mixin.py:188} INFO - [2026-06-28T16:49:54.982+0000] {dagbag.py:545} INFO - Filling up the DagBag from /opt/airflow/dags/urbanmove_nightly.py
[2026-06-28T16:49:54.992+0000] {processor.py:840} INFO - DAG(s) 'urbanmove_nightly_pipeline' retrieved from /opt/airflow/dags/urbanmove_nightly.py
[2026-06-28T16:49:55.010+0000] {logging_mixin.py:188} INFO - [2026-06-28T16:49:55.010+0000] {dag.py:3096} INFO - Sync 1 DAGs
[2026-06-28T16:49:55.019+0000] {logging_mixin.py:188} INFO - [2026-06-28T16:49:55.019+0000] {dag.py:3954} INFO - Setting next_dagrun for urbanmove_nightly_pipeline to 2026-06-28 02:00:00+00:00, run_after=2026-06-29 02:00:00+00:00
[2026-06-28T16:49:55.026+0000] {processor.py:183} INFO - Processing /opt/airflow/dags/urbanmove_nightly.py took 0.051 seconds
[2026-06-28T16:50:25.169+0000] {processor.py:161} INFO - Started process (PID=615) to work on /opt/airflow/dags/urbanmove_nightly.py
[2026-06-28T16:50:25.170+0000] {processor.py:830} INFO - Processing file /opt/airflow/dags/urbanmove_nightly.py for tasks to queue
[2026-06-28T16:50:25.171+0000] {logging_mixin.py:188} INFO - [2026-06-28T16:50:25.171+0000] {dagbag.py:545} INFO - Filling up the DagBag from /opt/airflow/dags/urbanmove_nightly.py
[2026-06-28T16:50:25.177+0000] {processor.py:840} INFO - DAG(s) 'urbanmove_nightly_pipeline' retrieved from /opt/airflow/dags/urbanmove_nightly.py
[2026-06-28T16:50:25.191+0000] {logging_mixin.py:188} INFO - [2026-06-28T16:50:25.191+0000] {dag.py:3096} INFO - Sync 1 DAGs
[2026-06-28T16:50:25.199+0000] {logging_mixin.py:188} INFO - [2026-06-28T16:50:25.199+0000] {dag.py:3954} INFO - Setting next_dagrun for urbanmove_nightly_pipeline to 2026-06-28 02:00:00+00:00, run_after=2026-06-29 02:00:00+00:00
[2026-06-28T16:50:25.206+0000] {processor.py:183} INFO - Processing /opt/airflow/dags/urbanmove_nightly.py took 0.042 seconds
[2026-06-28T16:50:55.348+0000] {processor.py:161} INFO - Started process (PID=620) to work on /opt/airflow/dags/urbanmove_nightly.py
[2026-06-28T16:50:55.349+0000] {processor.py:830} INFO - Processing file /opt/airflow/dags/urbanmove_nightly.py for tasks to queue
[2026-06-28T16:50:55.350+0000] {logging_mixin.py:188} INFO - [2026-06-28T16:50:55.349+0000] {dagbag.py:545} INFO - Filling up the DagBag from /opt/airflow/dags/urbanmove_nightly.py
[2026-06-28T16:50:55.354+0000] {processor.py:840} INFO - DAG(s) 'urbanmove_nightly_pipeline' retrieved from /opt/airflow/dags/urbanmove_nightly.py
[2026-06-28T16:50:55.366+0000] {logging_mixin.py:188} INFO - [2026-06-28T16:50:55.366+0000] {dag.py:3096} INFO - Sync 1 DAGs
[2026-06-28T16:50:55.373+0000] {logging_mixin.py:188} INFO - [2026-06-28T16:50:55.373+0000] {dag.py:3954} INFO - Setting next_dagrun for urbanmove_nightly_pipeline to 2026-06-28 02:00:00+00:00, run_after=2026-06-29 02:00:00+00:00
[2026-06-28T16:50:55.380+0000] {processor.py:183} INFO - Processing /opt/airflow/dags/urbanmove_nightly.py took 0.035 seconds
[2026-06-28T16:51:25.530+0000] {processor.py:161} INFO - Started process (PID=625) to work on /opt/airflow/dags/urbanmove_nightly.py
[2026-06-28T16:51:25.531+0000] {processor.py:830} INFO - Processing file /opt/airflow/dags/urbanmove_nightly.py for tasks to queue
[2026-06-28T16:51:25.533+0000] {logging_mixin.py:188} INFO - [2026-06-28T16:51:25.532+0000] {dagbag.py:545} INFO - Filling up the DagBag from /opt/airflow/dags/urbanmove_nightly.py
[2026-06-28T16:51:25.541+0000] {processor.py:840} INFO - DAG(s) 'urbanmove_nightly_pipeline' retrieved from /opt/airflow/dags/urbanmove_nightly.py
[2026-06-28T16:51:25.559+0000] {logging_mixin.py:188} INFO - [2026-06-28T16:51:25.558+0000] {dag.py:3096} INFO - Sync 1 DAGs
[2026-06-28T16:51:25.569+0000] {logging_mixin.py:188} INFO - [2026-06-28T16:51:25.569+0000] {dag.py:3954} INFO - Setting next_dagrun for urbanmove_nightly_pipeline to 2026-06-28 02:00:00+00:00, run_after=2026-06-29 02:00:00+00:00
[2026-06-28T16:51:25.576+0000] {processor.py:183} INFO - Processing /opt/airflow/dags/urbanmove_nightly.py took 0.051 seconds
[2026-06-28T16:51:55.738+0000] {processor.py:161} INFO - Started process (PID=630) to work on /opt/airflow/dags/urbanmove_nightly.py
[2026-06-28T16:51:55.739+0000] {processor.py:830} INFO - Processing file /opt/airflow/dags/urbanmove_nightly.py for tasks to queue
[2026-06-28T16:51:55.740+0000] {logging_mixin.py:188} INFO - [2026-06-28T16:51:55.740+0000] {dagbag.py:545} INFO - Filling up the DagBag from /opt/airflow/dags/urbanmove_nightly.py
[2026-06-28T16:51:55.748+0000] {processor.py:840} INFO - DAG(s) 'urbanmove_nightly_pipeline' retrieved from /opt/airflow/dags/urbanmove_nightly.py
[2026-06-28T16:51:55.765+0000] {logging_mixin.py:188} INFO - [2026-06-28T16:51:55.765+0000] {dag.py:3096} INFO - Sync 1 DAGs
[2026-06-28T16:51:55.775+0000] {logging_mixin.py:188} INFO - [2026-06-28T16:51:55.775+0000] {dag.py:3954} INFO - Setting next_dagrun for urbanmove_nightly_pipeline to 2026-06-28 02:00:00+00:00, run_after=2026-06-29 02:00:00+00:00
[2026-06-28T16:51:55.781+0000] {processor.py:183} INFO - Processing /opt/airflow/dags/urbanmove_nightly.py took 0.048 seconds
[2026-06-28T16:52:25.911+0000] {processor.py:161} INFO - Started process (PID=635) to work on /opt/airflow/dags/urbanmove_nightly.py
[2026-06-28T16:52:25.912+0000] {processor.py:830} INFO - Processing file /opt/airflow/dags/urbanmove_nightly.py for tasks to queue
[2026-06-28T16:52:25.913+0000] {logging_mixin.py:188} INFO - [2026-06-28T16:52:25.913+0000] {dagbag.py:545} INFO - Filling up the DagBag from /opt/airflow/dags/urbanmove_nightly.py
[2026-06-28T16:52:25.918+0000] {processor.py:840} INFO - DAG(s) 'urbanmove_nightly_pipeline' retrieved from /opt/airflow/dags/urbanmove_nightly.py
[2026-06-28T16:52:25.929+0000] {logging_mixin.py:188} INFO - [2026-06-28T16:52:25.929+0000] {dag.py:3096} INFO - Sync 1 DAGs
[2026-06-28T16:52:25.938+0000] {logging_mixin.py:188} INFO - [2026-06-28T16:52:25.938+0000] {dag.py:3954} INFO - Setting next_dagrun for urbanmove_nightly_pipeline to 2026-06-28 02:00:00+00:00, run_after=2026-06-29 02:00:00+00:00
[2026-06-28T16:52:25.944+0000] {processor.py:183} INFO - Processing /opt/airflow/dags/urbanmove_nightly.py took 0.036 seconds
[2026-06-28T16:52:56.092+0000] {processor.py:161} INFO - Started process (PID=640) to work on /opt/airflow/dags/urbanmove_nightly.py
[2026-06-28T16:52:56.093+0000] {processor.py:830} INFO - Processing file /opt/airflow/dags/urbanmove_nightly.py for tasks to queue
[2026-06-28T16:52:56.094+0000] {logging_mixin.py:188} INFO - [2026-06-28T16:52:56.094+0000] {dagbag.py:545} INFO - Filling up the DagBag from /opt/airflow/dags/urbanmove_nightly.py
[2026-06-28T16:52:56.103+0000] {processor.py:840} INFO - DAG(s) 'urbanmove_nightly_pipeline' retrieved from /opt/airflow/dags/urbanmove_nightly.py
[2026-06-28T16:52:56.121+0000] {logging_mixin.py:188} INFO - [2026-06-28T16:52:56.121+0000] {dag.py:3096} INFO - Sync 1 DAGs
[2026-06-28T16:52:56.130+0000] {logging_mixin.py:188} INFO - [2026-06-28T16:52:56.130+0000] {dag.py:3954} INFO - Setting next_dagrun for urbanmove_nightly_pipeline to 2026-06-28 02:00:00+00:00, run_after=2026-06-29 02:00:00+00:00
[2026-06-28T16:52:56.137+0000] {processor.py:183} INFO - Processing /opt/airflow/dags/urbanmove_nightly.py took 0.049 seconds
[2026-06-28T16:53:26.260+0000] {processor.py:161} INFO - Started process (PID=645) to work on /opt/airflow/dags/urbanmove_nightly.py
[2026-06-28T16:53:26.260+0000] {processor.py:830} INFO - Processing file /opt/airflow/dags/urbanmove_nightly.py for tasks to queue
[2026-06-28T16:53:26.261+0000] {logging_mixin.py:188} INFO - [2026-06-28T16:53:26.261+0000] {dagbag.py:545} INFO - Filling up the DagBag from /opt/airflow/dags/urbanmove_nightly.py
[2026-06-28T16:53:26.267+0000] {processor.py:840} INFO - DAG(s) 'urbanmove_nightly_pipeline' retrieved from /opt/airflow/dags/urbanmove_nightly.py
[2026-06-28T16:53:26.278+0000] {logging_mixin.py:188} INFO - [2026-06-28T16:53:26.278+0000] {dag.py:3096} INFO - Sync 1 DAGs
[2026-06-28T16:53:26.285+0000] {logging_mixin.py:188} INFO - [2026-06-28T16:53:26.285+0000] {dag.py:3954} INFO - Setting next_dagrun for urbanmove_nightly_pipeline to 2026-06-28 02:00:00+00:00, run_after=2026-06-29 02:00:00+00:00
[2026-06-28T16:53:26.292+0000] {processor.py:183} INFO - Processing /opt/airflow/dags/urbanmove_nightly.py took 0.036 seconds
[2026-06-28T16:53:56.479+0000] {processor.py:161} INFO - Started process (PID=650) to work on /opt/airflow/dags/urbanmove_nightly.py
[2026-06-28T16:53:56.480+0000] {processor.py:830} INFO - Processing file /opt/airflow/dags/urbanmove_nightly.py for tasks to queue
[2026-06-28T16:53:56.481+0000] {logging_mixin.py:188} INFO - [2026-06-28T16:53:56.481+0000] {dagbag.py:545} INFO - Filling up the DagBag from /opt/airflow/dags/urbanmove_nightly.py
[2026-06-28T16:53:56.485+0000] {processor.py:840} INFO - DAG(s) 'urbanmove_nightly_pipeline' retrieved from /opt/airflow/dags/urbanmove_nightly.py
[2026-06-28T16:53:56.497+0000] {logging_mixin.py:188} INFO - [2026-06-28T16:53:56.497+0000] {dag.py:3096} INFO - Sync 1 DAGs
[2026-06-28T16:53:56.507+0000] {logging_mixin.py:188} INFO - [2026-06-28T16:53:56.507+0000] {dag.py:3954} INFO - Setting next_dagrun for urbanmove_nightly_pipeline to 2026-06-28 02:00:00+00:00, run_after=2026-06-29 02:00:00+00:00
[2026-06-28T16:53:56.514+0000] {processor.py:183} INFO - Processing /opt/airflow/dags/urbanmove_nightly.py took 0.038 seconds
[2026-06-28T16:54:26.691+0000] {processor.py:161} INFO - Started process (PID=655) to work on /opt/airflow/dags/urbanmove_nightly.py
[2026-06-28T16:54:26.691+0000] {processor.py:830} INFO - Processing file /opt/airflow/dags/urbanmove_nightly.py for tasks to queue
[2026-06-28T16:54:26.693+0000] {logging_mixin.py:188} INFO - [2026-06-28T16:54:26.693+0000] {dagbag.py:545} INFO - Filling up the DagBag from /opt/airflow/dags/urbanmove_nightly.py
[2026-06-28T16:54:26.702+0000] {processor.py:840} INFO - DAG(s) 'urbanmove_nightly_pipeline' retrieved from /opt/airflow/dags/urbanmove_nightly.py
[2026-06-28T16:54:26.720+0000] {logging_mixin.py:188} INFO - [2026-06-28T16:54:26.719+0000] {dag.py:3096} INFO - Sync 1 DAGs
[2026-06-28T16:54:26.729+0000] {logging_mixin.py:188} INFO - [2026-06-28T16:54:26.729+0000] {dag.py:3954} INFO - Setting next_dagrun for urbanmove_nightly_pipeline to 2026-06-28 02:00:00+00:00, run_after=2026-06-29 02:00:00+00:00
[2026-06-28T16:54:26.736+0000] {processor.py:183} INFO - Processing /opt/airflow/dags/urbanmove_nightly.py took 0.050 seconds
[2026-06-28T16:54:56.868+0000] {processor.py:161} INFO - Started process (PID=660) to work on /opt/airflow/dags/urbanmove_nightly.py
[2026-06-28T16:54:56.869+0000] {processor.py:830} INFO - Processing file /opt/airflow/dags/urbanmove_nightly.py for tasks to queue
[2026-06-28T16:54:56.870+0000] {logging_mixin.py:188} INFO - [2026-06-28T16:54:56.870+0000] {dagbag.py:545} INFO - Filling up the DagBag from /opt/airflow/dags/urbanmove_nightly.py
[2026-06-28T16:54:56.878+0000] {processor.py:840} INFO - DAG(s) 'urbanmove_nightly_pipeline' retrieved from /opt/airflow/dags/urbanmove_nightly.py
[2026-06-28T16:54:56.894+0000] {logging_mixin.py:188} INFO - [2026-06-28T16:54:56.894+0000] {dag.py:3096} INFO - Sync 1 DAGs
[2026-06-28T16:54:56.903+0000] {logging_mixin.py:188} INFO - [2026-06-28T16:54:56.903+0000] {dag.py:3954} INFO - Setting next_dagrun for urbanmove_nightly_pipeline to 2026-06-28 02:00:00+00:00, run_after=2026-06-29 02:00:00+00:00
[2026-06-28T16:54:56.909+0000] {processor.py:183} INFO - Processing /opt/airflow/dags/urbanmove_nightly.py took 0.044 seconds
[2026-06-28T16:55:27.073+0000] {processor.py:161} INFO - Started process (PID=665) to work on /opt/airflow/dags/urbanmove_nightly.py
[2026-06-28T16:55:27.074+0000] {processor.py:830} INFO - Processing file /opt/airflow/dags/urbanmove_nightly.py for tasks to queue
[2026-06-28T16:55:27.075+0000] {logging_mixin.py:188} INFO - [2026-06-28T16:55:27.075+0000] {dagbag.py:545} INFO - Filling up the DagBag from /opt/airflow/dags/urbanmove_nightly.py
[2026-06-28T16:55:27.084+0000] {processor.py:840} INFO - DAG(s) 'urbanmove_nightly_pipeline' retrieved from /opt/airflow/dags/urbanmove_nightly.py
[2026-06-28T16:55:27.100+0000] {logging_mixin.py:188} INFO - [2026-06-28T16:55:27.100+0000] {dag.py:3096} INFO - Sync 1 DAGs
[2026-06-28T16:55:27.110+0000] {logging_mixin.py:188} INFO - [2026-06-28T16:55:27.110+0000] {dag.py:3954} INFO - Setting next_dagrun for urbanmove_nightly_pipeline to 2026-06-28 02:00:00+00:00, run_after=2026-06-29 02:00:00+00:00
[2026-06-28T16:55:27.116+0000] {processor.py:183} INFO - Processing /opt/airflow/dags/urbanmove_nightly.py took 0.049 seconds
[2026-06-28T16:55:57.266+0000] {processor.py:161} INFO - Started process (PID=670) to work on /opt/airflow/dags/urbanmove_nightly.py
[2026-06-28T16:55:57.267+0000] {processor.py:830} INFO - Processing file /opt/airflow/dags/urbanmove_nightly.py for tasks to queue
[2026-06-28T16:55:57.268+0000] {logging_mixin.py:188} INFO - [2026-06-28T16:55:57.267+0000] {dagbag.py:545} INFO - Filling up the DagBag from /opt/airflow/dags/urbanmove_nightly.py
[2026-06-28T16:55:57.275+0000] {processor.py:840} INFO - DAG(s) 'urbanmove_nightly_pipeline' retrieved from /opt/airflow/dags/urbanmove_nightly.py
[2026-06-28T16:55:57.292+0000] {logging_mixin.py:188} INFO - [2026-06-28T16:55:57.292+0000] {dag.py:3096} INFO - Sync 1 DAGs
[2026-06-28T16:55:57.301+0000] {logging_mixin.py:188} INFO - [2026-06-28T16:55:57.301+0000] {dag.py:3954} INFO - Setting next_dagrun for urbanmove_nightly_pipeline to 2026-06-28 02:00:00+00:00, run_after=2026-06-29 02:00:00+00:00
[2026-06-28T16:55:57.308+0000] {processor.py:183} INFO - Processing /opt/airflow/dags/urbanmove_nightly.py took 0.047 seconds
[2026-06-28T16:56:27.446+0000] {processor.py:161} INFO - Started process (PID=675) to work on /opt/airflow/dags/urbanmove_nightly.py
[2026-06-28T16:56:27.446+0000] {processor.py:830} INFO - Processing file /opt/airflow/dags/urbanmove_nightly.py for tasks to queue
[2026-06-28T16:56:27.448+0000] {logging_mixin.py:188} INFO - [2026-06-28T16:56:27.448+0000] {dagbag.py:545} INFO - Filling up the DagBag from /opt/airflow/dags/urbanmove_nightly.py
[2026-06-28T16:56:27.456+0000] {processor.py:840} INFO - DAG(s) 'urbanmove_nightly_pipeline' retrieved from /opt/airflow/dags/urbanmove_nightly.py
[2026-06-28T16:56:27.473+0000] {logging_mixin.py:188} INFO - [2026-06-28T16:56:27.473+0000] {dag.py:3096} INFO - Sync 1 DAGs
[2026-06-28T16:56:27.482+0000] {logging_mixin.py:188} INFO - [2026-06-28T16:56:27.482+0000] {dag.py:3954} INFO - Setting next_dagrun for urbanmove_nightly_pipeline to 2026-06-28 02:00:00+00:00, run_after=2026-06-29 02:00:00+00:00
[2026-06-28T16:56:27.488+0000] {processor.py:183} INFO - Processing /opt/airflow/dags/urbanmove_nightly.py took 0.047 seconds
[2026-06-28T16:56:57.672+0000] {processor.py:161} INFO - Started process (PID=680) to work on /opt/airflow/dags/urbanmove_nightly.py
[2026-06-28T16:56:57.672+0000] {processor.py:830} INFO - Processing file /opt/airflow/dags/urbanmove_nightly.py for tasks to queue
[2026-06-28T16:56:57.674+0000] {logging_mixin.py:188} INFO - [2026-06-28T16:56:57.674+0000] {dagbag.py:545} INFO - Filling up the DagBag from /opt/airflow/dags/urbanmove_nightly.py
[2026-06-28T16:56:57.682+0000] {processor.py:840} INFO - DAG(s) 'urbanmove_nightly_pipeline' retrieved from /opt/airflow/dags/urbanmove_nightly.py
[2026-06-28T16:56:57.701+0000] {logging_mixin.py:188} INFO - [2026-06-28T16:56:57.701+0000] {dag.py:3096} INFO - Sync 1 DAGs
[2026-06-28T16:56:57.712+0000] {logging_mixin.py:188} INFO - [2026-06-28T16:56:57.712+0000] {dag.py:3954} INFO - Setting next_dagrun for urbanmove_nightly_pipeline to 2026-06-28 02:00:00+00:00, run_after=2026-06-29 02:00:00+00:00
[2026-06-28T16:56:57.720+0000] {processor.py:183} INFO - Processing /opt/airflow/dags/urbanmove_nightly.py took 0.053 seconds
[2026-06-28T16:57:27.877+0000] {processor.py:161} INFO - Started process (PID=685) to work on /opt/airflow/dags/urbanmove_nightly.py
[2026-06-28T16:57:27.879+0000] {processor.py:830} INFO - Processing file /opt/airflow/dags/urbanmove_nightly.py for tasks to queue
[2026-06-28T16:57:27.880+0000] {logging_mixin.py:188} INFO - [2026-06-28T16:57:27.880+0000] {dagbag.py:545} INFO - Filling up the DagBag from /opt/airflow/dags/urbanmove_nightly.py
[2026-06-28T16:57:27.888+0000] {processor.py:840} INFO - DAG(s) 'urbanmove_nightly_pipeline' retrieved from /opt/airflow/dags/urbanmove_nightly.py
[2026-06-28T16:57:27.904+0000] {logging_mixin.py:188} INFO - [2026-06-28T16:57:27.904+0000] {dag.py:3096} INFO - Sync 1 DAGs
[2026-06-28T16:57:27.914+0000] {logging_mixin.py:188} INFO - [2026-06-28T16:57:27.914+0000] {dag.py:3954} INFO - Setting next_dagrun for urbanmove_nightly_pipeline to 2026-06-28 02:00:00+00:00, run_after=2026-06-29 02:00:00+00:00
[2026-06-28T16:57:27.920+0000] {processor.py:183} INFO - Processing /opt/airflow/dags/urbanmove_nightly.py took 0.048 seconds
[2026-06-28T16:57:58.067+0000] {processor.py:161} INFO - Started process (PID=690) to work on /opt/airflow/dags/urbanmove_nightly.py
[2026-06-28T16:57:58.068+0000] {processor.py:830} INFO - Processing file /opt/airflow/dags/urbanmove_nightly.py for tasks to queue
[2026-06-28T16:57:58.069+0000] {logging_mixin.py:188} INFO - [2026-06-28T16:57:58.069+0000] {dagbag.py:545} INFO - Filling up the DagBag from /opt/airflow/dags/urbanmove_nightly.py
[2026-06-28T16:57:58.077+0000] {processor.py:840} INFO - DAG(s) 'urbanmove_nightly_pipeline' retrieved from /opt/airflow/dags/urbanmove_nightly.py
[2026-06-28T16:57:58.094+0000] {logging_mixin.py:188} INFO - [2026-06-28T16:57:58.094+0000] {dag.py:3096} INFO - Sync 1 DAGs
[2026-06-28T16:57:58.103+0000] {logging_mixin.py:188} INFO - [2026-06-28T16:57:58.103+0000] {dag.py:3954} INFO - Setting next_dagrun for urbanmove_nightly_pipeline to 2026-06-28 02:00:00+00:00, run_after=2026-06-29 02:00:00+00:00
[2026-06-28T16:57:58.110+0000] {processor.py:183} INFO - Processing /opt/airflow/dags/urbanmove_nightly.py took 0.048 seconds
[2026-06-28T16:58:28.291+0000] {processor.py:161} INFO - Started process (PID=695) to work on /opt/airflow/dags/urbanmove_nightly.py
[2026-06-28T16:58:28.292+0000] {processor.py:830} INFO - Processing file /opt/airflow/dags/urbanmove_nightly.py for tasks to queue
[2026-06-28T16:58:28.293+0000] {logging_mixin.py:188} INFO - [2026-06-28T16:58:28.293+0000] {dagbag.py:545} INFO - Filling up the DagBag from /opt/airflow/dags/urbanmove_nightly.py
[2026-06-28T16:58:28.300+0000] {processor.py:840} INFO - DAG(s) 'urbanmove_nightly_pipeline' retrieved from /opt/airflow/dags/urbanmove_nightly.py
[2026-06-28T16:58:28.316+0000] {logging_mixin.py:188} INFO - [2026-06-28T16:58:28.316+0000] {dag.py:3096} INFO - Sync 1 DAGs
[2026-06-28T16:58:28.326+0000] {logging_mixin.py:188} INFO - [2026-06-28T16:58:28.326+0000] {dag.py:3954} INFO - Setting next_dagrun for urbanmove_nightly_pipeline to 2026-06-28 02:00:00+00:00, run_after=2026-06-29 02:00:00+00:00
[2026-06-28T16:58:28.333+0000] {processor.py:183} INFO - Processing /opt/airflow/dags/urbanmove_nightly.py took 0.047 seconds
[2026-06-28T16:58:58.479+0000] {processor.py:161} INFO - Started process (PID=700) to work on /opt/airflow/dags/urbanmove_nightly.py
[2026-06-28T16:58:58.479+0000] {processor.py:830} INFO - Processing file /opt/airflow/dags/urbanmove_nightly.py for tasks to queue
[2026-06-28T16:58:58.480+0000] {logging_mixin.py:188} INFO - [2026-06-28T16:58:58.480+0000] {dagbag.py:545} INFO - Filling up the DagBag from /opt/airflow/dags/urbanmove_nightly.py
[2026-06-28T16:58:58.487+0000] {processor.py:840} INFO - DAG(s) 'urbanmove_nightly_pipeline' retrieved from /opt/airflow/dags/urbanmove_nightly.py
[2026-06-28T16:58:58.501+0000] {logging_mixin.py:188} INFO - [2026-06-28T16:58:58.501+0000] {dag.py:3096} INFO - Sync 1 DAGs
[2026-06-28T16:58:58.511+0000] {logging_mixin.py:188} INFO - [2026-06-28T16:58:58.511+0000] {dag.py:3954} INFO - Setting next_dagrun for urbanmove_nightly_pipeline to 2026-06-28 02:00:00+00:00, run_after=2026-06-29 02:00:00+00:00
[2026-06-28T16:58:58.517+0000] {processor.py:183} INFO - Processing /opt/airflow/dags/urbanmove_nightly.py took 0.041 seconds
[2026-06-28T16:59:28.670+0000] {processor.py:161} INFO - Started process (PID=705) to work on /opt/airflow/dags/urbanmove_nightly.py
[2026-06-28T16:59:28.671+0000] {processor.py:830} INFO - Processing file /opt/airflow/dags/urbanmove_nightly.py for tasks to queue
[2026-06-28T16:59:28.672+0000] {logging_mixin.py:188} INFO - [2026-06-28T16:59:28.671+0000] {dagbag.py:545} INFO - Filling up the DagBag from /opt/airflow/dags/urbanmove_nightly.py
[2026-06-28T16:59:28.677+0000] {processor.py:840} INFO - DAG(s) 'urbanmove_nightly_pipeline' retrieved from /opt/airflow/dags/urbanmove_nightly.py
[2026-06-28T16:59:28.690+0000] {logging_mixin.py:188} INFO - [2026-06-28T16:59:28.690+0000] {dag.py:3096} INFO - Sync 1 DAGs
[2026-06-28T16:59:28.702+0000] {logging_mixin.py:188} INFO - [2026-06-28T16:59:28.702+0000] {dag.py:3954} INFO - Setting next_dagrun for urbanmove_nightly_pipeline to 2026-06-28 02:00:00+00:00, run_after=2026-06-29 02:00:00+00:00
[2026-06-28T16:59:28.708+0000] {processor.py:183} INFO - Processing /opt/airflow/dags/urbanmove_nightly.py took 0.043 seconds
[2026-06-28T16:59:58.867+0000] {processor.py:161} INFO - Started process (PID=710) to work on /opt/airflow/dags/urbanmove_nightly.py
[2026-06-28T16:59:58.868+0000] {processor.py:830} INFO - Processing file /opt/airflow/dags/urbanmove_nightly.py for tasks to queue
[2026-06-28T16:59:58.870+0000] {logging_mixin.py:188} INFO - [2026-06-28T16:59:58.869+0000] {dagbag.py:545} INFO - Filling up the DagBag from /opt/airflow/dags/urbanmove_nightly.py
[2026-06-28T16:59:58.879+0000] {processor.py:840} INFO - DAG(s) 'urbanmove_nightly_pipeline' retrieved from /opt/airflow/dags/urbanmove_nightly.py
[2026-06-28T16:59:58.896+0000] {logging_mixin.py:188} INFO - [2026-06-28T16:59:58.896+0000] {dag.py:3096} INFO - Sync 1 DAGs
[2026-06-28T16:59:58.906+0000] {logging_mixin.py:188} INFO - [2026-06-28T16:59:58.906+0000] {dag.py:3954} INFO - Setting next_dagrun for urbanmove_nightly_pipeline to 2026-06-28 02:00:00+00:00, run_after=2026-06-29 02:00:00+00:00
[2026-06-28T16:59:58.912+0000] {processor.py:183} INFO - Processing /opt/airflow/dags/urbanmove_nightly.py took 0.051 seconds
[2026-06-28T17:00:29.083+0000] {processor.py:161} INFO - Started process (PID=715) to work on /opt/airflow/dags/urbanmove_nightly.py
[2026-06-28T17:00:29.084+0000] {processor.py:830} INFO - Processing file /opt/airflow/dags/urbanmove_nightly.py for tasks to queue
[2026-06-28T17:00:29.085+0000] {logging_mixin.py:188} INFO - [2026-06-28T17:00:29.085+0000] {dagbag.py:545} INFO - Filling up the DagBag from /opt/airflow/dags/urbanmove_nightly.py
[2026-06-28T17:00:29.093+0000] {processor.py:840} INFO - DAG(s) 'urbanmove_nightly_pipeline' retrieved from /opt/airflow/dags/urbanmove_nightly.py
[2026-06-28T17:00:29.110+0000] {logging_mixin.py:188} INFO - [2026-06-28T17:00:29.110+0000] {dag.py:3096} INFO - Sync 1 DAGs
[2026-06-28T17:00:29.119+0000] {logging_mixin.py:188} INFO - [2026-06-28T17:00:29.119+0000] {dag.py:3954} INFO - Setting next_dagrun for urbanmove_nightly_pipeline to 2026-06-28 02:00:00+00:00, run_after=2026-06-29 02:00:00+00:00
[2026-06-28T17:00:29.125+0000] {processor.py:183} INFO - Processing /opt/airflow/dags/urbanmove_nightly.py took 0.047 seconds
[2026-06-28T17:00:59.284+0000] {processor.py:161} INFO - Started process (PID=720) to work on /opt/airflow/dags/urbanmove_nightly.py
[2026-06-28T17:00:59.284+0000] {processor.py:830} INFO - Processing file /opt/airflow/dags/urbanmove_nightly.py for tasks to queue
[2026-06-28T17:00:59.286+0000] {logging_mixin.py:188} INFO - [2026-06-28T17:00:59.285+0000] {dagbag.py:545} INFO - Filling up the DagBag from /opt/airflow/dags/urbanmove_nightly.py
[2026-06-28T17:00:59.294+0000] {processor.py:840} INFO - DAG(s) 'urbanmove_nightly_pipeline' retrieved from /opt/airflow/dags/urbanmove_nightly.py
[2026-06-28T17:00:59.311+0000] {logging_mixin.py:188} INFO - [2026-06-28T17:00:59.311+0000] {dag.py:3096} INFO - Sync 1 DAGs
[2026-06-28T17:00:59.322+0000] {logging_mixin.py:188} INFO - [2026-06-28T17:00:59.321+0000] {dag.py:3954} INFO - Setting next_dagrun for urbanmove_nightly_pipeline to 2026-06-28 02:00:00+00:00, run_after=2026-06-29 02:00:00+00:00
[2026-06-28T17:00:59.328+0000] {processor.py:183} INFO - Processing /opt/airflow/dags/urbanmove_nightly.py took 0.050 seconds
[2026-06-28T17:01:29.480+0000] {processor.py:161} INFO - Started process (PID=725) to work on /opt/airflow/dags/urbanmove_nightly.py
[2026-06-28T17:01:29.480+0000] {processor.py:830} INFO - Processing file /opt/airflow/dags/urbanmove_nightly.py for tasks to queue
[2026-06-28T17:01:29.482+0000] {logging_mixin.py:188} INFO - [2026-06-28T17:01:29.481+0000] {dagbag.py:545} INFO - Filling up the DagBag from /opt/airflow/dags/urbanmove_nightly.py
[2026-06-28T17:01:29.490+0000] {processor.py:840} INFO - DAG(s) 'urbanmove_nightly_pipeline' retrieved from /opt/airflow/dags/urbanmove_nightly.py
[2026-06-28T17:01:29.507+0000] {logging_mixin.py:188} INFO - [2026-06-28T17:01:29.507+0000] {dag.py:3096} INFO - Sync 1 DAGs
[2026-06-28T17:01:29.517+0000] {logging_mixin.py:188} INFO - [2026-06-28T17:01:29.517+0000] {dag.py:3954} INFO - Setting next_dagrun for urbanmove_nightly_pipeline to 2026-06-28 02:00:00+00:00, run_after=2026-06-29 02:00:00+00:00
[2026-06-28T17:01:29.523+0000] {processor.py:183} INFO - Processing /opt/airflow/dags/urbanmove_nightly.py took 0.049 seconds
[2026-06-28T17:01:59.683+0000] {processor.py:161} INFO - Started process (PID=730) to work on /opt/airflow/dags/urbanmove_nightly.py
[2026-06-28T17:01:59.684+0000] {processor.py:830} INFO - Processing file /opt/airflow/dags/urbanmove_nightly.py for tasks to queue
[2026-06-28T17:01:59.685+0000] {logging_mixin.py:188} INFO - [2026-06-28T17:01:59.685+0000] {dagbag.py:545} INFO - Filling up the DagBag from /opt/airflow/dags/urbanmove_nightly.py
[2026-06-28T17:01:59.694+0000] {processor.py:840} INFO - DAG(s) 'urbanmove_nightly_pipeline' retrieved from /opt/airflow/dags/urbanmove_nightly.py
[2026-06-28T17:01:59.711+0000] {logging_mixin.py:188} INFO - [2026-06-28T17:01:59.711+0000] {dag.py:3096} INFO - Sync 1 DAGs
[2026-06-28T17:01:59.721+0000] {logging_mixin.py:188} INFO - [2026-06-28T17:01:59.721+0000] {dag.py:3954} INFO - Setting next_dagrun for urbanmove_nightly_pipeline to 2026-06-28 02:00:00+00:00, run_after=2026-06-29 02:00:00+00:00
[2026-06-28T17:01:59.727+0000] {processor.py:183} INFO - Processing /opt/airflow/dags/urbanmove_nightly.py took 0.049 seconds
[2026-06-28T17:02:29.873+0000] {processor.py:161} INFO - Started process (PID=735) to work on /opt/airflow/dags/urbanmove_nightly.py
[2026-06-28T17:02:29.874+0000] {processor.py:830} INFO - Processing file /opt/airflow/dags/urbanmove_nightly.py for tasks to queue
[2026-06-28T17:02:29.876+0000] {logging_mixin.py:188} INFO - [2026-06-28T17:02:29.876+0000] {dagbag.py:545} INFO - Filling up the DagBag from /opt/airflow/dags/urbanmove_nightly.py
[2026-06-28T17:02:29.885+0000] {processor.py:840} INFO - DAG(s) 'urbanmove_nightly_pipeline' retrieved from /opt/airflow/dags/urbanmove_nightly.py
[2026-06-28T17:02:29.901+0000] {logging_mixin.py:188} INFO - [2026-06-28T17:02:29.901+0000] {dag.py:3096} INFO - Sync 1 DAGs
[2026-06-28T17:02:29.911+0000] {logging_mixin.py:188} INFO - [2026-06-28T17:02:29.910+0000] {dag.py:3954} INFO - Setting next_dagrun for urbanmove_nightly_pipeline to 2026-06-28 02:00:00+00:00, run_after=2026-06-29 02:00:00+00:00
[2026-06-28T17:02:29.917+0000] {processor.py:183} INFO - Processing /opt/airflow/dags/urbanmove_nightly.py took 0.049 seconds
[2026-06-28T17:03:00.075+0000] {processor.py:161} INFO - Started process (PID=740) to work on /opt/airflow/dags/urbanmove_nightly.py
[2026-06-28T17:03:00.076+0000] {processor.py:830} INFO - Processing file /opt/airflow/dags/urbanmove_nightly.py for tasks to queue
[2026-06-28T17:03:00.077+0000] {logging_mixin.py:188} INFO - [2026-06-28T17:03:00.077+0000] {dagbag.py:545} INFO - Filling up the DagBag from /opt/airflow/dags/urbanmove_nightly.py
[2026-06-28T17:03:00.086+0000] {processor.py:840} INFO - DAG(s) 'urbanmove_nightly_pipeline' retrieved from /opt/airflow/dags/urbanmove_nightly.py
[2026-06-28T17:03:00.103+0000] {logging_mixin.py:188} INFO - [2026-06-28T17:03:00.103+0000] {dag.py:3096} INFO - Sync 1 DAGs
[2026-06-28T17:03:00.112+0000] {logging_mixin.py:188} INFO - [2026-06-28T17:03:00.112+0000] {dag.py:3954} INFO - Setting next_dagrun for urbanmove_nightly_pipeline to 2026-06-28 02:00:00+00:00, run_after=2026-06-29 02:00:00+00:00
[2026-06-28T17:03:00.118+0000] {processor.py:183} INFO - Processing /opt/airflow/dags/urbanmove_nightly.py took 0.048 seconds
[2026-06-28T17:03:30.285+0000] {processor.py:161} INFO - Started process (PID=745) to work on /opt/airflow/dags/urbanmove_nightly.py
[2026-06-28T17:03:30.286+0000] {processor.py:830} INFO - Processing file /opt/airflow/dags/urbanmove_nightly.py for tasks to queue
[2026-06-28T17:03:30.288+0000] {logging_mixin.py:188} INFO - [2026-06-28T17:03:30.287+0000] {dagbag.py:545} INFO - Filling up the DagBag from /opt/airflow/dags/urbanmove_nightly.py
[2026-06-28T17:03:30.297+0000] {processor.py:840} INFO - DAG(s) 'urbanmove_nightly_pipeline' retrieved from /opt/airflow/dags/urbanmove_nightly.py
[2026-06-28T17:03:30.315+0000] {logging_mixin.py:188} INFO - [2026-06-28T17:03:30.315+0000] {dag.py:3096} INFO - Sync 1 DAGs
[2026-06-28T17:03:30.325+0000] {logging_mixin.py:188} INFO - [2026-06-28T17:03:30.325+0000] {dag.py:3954} INFO - Setting next_dagrun for urbanmove_nightly_pipeline to 2026-06-28 02:00:00+00:00, run_after=2026-06-29 02:00:00+00:00
[2026-06-28T17:03:30.331+0000] {processor.py:183} INFO - Processing /opt/airflow/dags/urbanmove_nightly.py took 0.051 seconds
[2026-06-28T17:04:00.480+0000] {processor.py:161} INFO - Started process (PID=750) to work on /opt/airflow/dags/urbanmove_nightly.py
[2026-06-28T17:04:00.481+0000] {processor.py:830} INFO - Processing file /opt/airflow/dags/urbanmove_nightly.py for tasks to queue
[2026-06-28T17:04:00.482+0000] {logging_mixin.py:188} INFO - [2026-06-28T17:04:00.482+0000] {dagbag.py:545} INFO - Filling up the DagBag from /opt/airflow/dags/urbanmove_nightly.py
[2026-06-28T17:04:00.488+0000] {processor.py:840} INFO - DAG(s) 'urbanmove_nightly_pipeline' retrieved from /opt/airflow/dags/urbanmove_nightly.py
[2026-06-28T17:04:00.503+0000] {logging_mixin.py:188} INFO - [2026-06-28T17:04:00.502+0000] {dag.py:3096} INFO - Sync 1 DAGs
[2026-06-28T17:04:00.513+0000] {logging_mixin.py:188} INFO - [2026-06-28T17:04:00.513+0000] {dag.py:3954} INFO - Setting next_dagrun for urbanmove_nightly_pipeline to 2026-06-28 02:00:00+00:00, run_after=2026-06-29 02:00:00+00:00
[2026-06-28T17:04:00.520+0000] {processor.py:183} INFO - Processing /opt/airflow/dags/urbanmove_nightly.py took 0.045 seconds
[2026-06-28T17:04:30.679+0000] {processor.py:161} INFO - Started process (PID=755) to work on /opt/airflow/dags/urbanmove_nightly.py
[2026-06-28T17:04:30.679+0000] {processor.py:830} INFO - Processing file /opt/airflow/dags/urbanmove_nightly.py for tasks to queue
[2026-06-28T17:04:30.681+0000] {logging_mixin.py:188} INFO - [2026-06-28T17:04:30.681+0000] {dagbag.py:545} INFO - Filling up the DagBag from /opt/airflow/dags/urbanmove_nightly.py
[2026-06-28T17:04:30.690+0000] {processor.py:840} INFO - DAG(s) 'urbanmove_nightly_pipeline' retrieved from /opt/airflow/dags/urbanmove_nightly.py
[2026-06-28T17:04:30.708+0000] {logging_mixin.py:188} INFO - [2026-06-28T17:04:30.708+0000] {dag.py:3096} INFO - Sync 1 DAGs
[2026-06-28T17:04:30.718+0000] {logging_mixin.py:188} INFO - [2026-06-28T17:04:30.718+0000] {dag.py:3954} INFO - Setting next_dagrun for urbanmove_nightly_pipeline to 2026-06-28 02:00:00+00:00, run_after=2026-06-29 02:00:00+00:00
[2026-06-28T17:04:30.724+0000] {processor.py:183} INFO - Processing /opt/airflow/dags/urbanmove_nightly.py took 0.052 seconds
[2026-06-28T17:05:00.867+0000] {processor.py:161} INFO - Started process (PID=760) to work on /opt/airflow/dags/urbanmove_nightly.py
[2026-06-28T17:05:00.867+0000] {processor.py:830} INFO - Processing file /opt/airflow/dags/urbanmove_nightly.py for tasks to queue
[2026-06-28T17:05:00.868+0000] {logging_mixin.py:188} INFO - [2026-06-28T17:05:00.868+0000] {dagbag.py:545} INFO - Filling up the DagBag from /opt/airflow/dags/urbanmove_nightly.py
[2026-06-28T17:05:00.876+0000] {processor.py:840} INFO - DAG(s) 'urbanmove_nightly_pipeline' retrieved from /opt/airflow/dags/urbanmove_nightly.py
[2026-06-28T17:05:00.892+0000] {logging_mixin.py:188} INFO - [2026-06-28T17:05:00.892+0000] {dag.py:3096} INFO - Sync 1 DAGs
[2026-06-28T17:05:00.902+0000] {logging_mixin.py:188} INFO - [2026-06-28T17:05:00.902+0000] {dag.py:3954} INFO - Setting next_dagrun for urbanmove_nightly_pipeline to 2026-06-28 02:00:00+00:00, run_after=2026-06-29 02:00:00+00:00
[2026-06-28T17:05:00.908+0000] {processor.py:183} INFO - Processing /opt/airflow/dags/urbanmove_nightly.py took 0.046 seconds
[2026-06-28T17:05:31.065+0000] {processor.py:161} INFO - Started process (PID=765) to work on /opt/airflow/dags/urbanmove_nightly.py
[2026-06-28T17:05:31.066+0000] {processor.py:830} INFO - Processing file /opt/airflow/dags/urbanmove_nightly.py for tasks to queue
[2026-06-28T17:05:31.068+0000] {logging_mixin.py:188} INFO - [2026-06-28T17:05:31.067+0000] {dagbag.py:545} INFO - Filling up the DagBag from /opt/airflow/dags/urbanmove_nightly.py
[2026-06-28T17:05:31.077+0000] {processor.py:840} INFO - DAG(s) 'urbanmove_nightly_pipeline' retrieved from /opt/airflow/dags/urbanmove_nightly.py
[2026-06-28T17:05:31.094+0000] {logging_mixin.py:188} INFO - [2026-06-28T17:05:31.094+0000] {dag.py:3096} INFO - Sync 1 DAGs
[2026-06-28T17:05:31.103+0000] {logging_mixin.py:188} INFO - [2026-06-28T17:05:31.103+0000] {dag.py:3954} INFO - Setting next_dagrun for urbanmove_nightly_pipeline to 2026-06-28 02:00:00+00:00, run_after=2026-06-29 02:00:00+00:00
[2026-06-28T17:05:31.109+0000] {processor.py:183} INFO - Processing /opt/airflow/dags/urbanmove_nightly.py took 0.050 seconds
[2026-06-28T17:06:01.262+0000] {processor.py:161} INFO - Started process (PID=770) to work on /opt/airflow/dags/urbanmove_nightly.py
[2026-06-28T17:06:01.263+0000] {processor.py:830} INFO - Processing file /opt/airflow/dags/urbanmove_nightly.py for tasks to queue
[2026-06-28T17:06:01.264+0000] {logging_mixin.py:188} INFO - [2026-06-28T17:06:01.264+0000] {dagbag.py:545} INFO - Filling up the DagBag from /opt/airflow/dags/urbanmove_nightly.py
[2026-06-28T17:06:01.273+0000] {processor.py:840} INFO - DAG(s) 'urbanmove_nightly_pipeline' retrieved from /opt/airflow/dags/urbanmove_nightly.py
[2026-06-28T17:06:01.290+0000] {logging_mixin.py:188} INFO - [2026-06-28T17:06:01.290+0000] {dag.py:3096} INFO - Sync 1 DAGs
[2026-06-28T17:06:01.300+0000] {logging_mixin.py:188} INFO - [2026-06-28T17:06:01.300+0000] {dag.py:3954} INFO - Setting next_dagrun for urbanmove_nightly_pipeline to 2026-06-28 02:00:00+00:00, run_after=2026-06-29 02:00:00+00:00
[2026-06-28T17:06:01.306+0000] {processor.py:183} INFO - Processing /opt/airflow/dags/urbanmove_nightly.py took 0.049 seconds
[2026-06-28T17:06:31.472+0000] {processor.py:161} INFO - Started process (PID=775) to work on /opt/airflow/dags/urbanmove_nightly.py
[2026-06-28T17:06:31.473+0000] {processor.py:830} INFO - Processing file /opt/airflow/dags/urbanmove_nightly.py for tasks to queue
[2026-06-28T17:06:31.474+0000] {logging_mixin.py:188} INFO - [2026-06-28T17:06:31.474+0000] {dagbag.py:545} INFO - Filling up the DagBag from /opt/airflow/dags/urbanmove_nightly.py
[2026-06-28T17:06:31.483+0000] {processor.py:840} INFO - DAG(s) 'urbanmove_nightly_pipeline' retrieved from /opt/airflow/dags/urbanmove_nightly.py
[2026-06-28T17:06:31.501+0000] {logging_mixin.py:188} INFO - [2026-06-28T17:06:31.501+0000] {dag.py:3096} INFO - Sync 1 DAGs
[2026-06-28T17:06:31.510+0000] {logging_mixin.py:188} INFO - [2026-06-28T17:06:31.510+0000] {dag.py:3954} INFO - Setting next_dagrun for urbanmove_nightly_pipeline to 2026-06-28 02:00:00+00:00, run_after=2026-06-29 02:00:00+00:00
[2026-06-28T17:06:31.516+0000] {processor.py:183} INFO - Processing /opt/airflow/dags/urbanmove_nightly.py took 0.049 seconds
[2026-06-28T17:07:01.665+0000] {processor.py:161} INFO - Started process (PID=780) to work on /opt/airflow/dags/urbanmove_nightly.py
[2026-06-28T17:07:01.665+0000] {processor.py:830} INFO - Processing file /opt/airflow/dags/urbanmove_nightly.py for tasks to queue
[2026-06-28T17:07:01.667+0000] {logging_mixin.py:188} INFO - [2026-06-28T17:07:01.666+0000] {dagbag.py:545} INFO - Filling up the DagBag from /opt/airflow/dags/urbanmove_nightly.py
[2026-06-28T17:07:01.675+0000] {processor.py:840} INFO - DAG(s) 'urbanmove_nightly_pipeline' retrieved from /opt/airflow/dags/urbanmove_nightly.py
[2026-06-28T17:07:01.692+0000] {logging_mixin.py:188} INFO - [2026-06-28T17:07:01.692+0000] {dag.py:3096} INFO - Sync 1 DAGs
[2026-06-28T17:07:01.702+0000] {logging_mixin.py:188} INFO - [2026-06-28T17:07:01.702+0000] {dag.py:3954} INFO - Setting next_dagrun for urbanmove_nightly_pipeline to 2026-06-28 02:00:00+00:00, run_after=2026-06-29 02:00:00+00:00
[2026-06-28T17:07:01.708+0000] {processor.py:183} INFO - Processing /opt/airflow/dags/urbanmove_nightly.py took 0.049 seconds
[2026-06-28T17:07:31.867+0000] {processor.py:161} INFO - Started process (PID=785) to work on /opt/airflow/dags/urbanmove_nightly.py
[2026-06-28T17:07:31.868+0000] {processor.py:830} INFO - Processing file /opt/airflow/dags/urbanmove_nightly.py for tasks to queue
[2026-06-28T17:07:31.869+0000] {logging_mixin.py:188} INFO - [2026-06-28T17:07:31.869+0000] {dagbag.py:545} INFO - Filling up the DagBag from /opt/airflow/dags/urbanmove_nightly.py
[2026-06-28T17:07:31.876+0000] {processor.py:840} INFO - DAG(s) 'urbanmove_nightly_pipeline' retrieved from /opt/airflow/dags/urbanmove_nightly.py
[2026-06-28T17:07:31.892+0000] {logging_mixin.py:188} INFO - [2026-06-28T17:07:31.892+0000] {dag.py:3096} INFO - Sync 1 DAGs
[2026-06-28T17:07:31.900+0000] {logging_mixin.py:188} INFO - [2026-06-28T17:07:31.900+0000] {dag.py:3954} INFO - Setting next_dagrun for urbanmove_nightly_pipeline to 2026-06-28 02:00:00+00:00, run_after=2026-06-29 02:00:00+00:00
[2026-06-28T17:07:31.907+0000] {processor.py:183} INFO - Processing /opt/airflow/dags/urbanmove_nightly.py took 0.043 seconds
[2026-06-28T17:08:02.052+0000] {processor.py:161} INFO - Started process (PID=790) to work on /opt/airflow/dags/urbanmove_nightly.py
[2026-06-28T17:08:02.053+0000] {processor.py:830} INFO - Processing file /opt/airflow/dags/urbanmove_nightly.py for tasks to queue
[2026-06-28T17:08:02.054+0000] {logging_mixin.py:188} INFO - [2026-06-28T17:08:02.054+0000] {dagbag.py:545} INFO - Filling up the DagBag from /opt/airflow/dags/urbanmove_nightly.py
[2026-06-28T17:08:02.063+0000] {processor.py:840} INFO - DAG(s) 'urbanmove_nightly_pipeline' retrieved from /opt/airflow/dags/urbanmove_nightly.py
[2026-06-28T17:08:02.081+0000] {logging_mixin.py:188} INFO - [2026-06-28T17:08:02.081+0000] {dag.py:3096} INFO - Sync 1 DAGs
[2026-06-28T17:08:02.090+0000] {logging_mixin.py:188} INFO - [2026-06-28T17:08:02.090+0000] {dag.py:3954} INFO - Setting next_dagrun for urbanmove_nightly_pipeline to 2026-06-28 02:00:00+00:00, run_after=2026-06-29 02:00:00+00:00
[2026-06-28T17:08:02.097+0000] {processor.py:183} INFO - Processing /opt/airflow/dags/urbanmove_nightly.py took 0.051 seconds
[2026-06-28T17:08:32.212+0000] {processor.py:161} INFO - Started process (PID=795) to work on /opt/airflow/dags/urbanmove_nightly.py
[2026-06-28T17:08:32.214+0000] {processor.py:830} INFO - Processing file /opt/airflow/dags/urbanmove_nightly.py for tasks to queue
[2026-06-28T17:08:32.216+0000] {logging_mixin.py:188} INFO - [2026-06-28T17:08:32.215+0000] {dagbag.py:545} INFO - Filling up the DagBag from /opt/airflow/dags/urbanmove_nightly.py
[2026-06-28T17:08:32.224+0000] {processor.py:840} INFO - DAG(s) 'urbanmove_nightly_pipeline' retrieved from /opt/airflow/dags/urbanmove_nightly.py
[2026-06-28T17:08:32.241+0000] {logging_mixin.py:188} INFO - [2026-06-28T17:08:32.240+0000] {dag.py:3096} INFO - Sync 1 DAGs
[2026-06-28T17:08:32.252+0000] {logging_mixin.py:188} INFO - [2026-06-28T17:08:32.252+0000] {dag.py:3954} INFO - Setting next_dagrun for urbanmove_nightly_pipeline to 2026-06-28 02:00:00+00:00, run_after=2026-06-29 02:00:00+00:00
[2026-06-28T17:08:32.260+0000] {processor.py:183} INFO - Processing /opt/airflow/dags/urbanmove_nightly.py took 0.053 seconds
[2026-06-28T17:09:02.412+0000] {processor.py:161} INFO - Started process (PID=800) to work on /opt/airflow/dags/urbanmove_nightly.py
[2026-06-28T17:09:02.413+0000] {processor.py:830} INFO - Processing file /opt/airflow/dags/urbanmove_nightly.py for tasks to queue
[2026-06-28T17:09:02.415+0000] {logging_mixin.py:188} INFO - [2026-06-28T17:09:02.414+0000] {dagbag.py:545} INFO - Filling up the DagBag from /opt/airflow/dags/urbanmove_nightly.py
[2026-06-28T17:09:02.423+0000] {processor.py:840} INFO - DAG(s) 'urbanmove_nightly_pipeline' retrieved from /opt/airflow/dags/urbanmove_nightly.py
[2026-06-28T17:09:02.440+0000] {logging_mixin.py:188} INFO - [2026-06-28T17:09:02.440+0000] {dag.py:3096} INFO - Sync 1 DAGs
[2026-06-28T17:09:02.450+0000] {logging_mixin.py:188} INFO - [2026-06-28T17:09:02.450+0000] {dag.py:3954} INFO - Setting next_dagrun for urbanmove_nightly_pipeline to 2026-06-28 02:00:00+00:00, run_after=2026-06-29 02:00:00+00:00
[2026-06-28T17:09:02.456+0000] {processor.py:183} INFO - Processing /opt/airflow/dags/urbanmove_nightly.py took 0.049 seconds
[2026-06-28T17:09:32.607+0000] {processor.py:161} INFO - Started process (PID=805) to work on /opt/airflow/dags/urbanmove_nightly.py
[2026-06-28T17:09:32.608+0000] {processor.py:830} INFO - Processing file /opt/airflow/dags/urbanmove_nightly.py for tasks to queue
[2026-06-28T17:09:32.609+0000] {logging_mixin.py:188} INFO - [2026-06-28T17:09:32.609+0000] {dagbag.py:545} INFO - Filling up the DagBag from /opt/airflow/dags/urbanmove_nightly.py
[2026-06-28T17:09:32.618+0000] {processor.py:840} INFO - DAG(s) 'urbanmove_nightly_pipeline' retrieved from /opt/airflow/dags/urbanmove_nightly.py
[2026-06-28T17:09:32.635+0000] {logging_mixin.py:188} INFO - [2026-06-28T17:09:32.634+0000] {dag.py:3096} INFO - Sync 1 DAGs
[2026-06-28T17:09:32.644+0000] {logging_mixin.py:188} INFO - [2026-06-28T17:09:32.644+0000] {dag.py:3954} INFO - Setting next_dagrun for urbanmove_nightly_pipeline to 2026-06-28 02:00:00+00:00, run_after=2026-06-29 02:00:00+00:00
[2026-06-28T17:09:32.650+0000] {processor.py:183} INFO - Processing /opt/airflow/dags/urbanmove_nightly.py took 0.048 seconds
